"Economy","Indicator","2014","2015","2016","2017","2018","2019","2020","2021","2022","2023","2024","2025"
"Afghanistan","National entity responsible for cloud computing","-","-","-","-","No","No","No","-","-","-","-","-"
"Afghanistan","Cloud computing policies","-","-","-","-","Yes","Yes","Yes","-","-","-","-","-"
"Afghanistan","Internet recognized as a legal right","-","-","-","-","-","Yes","Yes","Yes","No","-","-","-"
"Afghanistan","National strategy, policy or initiative focusing on emerging technologies","-","-","-","-","-","No such strategy is in place","No such strategy is in place","No such strategy is in place","-","-","-","-"
"Albania","National entity responsible for cloud computing","-","-","No","No","No","No","No","-","-","-","-","-"
"Albania","Cloud computing policies","-","-","No","No","No","No","No","-","-","-","-","-"
"Albania","Internet recognized as a legal right","-","-","-","-","-","-","-","-","-","-","Yes","-"
"Albania","National strategy, policy or initiative focusing on emerging technologies","-","-","-","-","-","5G/6G","-","-","-","-","Artificial intelligence","-"
"Algeria","National entity responsible for cloud computing","-","-","Yes","Yes","Yes","Yes","Yes","-","-","-","-","-"
"Algeria","Cloud computing policies","-","-","Yes","Yes","Yes","Yes","Yes","-","-","-","-","-"
"Algeria","Internet recognized as a legal right","-","-","-","-","-","-","-","-","Yes","-","-","-"
"Algeria","National strategy, policy or initiative focusing on emerging technologies","-","-","-","-","-","-","-","-","Artificial intelligence, 5G/6G","-","-","-"
"Andorra","National entity responsible for cloud computing","-","-","Yes","-","-","-","-","-","-","-","-","-"
"Andorra","Cloud computing policies","-","-","No","-","-","-","-","-","-","-","-","-"
"Andorra","Internet recognized as a legal right","-","-","-","-","-","-","-","-","-","-","-","-"
"Andorra","National strategy, policy or initiative focusing on emerging technologies","-","-","-","-","-","-","-","-","-","-","-","-"
"Angola","National entity responsible for cloud computing","-","-","-","-","-","-","No","-","-","-","-","-"
"Angola","Cloud computing policies","-","-","-","-","-","-","No","-","-","-","-","-"
"Angola","Internet recognized as a legal right","-","-","-","-","-","-","Yes","Yes","-","-","-","-"
"Angola","National strategy, policy or initiative focusing on emerging technologies","-","-","-","-","-","-","-","-","-","-","-","-"
"Argentina","National entity responsible for cloud computing","-","-","-","-","No","No","No","-","-","-","-","-"
"Argentina","Cloud computing policies","-","-","-","-","-","-","-","-","-","-","-","-"
"Argentina","Internet recognized as a legal right","-","-","-","-","-","-","-","-","Yes","-","-","-"
"Argentina","National strategy, policy or initiative focusing on emerging technologies","-","-","-","-","-","5G/6G, Internet of Things, Artificial intelligence","-","-","-","-","-","-"
"Armenia","National entity responsible for cloud computing","-","-","No","-","No","No","No","-","-","-","-","-"
"Armenia","Cloud computing policies","-","-","No","-","No","No","No","-","-","-","-","-"
"Armenia","Internet recognized as a legal right","-","-","-","-","-","No","No","No","No","-","-","-"
"Armenia","National strategy, policy or initiative focusing on emerging technologies","-","-","-","-","-","No such strategy is in place","No such strategy is in place","No such strategy is in place","No such strategy is in place","-","-","-"
"Australia","National entity responsible for cloud computing","-","-","-","Yes","Yes","Yes","Yes","-","-","-","-","-"
"Australia","Cloud computing policies","-","-","-","No","Yes","Yes","Yes","-","-","-","-","-"
"Australia","Internet recognized as a legal right","-","-","-","-","-","No","No","No","No","-","No","-"
"Australia","National strategy, policy or initiative focusing on emerging technologies","-","-","-","-","-","No such strategy is in place","No such strategy is in place","No such strategy is in place","Blockchain, Artificial intelligence","-","5G/6G, Digital currencies, Blockchain, Automation/robotics, Internet of Things, Artificial intelligence","-"
"Austria","National entity responsible for cloud computing","-","-","No","No","No","No","-","-","-","-","-","-"
"Austria","Cloud computing policies","-","-","No","No","No","No","-","-","-","-","-","-"
"Austria","Internet recognized as a legal right","-","-","-","-","-","No","-","-","Yes","-","-","-"
"Austria","National strategy, policy or initiative focusing on emerging technologies","-","-","-","-","-","5G/6G","-","-","5G/6G, Artificial intelligence","-","-","-"
"Azerbaijan","National entity responsible for cloud computing","-","-","Yes","Yes","No","No","Yes","-","-","-","-","-"
"Azerbaijan","Cloud computing policies","-","-","No","No","Yes","Yes","Yes","-","-","-","-","-"
"Azerbaijan","Internet recognized as a legal right","-","-","-","-","-","Yes","-","-","Yes","-","-","-"
"Azerbaijan","National strategy, policy or initiative focusing on emerging technologies","-","-","-","-","-","-","-","-","Artificial intelligence, Internet of Things","-","-","-"
"Bahamas","National entity responsible for cloud computing","-","-","Yes","Yes","Yes","No","No","-","-","-","-","-"
"Bahamas","Cloud computing policies","-","-","-","-","-","No","No","-","-","-","-","-"
"Bahamas","Internet recognized as a legal right","-","-","-","-","-","No","No","No","No","-","-","-"
"Bahamas","National strategy, policy or initiative focusing on emerging technologies","-","-","-","-","-","No such strategy is in place","No such strategy is in place","No such strategy is in place","-","-","-","-"
"Bangladesh","National entity responsible for cloud computing","-","-","-","-","Yes","-","No","-","-","-","-","-"
"Bangladesh","Cloud computing policies","-","-","-","-","No","-","No","-","-","-","-","-"
"Bangladesh","Internet recognized as a legal right","-","-","-","-","-","-","-","-","No","-","-","-"
"Bangladesh","National strategy, policy or initiative focusing on emerging technologies","-","-","-","-","-","-","5G/6G, Internet of Things","Internet of Things, 5G/6G","5G/6G","-","-","-"
"Belarus","National entity responsible for cloud computing","-","-","-","-","No","-","No","-","-","-","-","-"
"Belarus","Cloud computing policies","-","-","-","-","No","-","No","-","-","-","-","-"
"Belarus","Internet recognized as a legal right","-","-","-","-","-","-","No","No","No","-","-","-"
"Belarus","National strategy, policy or initiative focusing on emerging technologies","-","-","-","-","-","-","5G/6G","5G/6G","5G/6G","-","-","-"
"Belgium","National entity responsible for cloud computing","-","-","No","No","No","No","-","-","-","-","-","-"
"Belgium","Cloud computing policies","-","-","-","-","-","-","-","-","-","-","-","-"
"Belgium","Internet recognized as a legal right","-","-","-","-","-","Yes","Yes","Yes","Yes","-","Yes","-"
"Belgium","National strategy, policy or initiative focusing on emerging technologies","-","-","-","-","-","5G/6G","No such strategy is in place","No such strategy is in place","5G/6G, Internet of Things, Artificial intelligence","-","No such strategy is in place","-"
"Benin","National entity responsible for cloud computing","-","-","No","-","-","No","No","-","-","-","-","-"
"Benin","Cloud computing policies","-","-","No","-","-","No","No","-","-","-","-","-"
"Benin","Internet recognized as a legal right","-","-","-","-","-","-","Yes","Yes","Yes","-","-","-"
"Benin","National strategy, policy or initiative focusing on emerging technologies","-","-","-","-","-","-","Internet of Things","Internet of Things","5G/6G, Other, Internet of Things","-","-","-"
"Bhutan","National entity responsible for cloud computing","-","-","No","-","-","-","-","-","-","-","-","-"
"Bhutan","Cloud computing policies","-","-","No","-","-","-","-","-","-","-","-","-"
"Bhutan","Internet recognized as a legal right","-","-","-","-","-","-","-","-","-","-","-","-"
"Bhutan","National strategy, policy or initiative focusing on emerging technologies","-","-","-","-","-","-","-","-","-","-","-","-"
"Bolivia (Plurinational State of)","National entity responsible for cloud computing","-","-","-","-","-","-","-","-","-","-","-","-"
"Bolivia (Plurinational State of)","Cloud computing policies","-","-","-","-","-","No","-","-","-","-","-","-"
"Bolivia (Plurinational State of)","Internet recognized as a legal right","-","-","-","-","-","Yes","-","-","Yes","-","-","-"
"Bolivia (Plurinational State of)","National strategy, policy or initiative focusing on emerging technologies","-","-","-","-","-","No such strategy is in place","-","-","5G/6G, Internet of Things, Blockchain, Digital currencies","-","-","-"
"Bosnia and Herzegovina","National entity responsible for cloud computing","-","-","-","-","Yes","Yes","Yes","-","-","-","-","-"
"Bosnia and Herzegovina","Cloud computing policies","-","-","-","-","No","No","No","-","-","-","-","-"
"Bosnia and Herzegovina","Internet recognized as a legal right","-","-","-","-","-","No","No","No","No","-","No","-"
"Bosnia and Herzegovina","National strategy, policy or initiative focusing on emerging technologies","-","-","-","-","-","No such strategy is in place","No such strategy is in place","No such strategy is in place","No such strategy is in place","-","No such strategy is in place","-"
"Botswana","National entity responsible for cloud computing","-","-","-","-","-","No","No","-","-","-","-","-"
"Botswana","Cloud computing policies","-","-","-","-","-","No","No","-","-","-","-","-"
"Botswana","Internet recognized as a legal right","-","-","-","-","-","No","-","-","No","-","No","-"
"Botswana","National strategy, policy or initiative focusing on emerging technologies","-","-","-","-","-","No such strategy is in place","-","-","-","-","No such strategy is in place","-"
"Brazil","National entity responsible for cloud computing","-","-","No","No","No","No","No","-","-","-","-","-"
"Brazil","Cloud computing policies","-","-","Yes","Yes","Yes","Yes","Yes","-","-","-","-","-"
"Brazil","Internet recognized as a legal right","-","-","-","-","-","No","No","No","No","-","Yes","-"
"Brazil","National strategy, policy or initiative focusing on emerging technologies","-","-","-","-","-","-","Internet of Things","Internet of Things","5G/6G, Internet of Things","-","5G/6G, Internet of Things","-"
"Brunei Darussalam","National entity responsible for cloud computing","-","-","-","-","No","No","-","-","-","-","-","-"
"Brunei Darussalam","Cloud computing policies","-","-","-","-","No","No","-","-","-","-","-","-"
"Brunei Darussalam","Internet recognized as a legal right","-","-","-","-","-","-","-","-","No","-","-","-"
"Brunei Darussalam","National strategy, policy or initiative focusing on emerging technologies","-","-","-","-","-","-","-","-","No such strategy is in place","-","-","-"
"Bulgaria","National entity responsible for cloud computing","-","-","No","No","No","No","No","-","-","-","-","-"
"Bulgaria","Cloud computing policies","-","-","Yes","Yes","Yes","Yes","Yes","-","-","-","-","-"
"Bulgaria","Internet recognized as a legal right","-","-","-","-","-","-","-","-","No","-","-","-"
"Bulgaria","National strategy, policy or initiative focusing on emerging technologies","-","-","-","-","-","-","-","-","5G/6G, Artificial intelligence","-","-","-"
"Burkina Faso","National entity responsible for cloud computing","-","-","-","No","No","No","-","-","-","-","-","-"
"Burkina Faso","Cloud computing policies","-","-","-","No","Yes","Yes","-","-","-","-","-","-"
"Burkina Faso","Internet recognized as a legal right","-","-","-","-","-","-","-","-","No","-","-","-"
"Burkina Faso","National strategy, policy or initiative focusing on emerging technologies","-","-","-","-","-","-","-","-","-","-","-","-"
"Burundi","National entity responsible for cloud computing","-","-","No","-","No","No","No","-","-","-","-","-"
"Burundi","Cloud computing policies","-","-","No","-","No","No","No","-","-","-","-","-"
"Burundi","Internet recognized as a legal right","-","-","-","-","-","Yes","No","No","No","-","-","-"
"Burundi","National strategy, policy or initiative focusing on emerging technologies","-","-","-","-","-","No such strategy is in place","Other","Other","-","-","-","-"
"Cabo Verde","National entity responsible for cloud computing","-","-","-","-","-","No","No","-","-","-","-","-"
"Cabo Verde","Cloud computing policies","-","-","-","-","-","No","No","-","-","-","-","-"
"Cabo Verde","Internet recognized as a legal right","-","-","-","-","-","Yes","Yes","Yes","Yes","-","-","-"
"Cabo Verde","National strategy, policy or initiative focusing on emerging technologies","-","-","-","-","-","No such strategy is in place","-","-","-","-","-","-"
"Cambodia","National entity responsible for cloud computing","-","-","-","Yes","Yes","No","No","-","-","-","-","-"
"Cambodia","Cloud computing policies","-","-","-","No","No","No","No","-","-","-","-","-"
"Cambodia","Internet recognized as a legal right","-","-","-","-","-","No","No","No","No","-","-","-"
"Cambodia","National strategy, policy or initiative focusing on emerging technologies","-","-","-","-","-","No such strategy is in place","Other","Other","Other","-","-","-"
"Cameroon","National entity responsible for cloud computing","-","-","-","-","-","No","No","-","-","-","-","-"
"Cameroon","Cloud computing policies","-","-","-","-","-","No","No","-","-","-","-","-"
"Cameroon","Internet recognized as a legal right","-","-","-","-","-","No","No","No","-","-","No","-"
"Cameroon","National strategy, policy or initiative focusing on emerging technologies","-","-","-","-","-","Other","Other, No such strategy is in place","Other, No such strategy is in place","-","-","-","-"
"Canada","National entity responsible for cloud computing","-","-","-","-","-","-","-","-","-","-","-","-"
"Canada","Cloud computing policies","-","-","-","-","-","-","-","-","-","-","-","-"
"Canada","Internet recognized as a legal right","-","-","-","-","-","No","-","-","-","-","-","-"
"Canada","National strategy, policy or initiative focusing on emerging technologies","-","-","-","-","-","-","-","-","-","-","-","-"
"Central African Rep.","National entity responsible for cloud computing","-","-","-","-","-","No","No","-","-","-","-","-"
"Central African Rep.","Cloud computing policies","-","-","-","-","-","No","No","-","-","-","-","-"
"Central African Rep.","Internet recognized as a legal right","-","-","-","-","-","-","-","-","-","-","-","-"
"Central African Rep.","National strategy, policy or initiative focusing on emerging technologies","-","-","-","-","-","No such strategy is in place","-","-","-","-","-","-"
"Chad","National entity responsible for cloud computing","-","-","Yes","-","-","-","-","-","-","-","-","-"
"Chad","Cloud computing policies","-","-","No","-","-","-","-","-","-","-","-","-"
"Chad","Internet recognized as a legal right","-","-","-","-","-","-","-","-","-","-","-","-"
"Chad","National strategy, policy or initiative focusing on emerging technologies","-","-","-","-","-","-","-","-","-","-","-","-"
"Chile","National entity responsible for cloud computing","-","-","-","-","Yes","Yes","Yes","-","-","-","-","-"
"Chile","Cloud computing policies","-","-","-","-","-","-","-","-","-","-","-","-"
"Chile","Internet recognized as a legal right","-","-","-","-","-","No","No","No","No","-","-","-"
"Chile","National strategy, policy or initiative focusing on emerging technologies","-","-","-","-","-","5G/6G","5G/6G","5G/6G","5G/6G","-","-","-"
"China","National entity responsible for cloud computing","-","-","-","-","Yes","Yes","Yes","-","-","-","-","-"
"China","Cloud computing policies","-","-","-","-","Yes","Yes","Yes","-","-","-","-","-"
"China","Internet recognized as a legal right","-","-","-","-","-","No","-","-","-","-","-","-"
"China","National strategy, policy or initiative focusing on emerging technologies","-","-","-","-","-","5G/6G, Artificial intelligence, Internet of Things","-","-","5G/6G, Artificial intelligence, Internet of Things, Automation/robotics, Blockchain","-","Automation/robotics, Blockchain, Internet of Things, Artificial intelligence, Other, 5G/6G","-"
"Colombia","National entity responsible for cloud computing","-","-","-","-","No","No","No","-","-","-","-","-"
"Colombia","Cloud computing policies","-","-","-","-","No","No","Yes","-","-","-","-","-"
"Colombia","Internet recognized as a legal right","-","-","-","-","-","No","No","No","No","-","Yes","-"
"Colombia","National strategy, policy or initiative focusing on emerging technologies","-","-","-","-","-","5G/6G","5G/6G, Internet of Things, Artificial intelligence","5G/6G, Artificial intelligence, Internet of Things","5G/6G, Artificial intelligence, Internet of Things, Blockchain","-","5G/6G, Artificial intelligence","-"
"Comoros","National entity responsible for cloud computing","-","-","No","-","No","No","-","-","-","-","-","-"
"Comoros","Cloud computing policies","-","-","No","-","No","No","-","-","-","-","-","-"
"Comoros","Internet recognized as a legal right","-","-","-","-","-","-","-","-","-","-","-","-"
"Comoros","National strategy, policy or initiative focusing on emerging technologies","-","-","-","-","-","-","-","-","-","-","-","-"
"Congo (Rep. of the)","National entity responsible for cloud computing","-","-","-","No","No","No","Yes","-","-","-","-","-"
"Congo (Rep. of the)","Cloud computing policies","-","-","-","No","No","No","Yes","-","-","-","-","-"
"Congo (Rep. of the)","Internet recognized as a legal right","-","-","-","-","-","-","Yes","Yes","Yes","-","Yes","-"
"Congo (Rep. of the)","National strategy, policy or initiative focusing on emerging technologies","-","-","-","-","-","-","No such strategy is in place","No such strategy is in place","Artificial intelligence","-","No such strategy is in place","-"
"Costa Rica","National entity responsible for cloud computing","-","-","No","No","No","No","No","-","-","-","-","-"
"Costa Rica","Cloud computing policies","-","-","No","No","No","No","No","-","-","-","-","-"
"Costa Rica","Internet recognized as a legal right","-","-","-","-","-","Yes","Yes","Yes","Yes","-","Yes","-"
"Costa Rica","National strategy, policy or initiative focusing on emerging technologies","-","-","-","-","-","5G/6G, Internet of Things","5G/6G, Internet of Things","Internet of Things, 5G/6G","Artificial intelligence, Internet of Things, Blockchain, 5G/6G","-","5G/6G, Internet of Things","-"
"Croatia","National entity responsible for cloud computing","-","-","No","No","No","No","No","-","-","-","-","-"
"Croatia","Cloud computing policies","-","-","No","No","No","No","No","-","-","-","-","-"
"Croatia","Internet recognized as a legal right","-","-","-","-","-","-","Yes","Yes","Yes","-","-","-"
"Croatia","National strategy, policy or initiative focusing on emerging technologies","-","-","-","-","-","-","No such strategy is in place","No such strategy is in place","5G/6G","-","-","-"
"Cuba","National entity responsible for cloud computing","-","-","-","-","Yes","Yes","Yes","-","-","-","-","-"
"Cuba","Cloud computing policies","-","-","-","-","No","No","No","-","-","-","-","-"
"Cuba","Internet recognized as a legal right","-","-","-","-","-","-","-","-","Yes","-","-","-"
"Cuba","National strategy, policy or initiative focusing on emerging technologies","-","-","-","-","-","-","No such strategy is in place","No such strategy is in place","No such strategy is in place","-","-","-"
"Cyprus","National entity responsible for cloud computing","-","-","No","No","No","No","No","-","-","-","-","-"
"Cyprus","Cloud computing policies","-","-","No","No","No","No","No","-","-","-","-","-"
"Cyprus","Internet recognized as a legal right","-","-","-","-","-","No","No","No","No","-","No","-"
"Cyprus","National strategy, policy or initiative focusing on emerging technologies","-","-","-","-","-","No such strategy is in place","5G/6G","5G/6G","Blockchain, Artificial intelligence, 5G/6G","-","Artificial intelligence, Blockchain","-"
"Czech Republic","National entity responsible for cloud computing","-","-","-","-","No","No","-","-","-","-","-","-"
"Czech Republic","Cloud computing policies","-","-","-","-","No","No","-","-","-","-","-","-"
"Czech Republic","Internet recognized as a legal right","-","-","-","-","-","No","No","No","No","-","No","-"
"Czech Republic","National strategy, policy or initiative focusing on emerging technologies","-","-","-","-","-","No such strategy is in place","Other","Other","Other","-","Other","-"
"Denmark","National entity responsible for cloud computing","-","-","-","-","-","No","-","-","-","-","-","-"
"Denmark","Cloud computing policies","-","-","-","-","-","-","-","-","-","-","-","-"
"Denmark","Internet recognized as a legal right","-","-","-","-","-","No","-","-","-","-","-","-"
"Denmark","National strategy, policy or initiative focusing on emerging technologies","-","-","-","-","-","5G/6G, Other","-","-","-","-","-","-"
"Dominica","National entity responsible for cloud computing","-","-","No","-","-","-","-","-","-","-","-","-"
"Dominica","Cloud computing policies","-","-","No","-","-","-","-","-","-","-","-","-"
"Dominica","Internet recognized as a legal right","-","-","-","-","-","-","-","-","-","-","-","-"
"Dominica","National strategy, policy or initiative focusing on emerging technologies","-","-","-","-","-","-","-","-","-","-","-","-"
"Dominican Rep.","National entity responsible for cloud computing","-","-","No","No","No","No","No","-","-","-","-","-"
"Dominican Rep.","Cloud computing policies","-","-","No","No","No","No","Yes","-","-","-","-","-"
"Dominican Rep.","Internet recognized as a legal right","-","-","-","-","-","No","Yes","Yes","Yes","-","-","-"
"Dominican Rep.","National strategy, policy or initiative focusing on emerging technologies","-","-","-","-","-","No such strategy is in place","No such strategy is in place","No such strategy is in place","No such strategy is in place","-","-","-"
"Ecuador","National entity responsible for cloud computing","-","-","-","-","No","-","-","-","-","-","-","-"
"Ecuador","Cloud computing policies","-","-","-","-","No","-","-","-","-","-","-","-"
"Ecuador","Internet recognized as a legal right","-","-","-","-","-","-","Yes","Yes","-","-","-","-"
"Ecuador","National strategy, policy or initiative focusing on emerging technologies","-","-","-","-","-","-","No such strategy is in place","No such strategy is in place","-","-","-","-"
"Egypt","National entity responsible for cloud computing","-","-","-","-","-","Yes","Yes","-","-","-","-","-"
"Egypt","Cloud computing policies","-","-","-","-","-","Yes","Yes","-","-","-","-","-"
"Egypt","Internet recognized as a legal right","-","-","-","-","-","-","No","No","No","-","Yes","-"
"Egypt","National strategy, policy or initiative focusing on emerging technologies","-","-","-","-","-","No such strategy is in place","Other, Artificial intelligence","Other, Artificial intelligence","Other, Artificial intelligence, Internet of Things","-","5G/6G, Artificial intelligence, Internet of Things, Digital currencies","-"
"Equatorial Guinea","National entity responsible for cloud computing","-","-","No","-","Yes","Yes","Yes","-","-","-","-","-"
"Equatorial Guinea","Cloud computing policies","-","-","No","-","No","No","Yes","-","-","-","-","-"
"Equatorial Guinea","Internet recognized as a legal right","-","-","-","-","-","-","No","No","No","-","-","-"
"Equatorial Guinea","National strategy, policy or initiative focusing on emerging technologies","-","-","-","-","-","-","No such strategy is in place","No such strategy is in place","Automation/robotics, Blockchain, Digital currencies, Artificial intelligence, Internet of Things, 5G/6G","-","-","-"
"Estonia","National entity responsible for cloud computing","-","-","No","No","No","No","No","-","-","-","-","-"
"Estonia","Cloud computing policies","-","-","No","No","No","No","No","-","-","-","-","-"
"Estonia","Internet recognized as a legal right","-","-","-","-","-","No","No","No","No","-","-","-"
"Estonia","National strategy, policy or initiative focusing on emerging technologies","-","-","-","-","-","5G/6G, Internet of Things, Artificial intelligence","5G/6G","5G/6G","5G/6G","-","-","-"
"Eswatini","National entity responsible for cloud computing","-","-","-","-","No","No","-","-","-","-","-","-"
"Eswatini","Cloud computing policies","-","-","-","-","No","No","-","-","-","-","-","-"
"Eswatini","Internet recognized as a legal right","-","-","-","-","-","-","-","-","-","-","-","-"
"Eswatini","National strategy, policy or initiative focusing on emerging technologies","-","-","-","-","-","-","-","-","-","-","-","-"
"Ethiopia","National entity responsible for cloud computing","-","-","Yes","-","Yes","-","-","-","-","-","-","-"
"Ethiopia","Cloud computing policies","-","-","Yes","-","Yes","-","-","-","-","-","-","-"
"Ethiopia","Internet recognized as a legal right","-","-","-","-","-","-","-","-","-","-","-","-"
"Ethiopia","National strategy, policy or initiative focusing on emerging technologies","-","-","-","-","-","-","-","-","-","-","-","-"
"Finland","National entity responsible for cloud computing","-","-","-","Yes","Yes","Yes","Yes","-","-","-","-","-"
"Finland","Cloud computing policies","-","-","-","No","No","No","Yes","-","-","-","-","-"
"Finland","Internet recognized as a legal right","-","-","-","-","-","Yes","Yes","Yes","Yes","-","Yes","-"
"Finland","National strategy, policy or initiative focusing on emerging technologies","-","-","-","-","-","5G/6G, Other","5G/6G","5G/6G","5G/6G","-","-","-"
"France","National entity responsible for cloud computing","-","-","No","No","No","No","No","-","-","-","-","-"
"France","Cloud computing policies","-","-","No","No","No","No","No","-","-","-","-","-"
"France","Internet recognized as a legal right","-","-","-","-","-","No","No","No","Yes","-","No","-"
"France","National strategy, policy or initiative focusing on emerging technologies","-","-","-","-","-","5G/6G, Artificial intelligence, Internet of Things","5G/6G, Artificial intelligence, Internet of Things","5G/6G, Artificial intelligence, Internet of Things","5G/6G, Internet of Things, Artificial intelligence","-","5G/6G, Digital currencies, Blockchain, Artificial intelligence","-"
"Gabon","National entity responsible for cloud computing","-","-","-","No","No","No","No","-","-","-","-","-"
"Gabon","Cloud computing policies","-","-","-","No","No","No","No","-","-","-","-","-"
"Gabon","Internet recognized as a legal right","-","-","-","-","-","-","Yes","Yes","Yes","-","-","-"
"Gabon","National strategy, policy or initiative focusing on emerging technologies","-","-","-","-","-","No such strategy is in place","No such strategy is in place","No such strategy is in place","No such strategy is in place","-","-","-"
"Gambia","National entity responsible for cloud computing","-","-","-","-","-","-","-","-","-","-","-","-"
"Gambia","Cloud computing policies","-","-","-","-","-","-","-","-","-","-","-","-"
"Gambia","Internet recognized as a legal right","-","-","-","-","-","-","-","-","-","-","No","-"
"Gambia","National strategy, policy or initiative focusing on emerging technologies","-","-","-","-","-","-","-","-","-","-","-","-"
"Georgia","National entity responsible for cloud computing","-","-","No","No","No","No","No","-","-","-","-","-"
"Georgia","Cloud computing policies","-","-","No","No","No","No","No","-","-","-","-","-"
"Georgia","Internet recognized as a legal right","-","-","-","-","-","-","-","-","Yes","-","Yes","-"
"Georgia","National strategy, policy or initiative focusing on emerging technologies","-","-","-","-","-","-","-","-","5G/6G","-","-","-"
"Germany","National entity responsible for cloud computing","-","-","No","-","No","No","No","-","-","-","-","-"
"Germany","Cloud computing policies","-","-","No","-","Yes","Yes","Yes","-","-","-","-","-"
"Germany","Internet recognized as a legal right","-","-","-","-","-","Yes","Yes","Yes","Yes","-","Yes","-"
"Germany","National strategy, policy or initiative focusing on emerging technologies","-","-","-","-","-","5G/6G, Internet of Things, Artificial intelligence","Other, Artificial intelligence, Internet of Things, 5G/6G","5G/6G, Internet of Things, Other, Artificial intelligence","5G/6G, Internet of Things, Artificial intelligence, Blockchain","-","5G/6G, Blockchain, Artificial intelligence","-"
"Ghana","National entity responsible for cloud computing","-","-","-","-","-","-","-","-","-","-","-","-"
"Ghana","Cloud computing policies","-","-","-","-","-","-","-","-","-","-","-","-"
"Ghana","Internet recognized as a legal right","-","-","-","-","-","-","-","-","-","-","No","-"
"Ghana","National strategy, policy or initiative focusing on emerging technologies","-","-","-","-","-","-","-","-","-","-","Other, 5G/6G","-"
"Greece","National entity responsible for cloud computing","-","-","No","No","No","No","No","-","-","-","-","-"
"Greece","Cloud computing policies","-","-","-","-","-","No","No","-","-","-","-","-"
"Greece","Internet recognized as a legal right","-","-","-","-","-","-","-","-","Yes","-","-","-"
"Greece","National strategy, policy or initiative focusing on emerging technologies","-","-","-","-","-","Other","-","-","5G/6G","-","-","-"
"Grenada","National entity responsible for cloud computing","-","-","-","-","-","-","No","-","-","-","-","-"
"Grenada","Cloud computing policies","-","-","-","-","-","-","No","-","-","-","-","-"
"Grenada","Internet recognized as a legal right","-","-","-","-","-","-","-","-","-","-","-","-"
"Grenada","National strategy, policy or initiative focusing on emerging technologies","-","-","-","-","-","-","No such strategy is in place","No such strategy is in place","No such strategy is in place","-","-","-"
"Guatemala","National entity responsible for cloud computing","-","-","No","No","No","No","No","-","-","-","-","-"
"Guatemala","Cloud computing policies","-","-","-","-","No","No","No","-","-","-","-","-"
"Guatemala","Internet recognized as a legal right","-","-","-","-","-","-","No","No","No","-","No","-"
"Guatemala","National strategy, policy or initiative focusing on emerging technologies","-","-","-","-","-","-","No such strategy is in place","No such strategy is in place","No such strategy is in place","-","-","-"
"Guinea","National entity responsible for cloud computing","-","-","Yes","Yes","Yes","-","-","-","-","-","-","-"
"Guinea","Cloud computing policies","-","-","No","No","No","-","-","-","-","-","-","-"
"Guinea","Internet recognized as a legal right","-","-","-","-","-","-","-","-","-","-","-","-"
"Guinea","National strategy, policy or initiative focusing on emerging technologies","-","-","-","-","-","-","-","-","-","-","-","-"
"Guyana","National entity responsible for cloud computing","-","-","-","-","-","No","No","-","-","-","-","-"
"Guyana","Cloud computing policies","-","-","-","-","-","-","No","-","-","-","-","-"
"Guyana","Internet recognized as a legal right","-","-","-","-","-","No","-","-","-","-","-","-"
"Guyana","National strategy, policy or initiative focusing on emerging technologies","-","-","-","-","-","No such strategy is in place","No such strategy is in place","No such strategy is in place","-","-","-","-"
"Haiti","National entity responsible for cloud computing","-","-","-","-","-","No","-","-","-","-","-","-"
"Haiti","Cloud computing policies","-","-","-","-","-","No","-","-","-","-","-","-"
"Haiti","Internet recognized as a legal right","-","-","-","-","-","-","-","-","-","-","-","-"
"Haiti","National strategy, policy or initiative focusing on emerging technologies","-","-","-","-","-","-","-","-","-","-","-","-"
"Honduras","National entity responsible for cloud computing","-","-","-","-","No","No","No","-","-","-","-","-"
"Honduras","Cloud computing policies","-","-","-","-","No","No","No","-","-","-","-","-"
"Honduras","Internet recognized as a legal right","-","-","-","-","-","-","No","No","-","-","-","-"
"Honduras","National strategy, policy or initiative focusing on emerging technologies","-","-","-","-","-","-","No such strategy is in place","No such strategy is in place","-","-","-","-"
"Hong Kong, China","National entity responsible for cloud computing","-","-","-","-","No","No","No","-","-","-","-","-"
"Hong Kong, China","Cloud computing policies","-","-","-","-","No","No","No","-","-","-","-","-"
"Hong Kong, China","Internet recognized as a legal right","-","-","-","-","-","-","-","-","-","-","-","-"
"Hong Kong, China","National strategy, policy or initiative focusing on emerging technologies","-","-","-","-","-","-","-","-","-","-","-","-"
"Hungary","National entity responsible for cloud computing","-","-","-","-","No","No","No","-","-","-","-","-"
"Hungary","Cloud computing policies","-","-","-","-","No","No","No","-","-","-","-","-"
"Hungary","Internet recognized as a legal right","-","-","-","-","-","No","-","-","-","-","-","-"
"Hungary","National strategy, policy or initiative focusing on emerging technologies","-","-","-","-","-","No such strategy is in place","Other","Other","Other","-","-","-"
"Iceland","National entity responsible for cloud computing","-","-","No","No","No","Yes","Yes","-","-","-","-","-"
"Iceland","Cloud computing policies","-","-","No","No","No","No","No","-","-","-","-","-"
"Iceland","Internet recognized as a legal right","-","-","-","-","-","-","-","-","No","-","No","-"
"Iceland","National strategy, policy or initiative focusing on emerging technologies","-","-","-","-","-","-","-","-","-","-","-","-"
"India","National entity responsible for cloud computing","-","-","-","-","-","-","Yes","-","-","-","-","-"
"India","Cloud computing policies","-","-","-","-","-","-","Yes","-","-","-","-","-"
"India","Internet recognized as a legal right","-","-","-","-","-","No","No","No","No","-","No","-"
"India","National strategy, policy or initiative focusing on emerging technologies","-","-","-","-","-","5G/6G, Artificial intelligence, Internet of Things","Internet of Things, Artificial intelligence, 5G/6G","Artificial intelligence, Internet of Things, 5G/6G","5G/6G, Internet of Things, Artificial intelligence, Other, Digital currencies, Blockchain, Automation/robotics","-","5G/6G, Internet of Things, Other, Artificial intelligence, Digital currencies, Blockchain, Automation/robotics","-"
"Indonesia","National entity responsible for cloud computing","-","-","Yes","Yes","Yes","-","Yes","-","-","-","-","-"
"Indonesia","Cloud computing policies","-","-","No","No","No","-","No","-","-","-","-","-"
"Indonesia","Internet recognized as a legal right","-","-","-","-","-","-","-","-","Yes","-","Yes","-"
"Indonesia","National strategy, policy or initiative focusing on emerging technologies","-","-","-","-","-","-","-","-","5G/6G, Internet of Things, Artificial intelligence","-","5G/6G","-"
"Iran (Islamic Republic of)","National entity responsible for cloud computing","-","-","No","-","No","No","No","-","-","-","-","-"
"Iran (Islamic Republic of)","Cloud computing policies","-","-","No","No","No","No","No","-","-","-","-","-"
"Iran (Islamic Republic of)","Internet recognized as a legal right","-","-","-","-","-","-","Yes","Yes","Yes","-","-","-"
"Iran (Islamic Republic of)","National strategy, policy or initiative focusing on emerging technologies","-","-","-","-","-","-","5G/6G, Internet of Things","5G/6G, Internet of Things","5G/6G, Blockchain, Digital currencies, Internet of Things","-","-","-"
"Iraq","National entity responsible for cloud computing","-","-","-","-","Yes","Yes","Yes","-","-","-","-","-"
"Iraq","Cloud computing policies","-","-","-","-","No","No","No","-","-","-","-","-"
"Iraq","Internet recognized as a legal right","-","-","-","-","-","-","-","-","-","-","No","-"
"Iraq","National strategy, policy or initiative focusing on emerging technologies","-","-","-","-","-","-","-","-","-","-","5G/6G","-"
"Ireland","National entity responsible for cloud computing","-","-","No","-","-","-","No","-","-","-","-","-"
"Ireland","Cloud computing policies","-","-","No","-","-","-","No","-","-","-","-","-"
"Ireland","Internet recognized as a legal right","-","-","-","-","-","-","-","-","-","-","-","-"
"Ireland","National strategy, policy or initiative focusing on emerging technologies","-","-","-","-","-","-","-","-","-","-","-","-"
"Israel","National entity responsible for cloud computing","-","-","-","-","No","No","No","-","-","-","-","-"
"Israel","Cloud computing policies","-","-","-","-","No","No","No","-","-","-","-","-"
"Israel","Internet recognized as a legal right","-","-","-","-","-","Yes","No","No","No","-","-","-"
"Israel","National strategy, policy or initiative focusing on emerging technologies","-","-","-","-","-","5G/6G, Other","5G/6G","5G/6G","5G/6G, No such strategy is in place","-","5G/6G","-"
"Japan","National entity responsible for cloud computing","-","-","-","-","-","-","-","-","-","-","-","-"
"Japan","Cloud computing policies","-","-","-","-","-","-","-","-","-","-","-","-"
"Japan","Internet recognized as a legal right","-","-","-","-","-","-","No","No","No","-","No","-"
"Japan","National strategy, policy or initiative focusing on emerging technologies","-","-","-","-","-","-","-","-","-","-","-","-"
"Jordan","National entity responsible for cloud computing","-","-","-","-","Yes","-","Yes","-","-","-","-","-"
"Jordan","Cloud computing policies","-","-","-","-","No","-","Yes","-","-","-","-","-"
"Jordan","Internet recognized as a legal right","-","-","-","-","-","-","No","No","-","-","-","-"
"Jordan","National strategy, policy or initiative focusing on emerging technologies","-","-","-","-","-","-","Internet of Things","Internet of Things","-","-","-","-"
"Kenya","National entity responsible for cloud computing","-","-","-","-","-","No","Yes","-","-","-","-","-"
"Kenya","Cloud computing policies","-","-","-","-","-","No","No","-","-","-","-","-"
"Kenya","Internet recognized as a legal right","-","-","-","-","-","Yes","No","No","No","-","-","-"
"Kenya","National strategy, policy or initiative focusing on emerging technologies","-","-","-","-","-","No such strategy is in place","No such strategy is in place","No such strategy is in place","Blockchain, Digital currencies, Internet of Things, Artificial intelligence, 5G/6G","-","-","-"
"Korea (Rep. of)","National entity responsible for cloud computing","-","-","-","-","-","No","No","-","-","-","-","-"
"Korea (Rep. of)","Cloud computing policies","-","-","-","-","-","Yes","Yes","-","-","-","-","-"
"Korea (Rep. of)","Internet recognized as a legal right","-","-","-","-","-","-","Yes","Yes","-","-","-","-"
"Korea (Rep. of)","National strategy, policy or initiative focusing on emerging technologies","-","-","-","-","-","-","Artificial intelligence, 5G/6G","Artificial intelligence, 5G/6G","-","-","-","-"
"Kuwait","National entity responsible for cloud computing","-","-","Yes","Yes","Yes","Yes","Yes","-","-","-","-","-"
"Kuwait","Cloud computing policies","-","-","No","No","No","No","No","-","-","-","-","-"
"Kuwait","Internet recognized as a legal right","-","-","-","-","-","Yes","No","No","No","-","Yes","-"
"Kuwait","National strategy, policy or initiative focusing on emerging technologies","-","-","-","-","-","No such strategy is in place","5G/6G","5G/6G","5G/6G, Other","-","5G/6G","-"
"Kyrgyzstan","National entity responsible for cloud computing","-","-","No","-","-","-","Yes","-","-","-","-","-"
"Kyrgyzstan","Cloud computing policies","-","-","No","-","-","-","Yes","-","-","-","-","-"
"Kyrgyzstan","Internet recognized as a legal right","-","-","-","-","-","-","Yes","Yes","-","-","-","-"
"Kyrgyzstan","National strategy, policy or initiative focusing on emerging technologies","-","-","-","-","-","-","5G/6G, Internet of Things","Internet of Things, 5G/6G","-","-","-","-"
"Latvia","National entity responsible for cloud computing","-","-","No","No","No","No","No","-","-","-","-","-"
"Latvia","Cloud computing policies","-","-","No","No","No","No","No","-","-","-","-","-"
"Latvia","Internet recognized as a legal right","-","-","-","-","-","-","-","-","No","-","No","-"
"Latvia","National strategy, policy or initiative focusing on emerging technologies","-","-","-","-","-","-","-","-","5G/6G","-","No such strategy is in place","-"
"Lesotho","National entity responsible for cloud computing","-","-","-","-","No","-","-","-","-","-","-","-"
"Lesotho","Cloud computing policies","-","-","-","-","No","-","-","-","-","-","-","-"
"Lesotho","Internet recognized as a legal right","-","-","-","-","-","-","-","-","-","-","-","-"
"Lesotho","National strategy, policy or initiative focusing on emerging technologies","-","-","-","-","-","-","-","-","-","-","-","-"
"Liberia","National entity responsible for cloud computing","-","-","-","-","Yes","Yes","Yes","-","-","-","-","-"
"Liberia","Cloud computing policies","-","-","-","-","No","No","No","-","-","-","-","-"
"Liberia","Internet recognized as a legal right","-","-","-","-","-","-","-","-","-","-","No","-"
"Liberia","National strategy, policy or initiative focusing on emerging technologies","-","-","-","-","-","-","-","-","-","-","No such strategy is in place","-"
"Libya","National entity responsible for cloud computing","-","-","-","-","-","-","No","-","-","-","-","-"
"Libya","Cloud computing policies","-","-","-","-","-","-","No","-","-","-","-","-"
"Libya","Internet recognized as a legal right","-","-","-","-","-","-","No","No","-","-","-","-"
"Libya","National strategy, policy or initiative focusing on emerging technologies","-","-","-","-","-","-","No such strategy is in place","No such strategy is in place","-","-","-","-"
"Liechtenstein","National entity responsible for cloud computing","-","-","No","No","No","No","No","-","-","-","-","-"
"Liechtenstein","Cloud computing policies","-","-","No","No","No","No","No","-","-","-","-","-"
"Liechtenstein","Internet recognized as a legal right","-","-","-","-","-","Yes","Yes","Yes","Yes","-","Yes","-"
"Liechtenstein","National strategy, policy or initiative focusing on emerging technologies","-","-","-","-","-","Other","No such strategy is in place","No such strategy is in place","Blockchain","-","Blockchain, Digital currencies","-"
"Lithuania","National entity responsible for cloud computing","-","-","-","-","-","-","No","-","-","-","-","-"
"Lithuania","Cloud computing policies","-","-","-","-","-","-","-","-","-","-","-","-"
"Lithuania","Internet recognized as a legal right","-","-","-","-","-","-","-","-","Yes","-","Yes","-"
"Lithuania","National strategy, policy or initiative focusing on emerging technologies","-","-","-","-","-","Artificial intelligence","Artificial intelligence, Other","Artificial intelligence, Other","Artificial intelligence, 5G/6G","-","Artificial intelligence, 5G/6G","-"
"Luxembourg","National entity responsible for cloud computing","-","-","-","-","-","No","No","-","-","-","-","-"
"Luxembourg","Cloud computing policies","-","-","-","-","-","-","-","-","-","-","-","-"
"Luxembourg","Internet recognized as a legal right","-","-","-","-","-","Yes","Yes","Yes","Yes","-","-","-"
"Luxembourg","National strategy, policy or initiative focusing on emerging technologies","-","-","-","-","-","5G/6G","5G/6G","5G/6G","5G/6G","-","-","-"
"Madagascar","National entity responsible for cloud computing","-","-","-","-","No","No","No","-","-","-","-","-"
"Madagascar","Cloud computing policies","-","-","-","-","No","No","No","-","-","-","-","-"
"Madagascar","Internet recognized as a legal right","-","-","-","-","-","-","-","-","-","-","-","-"
"Madagascar","National strategy, policy or initiative focusing on emerging technologies","-","-","-","-","-","-","-","-","-","-","-","-"
"Malawi","National entity responsible for cloud computing","-","-","No","-","No","No","No","-","-","-","-","-"
"Malawi","Cloud computing policies","-","-","No","-","No","No","No","-","-","-","-","-"
"Malawi","Internet recognized as a legal right","-","-","-","-","-","No","No","No","Yes","-","-","-"
"Malawi","National strategy, policy or initiative focusing on emerging technologies","-","-","-","-","-","No such strategy is in place","Other","Other","Other","-","-","-"
"Malaysia","National entity responsible for cloud computing","-","-","No","-","-","Yes","Yes","-","-","-","-","-"
"Malaysia","Cloud computing policies","-","-","-","-","-","No","No","-","-","-","-","-"
"Malaysia","Internet recognized as a legal right","-","-","-","-","-","No","No","No","-","-","-","-"
"Malaysia","National strategy, policy or initiative focusing on emerging technologies","-","-","-","-","-","-","5G/6G","5G/6G","-","-","-","-"
"Mali","National entity responsible for cloud computing","-","-","-","-","No","No","No","-","-","-","-","-"
"Mali","Cloud computing policies","-","-","-","-","No","No","No","-","-","-","-","-"
"Mali","Internet recognized as a legal right","-","-","-","-","-","Yes","Yes","Yes","-","-","-","-"
"Mali","National strategy, policy or initiative focusing on emerging technologies","-","-","-","-","-","No such strategy is in place","Other","Other","-","-","-","-"
"Malta","National entity responsible for cloud computing","-","-","Yes","Yes","Yes","Yes","No","-","-","-","-","-"
"Malta","Cloud computing policies","-","-","No","-","-","-","-","-","-","-","-","-"
"Malta","Internet recognized as a legal right","-","-","-","-","-","-","-","-","-","-","-","-"
"Malta","National strategy, policy or initiative focusing on emerging technologies","-","-","-","-","-","-","-","-","-","-","-","-"
"Marshall Islands","National entity responsible for cloud computing","-","-","-","-","-","-","-","-","-","-","-","-"
"Marshall Islands","Cloud computing policies","-","-","-","-","-","-","-","-","-","-","-","-"
"Marshall Islands","Internet recognized as a legal right","-","-","-","-","-","-","-","-","-","-","No","-"
"Marshall Islands","National strategy, policy or initiative focusing on emerging technologies","-","-","-","-","-","-","-","-","-","-","No such strategy is in place","-"
"Mauritania","National entity responsible for cloud computing","-","-","-","-","No","-","-","-","-","-","-","-"
"Mauritania","Cloud computing policies","-","-","-","-","No","-","-","-","-","-","-","-"
"Mauritania","Internet recognized as a legal right","-","-","-","-","-","-","-","-","-","-","-","-"
"Mauritania","National strategy, policy or initiative focusing on emerging technologies","-","-","-","-","-","-","-","-","-","-","-","-"
"Mauritius","National entity responsible for cloud computing","-","-","-","-","No","No","No","-","-","-","-","-"
"Mauritius","Cloud computing policies","-","-","-","-","-","-","-","-","-","-","-","-"
"Mauritius","Internet recognized as a legal right","-","-","-","-","-","-","-","-","No","-","No","-"
"Mauritius","National strategy, policy or initiative focusing on emerging technologies","-","-","-","-","-","-","-","-","-","-","-","-"
"Mexico","National entity responsible for cloud computing","-","-","No","No","No","No","No","-","-","-","-","-"
"Mexico","Cloud computing policies","-","-","No","No","No","No","No","-","-","-","-","-"
"Mexico","Internet recognized as a legal right","-","-","-","-","-","Yes","Yes","Yes","Yes","-","Yes","-"
"Mexico","National strategy, policy or initiative focusing on emerging technologies","-","-","-","-","-","No such strategy is in place","No such strategy is in place","No such strategy is in place","No such strategy is in place","-","-","-"
"Micronesia","National entity responsible for cloud computing","-","-","No","-","-","No","No","-","-","-","-","-"
"Micronesia","Cloud computing policies","-","-","No","-","-","No","No","-","-","-","-","-"
"Micronesia","Internet recognized as a legal right","-","-","-","-","-","No","No","No","-","-","-","-"
"Micronesia","National strategy, policy or initiative focusing on emerging technologies","-","-","-","-","-","No such strategy is in place","No such strategy is in place","No such strategy is in place","-","-","-","-"
"Moldova","National entity responsible for cloud computing","-","-","No","No","No","No","No","-","-","-","-","-"
"Moldova","Cloud computing policies","-","-","No","No","No","No","No","-","-","-","-","-"
"Moldova","Internet recognized as a legal right","-","-","-","-","-","No","No","No","No","-","-","-"
"Moldova","National strategy, policy or initiative focusing on emerging technologies","-","-","-","-","-","No such strategy is in place","No such strategy is in place","No such strategy is in place","No such strategy is in place","-","-","-"
"Mongolia","National entity responsible for cloud computing","-","-","-","-","No","No","No","-","-","-","-","-"
"Mongolia","Cloud computing policies","-","-","-","-","No","No","No","-","-","-","-","-"
"Mongolia","Internet recognized as a legal right","-","-","-","-","-","No","Yes","Yes","Yes","-","-","-"
"Mongolia","National strategy, policy or initiative focusing on emerging technologies","-","-","-","-","-","No such strategy is in place","5G/6G, Other, Internet of Things","Other, Internet of Things, 5G/6G","5G/6G, Artificial intelligence, Internet of Things, Automation/robotics, Blockchain, Digital currencies","-","-","-"
"Montenegro","National entity responsible for cloud computing","-","-","No","No","No","No","No","-","-","-","-","-"
"Montenegro","Cloud computing policies","-","-","No","No","No","No","No","-","-","-","-","-"
"Montenegro","Internet recognized as a legal right","-","-","-","-","-","Yes","Yes","Yes","Yes","-","-","-"
"Montenegro","National strategy, policy or initiative focusing on emerging technologies","-","-","-","-","-","No such strategy is in place","No such strategy is in place","No such strategy is in place","-","-","-","-"
"Morocco","National entity responsible for cloud computing","-","-","No","No","No","No","No","-","-","-","-","-"
"Morocco","Cloud computing policies","-","-","No","No","No","No","No","-","-","-","-","-"
"Morocco","Internet recognized as a legal right","-","-","-","-","-","-","-","-","Yes","-","Yes","-"
"Morocco","National strategy, policy or initiative focusing on emerging technologies","-","-","-","-","-","Internet of Things","Internet of Things","Internet of Things","Artificial intelligence, Internet of Things, 5G/6G","-","5G/6G, Internet of Things, Artificial intelligence","-"
"Mozambique","National entity responsible for cloud computing","-","-","-","-","-","-","Yes","-","-","-","-","-"
"Mozambique","Cloud computing policies","-","-","-","-","-","-","Yes","-","-","-","-","-"
"Mozambique","Internet recognized as a legal right","-","-","-","-","-","-","-","-","-","-","-","-"
"Mozambique","National strategy, policy or initiative focusing on emerging technologies","-","-","-","-","-","-","No such strategy is in place","No such strategy is in place","-","-","-","-"
"Myanmar","National entity responsible for cloud computing","-","-","-","No","No","No","No","-","-","-","-","-"
"Myanmar","Cloud computing policies","-","-","-","No","No","No","No","-","-","-","-","-"
"Myanmar","Internet recognized as a legal right","-","-","-","-","-","No","-","-","No","-","-","-"
"Myanmar","National strategy, policy or initiative focusing on emerging technologies","-","-","-","-","-","No such strategy is in place","-","-","No such strategy is in place","-","-","-"
"Namibia","National entity responsible for cloud computing","-","-","No","-","No","No","No","-","-","-","-","-"
"Namibia","Cloud computing policies","-","-","No","-","No","No","No","-","-","-","-","-"
"Namibia","Internet recognized as a legal right","-","-","-","-","-","No","No","No","-","-","No","-"
"Namibia","National strategy, policy or initiative focusing on emerging technologies","-","-","-","-","-","No such strategy is in place","No such strategy is in place","No such strategy is in place","-","-","-","-"
"Netherlands","National entity responsible for cloud computing","-","-","-","-","No","No","-","-","-","-","-","-"
"Netherlands","Cloud computing policies","-","-","-","-","No","No","-","-","-","-","-","-"
"Netherlands","Internet recognized as a legal right","-","-","-","-","-","No","-","-","-","-","-","-"
"Netherlands","National strategy, policy or initiative focusing on emerging technologies","-","-","-","-","-","Other","-","-","-","-","-","-"
"New Zealand","National entity responsible for cloud computing","-","-","-","-","No","No","No","-","-","-","-","-"
"New Zealand","Cloud computing policies","-","-","-","-","No","No","No","-","-","-","-","-"
"New Zealand","Internet recognized as a legal right","-","-","-","-","-","-","No","No","No","-","No","-"
"New Zealand","National strategy, policy or initiative focusing on emerging technologies","-","-","-","-","-","No such strategy is in place","No such strategy is in place","No such strategy is in place","No such strategy is in place","-","No such strategy is in place","-"
"Nicaragua","National entity responsible for cloud computing","-","-","-","-","-","-","No","-","-","-","-","-"
"Nicaragua","Cloud computing policies","-","-","-","-","-","-","No","-","-","-","-","-"
"Nicaragua","Internet recognized as a legal right","-","-","-","-","-","Yes","Yes","Yes","Yes","-","-","-"
"Nicaragua","National strategy, policy or initiative focusing on emerging technologies","-","-","-","-","-","No such strategy is in place","No such strategy is in place","No such strategy is in place","No such strategy is in place","-","-","-"
"Niger","National entity responsible for cloud computing","-","-","-","-","No","No","No","-","-","-","-","-"
"Niger","Cloud computing policies","-","-","-","-","No","No","No","-","-","-","-","-"
"Niger","Internet recognized as a legal right","-","-","-","-","-","-","Yes","Yes","-","-","-","-"
"Niger","National strategy, policy or initiative focusing on emerging technologies","-","-","-","-","-","-","No such strategy is in place","No such strategy is in place","-","-","-","-"
"Nigeria","National entity responsible for cloud computing","-","-","-","-","-","No","No","-","-","-","-","-"
"Nigeria","Cloud computing policies","-","-","-","-","-","No","No","-","-","-","-","-"
"Nigeria","Internet recognized as a legal right","-","-","-","-","-","No","No","No","-","-","-","-"
"Nigeria","National strategy, policy or initiative focusing on emerging technologies","-","-","-","-","-","No such strategy is in place","No such strategy is in place","No such strategy is in place","-","-","-","-"
"North Macedonia","National entity responsible for cloud computing","-","-","-","No","No","No","No","-","-","-","-","-"
"North Macedonia","Cloud computing policies","-","-","-","No","No","No","No","-","-","-","-","-"
"North Macedonia","Internet recognized as a legal right","-","-","-","-","-","-","-","-","-","-","-","-"
"North Macedonia","National strategy, policy or initiative focusing on emerging technologies","-","-","-","-","-","-","5G/6G","5G/6G","5G/6G","-","-","-"
"Norway","National entity responsible for cloud computing","-","-","-","-","No","No","-","-","-","-","-","-"
"Norway","Cloud computing policies","-","-","-","-","Yes","Yes","Yes","-","-","-","-","-"
"Norway","Internet recognized as a legal right","-","-","-","-","-","No","No","No","No","-","No","-"
"Norway","National strategy, policy or initiative focusing on emerging technologies","-","-","-","-","-","5G/6G, Internet of Things, Artificial intelligence","Artificial intelligence","Artificial intelligence","Artificial intelligence, Internet of Things, 5G/6G","-","-","-"
"Oman","National entity responsible for cloud computing","-","-","-","Yes","Yes","Yes","Yes","-","-","-","-","-"
"Oman","Cloud computing policies","-","-","-","No","No","No","No","-","-","-","-","-"
"Oman","Internet recognized as a legal right","-","-","-","-","-","-","No","No","Yes","-","Yes","-"
"Oman","National strategy, policy or initiative focusing on emerging technologies","-","-","-","-","-","No such strategy is in place","No such strategy is in place","No such strategy is in place","5G/6G, Internet of Things, Artificial intelligence","-","-","-"
"Pakistan","National entity responsible for cloud computing","-","-","No","No","No","No","Yes","-","-","-","-","-"
"Pakistan","Cloud computing policies","-","-","No","No","No","No","Yes","-","-","-","-","-"
"Pakistan","Internet recognized as a legal right","-","-","-","-","-","-","No","No","No","-","No","-"
"Pakistan","National strategy, policy or initiative focusing on emerging technologies","-","-","-","-","-","Other, Artificial intelligence, Internet of Things","5G/6G, Internet of Things, Other, Artificial intelligence","Artificial intelligence, Other, Internet of Things, 5G/6G","5G/6G, Automation/robotics, Digital currencies, Blockchain, Internet of Things, Other, Artificial intelligence","-","Automation/robotics, Digital currencies, Blockchain, Artificial intelligence, Other, Internet of Things, 5G/6G","-"
"Panama","National entity responsible for cloud computing","-","-","No","No","-","-","No","-","-","-","-","-"
"Panama","Cloud computing policies","-","-","-","-","-","-","No","-","-","-","-","-"
"Panama","Internet recognized as a legal right","-","-","-","-","-","Yes","No","No","No","-","No","-"
"Panama","National strategy, policy or initiative focusing on emerging technologies","-","-","-","-","-","-","No such strategy is in place","No such strategy is in place","-","-","5G/6G","-"
"Papua New Guinea","National entity responsible for cloud computing","-","-","-","-","No","No","-","-","-","-","-","-"
"Papua New Guinea","Cloud computing policies","-","-","-","-","No","No","-","-","-","-","-","-"
"Papua New Guinea","Internet recognized as a legal right","-","-","-","-","-","No","-","-","-","-","-","-"
"Papua New Guinea","National strategy, policy or initiative focusing on emerging technologies","-","-","-","-","-","No such strategy is in place","-","-","-","-","-","-"
"Paraguay","National entity responsible for cloud computing","-","-","-","-","No","No","Yes","-","-","-","-","-"
"Paraguay","Cloud computing policies","-","-","-","-","No","No","No","-","-","-","-","-"
"Paraguay","Internet recognized as a legal right","-","-","-","-","-","Yes","No","No","-","-","-","-"
"Paraguay","National strategy, policy or initiative focusing on emerging technologies","-","-","-","-","-","No such strategy is in place","No such strategy is in place","No such strategy is in place","-","-","-","-"
"Peru","National entity responsible for cloud computing","-","-","-","-","-","No","No","-","-","-","-","-"
"Peru","Cloud computing policies","-","-","-","-","-","No","No","-","-","-","-","-"
"Peru","Internet recognized as a legal right","-","-","-","-","-","No","No","No","No","-","No","-"
"Peru","National strategy, policy or initiative focusing on emerging technologies","-","-","-","-","-","No such strategy is in place","No such strategy is in place","No such strategy is in place","No such strategy is in place","-","-","-"
"Philippines","National entity responsible for cloud computing","-","-","-","-","Yes","Yes","Yes","-","-","-","-","-"
"Philippines","Cloud computing policies","-","-","-","-","Yes","Yes","No","-","-","-","-","-"
"Philippines","Internet recognized as a legal right","-","-","-","-","-","-","-","-","-","-","-","-"
"Philippines","National strategy, policy or initiative focusing on emerging technologies","-","-","-","-","-","-","-","-","-","-","-","-"
"Poland","National entity responsible for cloud computing","-","-","-","No","No","No","No","-","-","-","-","-"
"Poland","Cloud computing policies","-","-","-","No","No","No","No","-","-","-","-","-"
"Poland","Internet recognized as a legal right","-","-","-","-","-","No","-","-","-","-","-","-"
"Poland","National strategy, policy or initiative focusing on emerging technologies","-","-","-","-","-","-","-","-","-","-","-","-"
"Portugal","National entity responsible for cloud computing","-","-","No","-","-","-","-","-","-","-","-","-"
"Portugal","Cloud computing policies","-","-","No","-","-","-","-","-","-","-","-","-"
"Portugal","Internet recognized as a legal right","-","-","-","-","-","No","No","No","Yes","-","Yes","-"
"Portugal","National strategy, policy or initiative focusing on emerging technologies","-","-","-","-","-","5G/6G, Other, Internet of Things, Artificial intelligence","Artificial intelligence, Other, Internet of Things, 5G/6G","Internet of Things, Other, Artificial intelligence, 5G/6G","Artificial intelligence, Other","-","5G/6G, Other, Artificial intelligence, Blockchain","-"
"Qatar","National entity responsible for cloud computing","-","-","-","-","Yes","Yes","Yes","-","-","-","-","-"
"Qatar","Cloud computing policies","-","-","-","-","Yes","Yes","Yes","-","-","-","-","-"
"Qatar","Internet recognized as a legal right","-","-","-","-","-","No","No","No","Yes","-","Yes","-"
"Qatar","National strategy, policy or initiative focusing on emerging technologies","-","-","-","-","-","Other","5G/6G, Internet of Things, Artificial intelligence","Artificial intelligence, Internet of Things, 5G/6G","5G/6G, Artificial intelligence, Internet of Things, Blockchain","-","Blockchain, Artificial intelligence, 5G/6G, Internet of Things","-"
"Romania","National entity responsible for cloud computing","-","-","-","-","No","-","No","-","-","-","-","-"
"Romania","Cloud computing policies","-","-","-","-","-","-","No","-","-","-","-","-"
"Romania","Internet recognized as a legal right","-","-","-","-","-","-","No","No","No","-","No","-"
"Romania","National strategy, policy or initiative focusing on emerging technologies","-","-","-","-","-","-","5G/6G","5G/6G","5G/6G","-","-","-"
"Russian Federation","National entity responsible for cloud computing","-","-","-","-","-","-","Yes","-","-","-","-","-"
"Russian Federation","Cloud computing policies","-","-","-","-","-","-","-","-","-","-","-","-"
"Russian Federation","Internet recognized as a legal right","-","-","-","-","-","Yes","No","No","Yes","-","Yes","-"
"Russian Federation","National strategy, policy or initiative focusing on emerging technologies","-","-","-","-","-","5G/6G, Internet of Things, Artificial intelligence","5G/6G, Artificial intelligence, Internet of Things","Internet of Things, Artificial intelligence, 5G/6G","5G/6G, Artificial intelligence, Internet of Things","-","-","-"
"Rwanda","National entity responsible for cloud computing","-","-","No","No","-","Yes","Yes","-","-","-","-","-"
"Rwanda","Cloud computing policies","-","-","No","No","-","No","Yes","-","-","-","-","-"
"Rwanda","Internet recognized as a legal right","-","-","-","-","-","No","No","No","No","-","No","-"
"Rwanda","National strategy, policy or initiative focusing on emerging technologies","-","-","-","-","-","No such strategy is in place","No such strategy is in place","No such strategy is in place","No such strategy is in place","-","Artificial intelligence","-"
"Saint Lucia","National entity responsible for cloud computing","-","-","No","-","-","-","-","-","-","-","-","-"
"Saint Lucia","Cloud computing policies","-","-","No","-","-","-","-","-","-","-","-","-"
"Saint Lucia","Internet recognized as a legal right","-","-","-","-","-","-","-","-","-","-","-","-"
"Saint Lucia","National strategy, policy or initiative focusing on emerging technologies","-","-","-","-","-","-","-","-","-","-","-","-"
"Saint Vincent and the Grenadines","National entity responsible for cloud computing","-","-","No","-","-","-","-","-","-","-","-","-"
"Saint Vincent and the Grenadines","Cloud computing policies","-","-","No","-","-","-","-","-","-","-","-","-"
"Saint Vincent and the Grenadines","Internet recognized as a legal right","-","-","-","-","-","No","No","No","No","-","-","-"
"Saint Vincent and the Grenadines","National strategy, policy or initiative focusing on emerging technologies","-","-","-","-","-","-","-","-","-","-","-","-"
"Samoa","National entity responsible for cloud computing","-","-","-","-","No","No","No","-","-","-","-","-"
"Samoa","Cloud computing policies","-","-","-","-","No","No","No","-","-","-","-","-"
"Samoa","Internet recognized as a legal right","-","-","-","-","-","Yes","No","No","No","-","-","-"
"Samoa","National strategy, policy or initiative focusing on emerging technologies","-","-","-","-","-","No such strategy is in place","No such strategy is in place","No such strategy is in place","No such strategy is in place","-","-","-"
"Sao Tome and Principe","National entity responsible for cloud computing","-","-","-","-","No","No","Yes","-","-","-","-","-"
"Sao Tome and Principe","Cloud computing policies","-","-","-","-","No","No","No","-","-","-","-","-"
"Sao Tome and Principe","Internet recognized as a legal right","-","-","-","-","-","-","Yes","Yes","Yes","-","-","-"
"Sao Tome and Principe","National strategy, policy or initiative focusing on emerging technologies","-","-","-","-","-","-","-","-","No such strategy is in place","-","-","-"
"Saudi Arabia","National entity responsible for cloud computing","-","-","Yes","Yes","Yes","Yes","Yes","-","-","-","-","-"
"Saudi Arabia","Cloud computing policies","-","-","Yes","Yes","Yes","Yes","Yes","-","-","-","-","-"
"Saudi Arabia","Internet recognized as a legal right","-","-","-","-","-","Yes","Yes","Yes","Yes","-","Yes","-"
"Saudi Arabia","National strategy, policy or initiative focusing on emerging technologies","-","-","-","-","-","Artificial intelligence, Internet of Things, 5G/6G","Internet of Things, Artificial intelligence, 5G/6G","Internet of Things, Artificial intelligence, 5G/6G","5G/6G, Automation/robotics, Blockchain, Internet of Things, Artificial intelligence","-","5G/6G, Artificial intelligence, Internet of Things, Automation/robotics, Blockchain, Digital currencies","-"
"Senegal","National entity responsible for cloud computing","-","-","-","-","-","Yes","Yes","-","-","-","-","-"
"Senegal","Cloud computing policies","-","-","-","-","-","-","-","-","-","-","-","-"
"Senegal","Internet recognized as a legal right","-","-","-","-","-","Yes","-","-","Yes","-","-","-"
"Senegal","National strategy, policy or initiative focusing on emerging technologies","-","-","-","-","-","-","No such strategy is in place","No such strategy is in place","No such strategy is in place","-","-","-"
"Serbia","National entity responsible for cloud computing","-","-","No","No","No","No","No","-","-","-","-","-"
"Serbia","Cloud computing policies","-","-","No","No","No","No","No","-","-","-","-","-"
"Serbia","Internet recognized as a legal right","-","-","-","-","-","No","No","No","-","-","-","-"
"Serbia","National strategy, policy or initiative focusing on emerging technologies","-","-","-","-","-","5G/6G, Internet of Things","5G/6G, Internet of Things","Internet of Things, 5G/6G","-","-","-","-"
"Seychelles","National entity responsible for cloud computing","-","-","-","-","-","-","-","-","-","-","-","-"
"Seychelles","Cloud computing policies","-","-","-","-","-","-","-","-","-","-","-","-"
"Seychelles","Internet recognized as a legal right","-","-","-","-","-","-","-","-","No","-","-","-"
"Seychelles","National strategy, policy or initiative focusing on emerging technologies","-","-","-","-","-","-","-","-","No such strategy is in place","-","-","-"
"Sierra Leone","National entity responsible for cloud computing","-","-","-","-","No","No","-","-","-","-","-","-"
"Sierra Leone","Cloud computing policies","-","-","-","-","No","No","-","-","-","-","-","-"
"Sierra Leone","Internet recognized as a legal right","-","-","-","-","-","No","-","-","Yes","-","-","-"
"Sierra Leone","National strategy, policy or initiative focusing on emerging technologies","-","-","-","-","-","No such strategy is in place","-","-","No such strategy is in place","-","-","-"
"Singapore","National entity responsible for cloud computing","-","-","Yes","-","Yes","Yes","Yes","-","-","-","-","-"
"Singapore","Cloud computing policies","-","-","Yes","-","Yes","Yes","Yes","-","-","-","-","-"
"Singapore","Internet recognized as a legal right","-","-","-","-","-","-","-","-","-","-","-","-"
"Singapore","National strategy, policy or initiative focusing on emerging technologies","-","-","-","-","-","-","Artificial intelligence","Artificial intelligence","Artificial intelligence","-","-","-"
"Slovakia","National entity responsible for cloud computing","-","-","No","No","No","No","No","-","-","-","-","-"
"Slovakia","Cloud computing policies","-","-","Yes","Yes","Yes","Yes","Yes","-","-","-","-","-"
"Slovakia","Internet recognized as a legal right","-","-","-","-","-","No","No","No","No","-","-","-"
"Slovakia","National strategy, policy or initiative focusing on emerging technologies","-","-","-","-","-","Other","No such strategy is in place","No such strategy is in place","5G/6G","-","-","-"
"Slovenia","National entity responsible for cloud computing","-","-","No","No","No","No","No","-","-","-","-","-"
"Slovenia","Cloud computing policies","-","-","No","No","No","No","No","-","-","-","-","-"
"Slovenia","Internet recognized as a legal right","-","-","-","-","-","Yes","No","No","No","-","Yes","-"
"Slovenia","National strategy, policy or initiative focusing on emerging technologies","-","-","-","-","-","No such strategy is in place","-","-","No such strategy is in place","-","-","-"
"Solomon Islands","National entity responsible for cloud computing","-","-","-","-","-","No","-","-","-","-","-","-"
"Solomon Islands","Cloud computing policies","-","-","-","-","-","No","-","-","-","-","-","-"
"Solomon Islands","Internet recognized as a legal right","-","-","-","-","-","No","-","-","-","-","-","-"
"Solomon Islands","National strategy, policy or initiative focusing on emerging technologies","-","-","-","-","-","No such strategy is in place","-","-","-","-","-","-"
"Somalia","National entity responsible for cloud computing","-","-","-","-","Yes","Yes","-","-","-","-","-","-"
"Somalia","Cloud computing policies","-","-","-","-","Yes","Yes","-","-","-","-","-","-"
"Somalia","Internet recognized as a legal right","-","-","-","-","-","-","-","-","-","-","-","-"
"Somalia","National strategy, policy or initiative focusing on emerging technologies","-","-","-","-","-","-","-","-","-","-","-","-"
"South Africa","National entity responsible for cloud computing","-","-","-","-","No","No","No","-","-","-","-","-"
"South Africa","Cloud computing policies","-","-","-","-","No","No","No","-","-","-","-","-"
"South Africa","Internet recognized as a legal right","-","-","-","-","-","-","No","No","No","-","-","-"
"South Africa","National strategy, policy or initiative focusing on emerging technologies","-","-","-","-","-","-","No such strategy is in place","No such strategy is in place","-","-","5G/6G","-"
"South Sudan","National entity responsible for cloud computing","-","-","-","-","Yes","Yes","-","-","-","-","-","-"
"South Sudan","Cloud computing policies","-","-","-","-","No","No","-","-","-","-","-","-"
"South Sudan","Internet recognized as a legal right","-","-","-","-","-","Yes","-","-","-","-","-","-"
"South Sudan","National strategy, policy or initiative focusing on emerging technologies","-","-","-","-","-","No such strategy is in place","-","-","-","-","-","-"
"Spain","National entity responsible for cloud computing","-","-","No","No","No","No","No","-","-","-","-","-"
"Spain","Cloud computing policies","-","-","-","-","-","No","No","-","-","-","-","-"
"Spain","Internet recognized as a legal right","-","-","-","-","-","Yes","Yes","Yes","Yes","-","-","-"
"Spain","National strategy, policy or initiative focusing on emerging technologies","-","-","-","-","-","5G/6G, Other","5G/6G, Other","Other, 5G/6G","5G/6G, Artificial intelligence, Other","-","-","-"
"Sri Lanka","National entity responsible for cloud computing","-","-","-","-","-","Yes","Yes","-","-","-","-","-"
"Sri Lanka","Cloud computing policies","-","-","-","-","-","No","No","-","-","-","-","-"
"Sri Lanka","Internet recognized as a legal right","-","-","-","-","-","No","No","No","No","-","No","-"
"Sri Lanka","National strategy, policy or initiative focusing on emerging technologies","-","-","-","-","-","No such strategy is in place","5G/6G, Internet of Things","Internet of Things, 5G/6G","5G/6G, Internet of Things","-","5G/6G, Other","-"
"State of Palestine","National entity responsible for cloud computing","-","-","-","-","No","No","No","-","-","-","-","-"
"State of Palestine","Cloud computing policies","-","-","-","-","No","No","No","-","-","-","-","-"
"State of Palestine","Internet recognized as a legal right","-","-","-","-","-","No","No","No","-","-","Yes","-"
"State of Palestine","National strategy, policy or initiative focusing on emerging technologies","-","-","-","-","-","No such strategy is in place","No such strategy is in place","No such strategy is in place","-","-","No such strategy is in place","-"
"Sudan","National entity responsible for cloud computing","-","-","No","Yes","Yes","Yes","-","-","-","-","-","-"
"Sudan","Cloud computing policies","-","-","No","No","Yes","Yes","-","-","-","-","-","-"
"Sudan","Internet recognized as a legal right","-","-","-","-","-","-","-","-","Yes","-","Yes","-"
"Sudan","National strategy, policy or initiative focusing on emerging technologies","-","-","-","-","-","-","-","-","5G/6G, Automation/robotics, Blockchain, Artificial intelligence, Internet of Things","-","Artificial intelligence, Internet of Things, 5G/6G, Blockchain, Automation/robotics","-"
"Suriname","National entity responsible for cloud computing","-","-","-","No","No","No","No","-","-","-","-","-"
"Suriname","Cloud computing policies","-","-","-","No","No","No","No","-","-","-","-","-"
"Suriname","Internet recognized as a legal right","-","-","-","-","-","No","No","No","No","-","Yes","-"
"Suriname","National strategy, policy or initiative focusing on emerging technologies","-","-","-","-","-","-","-","-","-","-","No such strategy is in place","-"
"Sweden","National entity responsible for cloud computing","-","-","-","-","-","No","No","-","-","-","-","-"
"Sweden","Cloud computing policies","-","-","-","-","-","No","No","-","-","-","-","-"
"Sweden","Internet recognized as a legal right","-","-","-","-","-","No","No","No","Yes","-","-","-"
"Sweden","National strategy, policy or initiative focusing on emerging technologies","-","-","-","-","-","5G/6G, Artificial intelligence","Other","Other","Other","-","-","-"
"Switzerland","National entity responsible for cloud computing","-","-","No","No","No","No","No","-","-","-","-","-"
"Switzerland","Cloud computing policies","-","-","No","No","No","No","No","-","-","-","-","-"
"Switzerland","Internet recognized as a legal right","-","-","-","-","-","Yes","Yes","Yes","Yes","-","Yes","-"
"Switzerland","National strategy, policy or initiative focusing on emerging technologies","-","-","-","-","-","5G/6G, Internet of Things, Artificial intelligence","5G/6G, Artificial intelligence, Internet of Things","Artificial intelligence, Internet of Things, 5G/6G","5G/6G, Internet of Things","-","-","-"
"Syrian Arab Republic","National entity responsible for cloud computing","-","-","-","-","No","No","No","-","-","-","-","-"
"Syrian Arab Republic","Cloud computing policies","-","-","-","-","No","No","No","-","-","-","-","-"
"Syrian Arab Republic","Internet recognized as a legal right","-","-","-","-","-","No","No","No","Yes","-","-","-"
"Syrian Arab Republic","National strategy, policy or initiative focusing on emerging technologies","-","-","-","-","-","-","-","-","5G/6G, Automation/robotics","-","-","-"
"Tanzania","National entity responsible for cloud computing","-","-","-","-","-","No","No","-","-","-","-","-"
"Tanzania","Cloud computing policies","-","-","-","-","-","No","No","-","-","-","-","-"
"Tanzania","Internet recognized as a legal right","-","-","-","-","-","Yes","Yes","Yes","Yes","-","Yes","-"
"Tanzania","National strategy, policy or initiative focusing on emerging technologies","-","-","-","-","-","No such strategy is in place","No such strategy is in place","No such strategy is in place","5G/6G","-","No such strategy is in place","-"
"Thailand","National entity responsible for cloud computing","-","-","-","-","-","No","No","-","-","-","-","-"
"Thailand","Cloud computing policies","-","-","-","-","-","No","Yes","-","-","-","-","-"
"Thailand","Internet recognized as a legal right","-","-","-","-","-","-","-","-","No","-","Yes","-"
"Thailand","National strategy, policy or initiative focusing on emerging technologies","-","-","-","-","-","-","5G/6G","5G/6G","5G/6G","-","Artificial intelligence, 5G/6G, Internet of Things, Automation/robotics, Blockchain, Digital currencies","-"
"Timor-Leste","National entity responsible for cloud computing","-","-","-","-","-","-","-","-","-","-","-","-"
"Timor-Leste","Cloud computing policies","-","-","-","-","-","-","-","-","-","-","-","-"
"Timor-Leste","Internet recognized as a legal right","-","-","-","-","-","-","Yes","Yes","-","-","-","-"
"Timor-Leste","National strategy, policy or initiative focusing on emerging technologies","-","-","-","-","-","-","Artificial intelligence","Artificial intelligence","-","-","-","-"
"Togo","National entity responsible for cloud computing","-","-","No","No","No","Yes","Yes","-","-","-","-","-"
"Togo","Cloud computing policies","-","-","No","No","No","No","No","-","-","-","-","-"
"Togo","Internet recognized as a legal right","-","-","-","-","-","Yes","Yes","Yes","-","-","-","-"
"Togo","National strategy, policy or initiative focusing on emerging technologies","-","-","-","-","-","No such strategy is in place","No such strategy is in place","No such strategy is in place","-","-","-","-"
"Tonga","National entity responsible for cloud computing","-","-","-","-","No","-","-","-","-","-","-","-"
"Tonga","Cloud computing policies","-","-","-","-","No","-","-","-","-","-","-","-"
"Tonga","Internet recognized as a legal right","-","-","-","-","-","-","-","-","-","-","No","-"
"Tonga","National strategy, policy or initiative focusing on emerging technologies","-","-","-","-","-","-","-","-","-","-","-","-"
"Trinidad and Tobago","National entity responsible for cloud computing","-","-","No","No","-","-","-","-","-","-","-","-"
"Trinidad and Tobago","Cloud computing policies","-","-","No","No","-","-","-","-","-","-","-","-"
"Trinidad and Tobago","Internet recognized as a legal right","-","-","-","-","-","-","-","-","No","-","Yes","-"
"Trinidad and Tobago","National strategy, policy or initiative focusing on emerging technologies","-","-","-","-","-","-","-","-","No such strategy is in place","-","5G/6G, Other","-"
"Tunisia","National entity responsible for cloud computing","-","-","-","-","No","No","No","-","-","-","-","-"
"Tunisia","Cloud computing policies","-","-","-","-","No","No","No","-","-","-","-","-"
"Tunisia","Internet recognized as a legal right","-","-","-","-","-","Yes","Yes","Yes","Yes","-","-","-"
"Tunisia","National strategy, policy or initiative focusing on emerging technologies","-","-","-","-","-","-","-","-","-","-","-","-"
"Türkiye","National entity responsible for cloud computing","-","-","-","-","-","-","-","-","-","-","-","-"
"Türkiye","Cloud computing policies","-","-","-","-","-","-","-","-","-","-","-","-"
"Türkiye","Internet recognized as a legal right","-","-","-","-","-","Yes","Yes","Yes","Yes","-","Yes","-"
"Türkiye","National strategy, policy or initiative focusing on emerging technologies","-","-","-","-","-","Internet of Things, 5G/6G","5G/6G, Internet of Things","5G/6G, Internet of Things","5G/6G","-","Internet of Things","-"
"Ukraine","National entity responsible for cloud computing","-","-","-","-","No","No","No","-","-","-","-","-"
"Ukraine","Cloud computing policies","-","-","-","-","No","No","No","-","-","-","-","-"
"Ukraine","Internet recognized as a legal right","-","-","-","-","-","No","Yes","Yes","-","-","-","-"
"Ukraine","National strategy, policy or initiative focusing on emerging technologies","-","-","-","-","-","-","5G/6G","5G/6G","-","-","-","-"
"United Arab Emirates","National entity responsible for cloud computing","-","-","Yes","Yes","Yes","Yes","Yes","-","-","-","-","-"
"United Arab Emirates","Cloud computing policies","-","-","Yes","Yes","Yes","Yes","Yes","-","-","-","-","-"
"United Arab Emirates","Internet recognized as a legal right","-","-","-","-","-","-","Yes","Yes","Yes","-","Yes","-"
"United Arab Emirates","National strategy, policy or initiative focusing on emerging technologies","-","-","-","-","-","Internet of Things, Artificial intelligence","5G/6G, Internet of Things","Internet of Things, 5G/6G","5G/6G, Blockchain, Automation/robotics, Internet of Things, Other, Artificial intelligence","-","Automation/robotics, Blockchain, Digital currencies, Internet of Things, 5G/6G, Other, Artificial intelligence","-"
"United Kingdom","National entity responsible for cloud computing","-","-","-","-","-","No","No","-","-","-","-","-"
"United Kingdom","Cloud computing policies","-","-","-","-","-","-","Yes","-","-","-","-","-"
"United Kingdom","Internet recognized as a legal right","-","-","-","-","-","-","-","-","No","-","No","-"
"United Kingdom","National strategy, policy or initiative focusing on emerging technologies","-","-","-","-","-","Artificial intelligence","5G/6G, Artificial intelligence","Artificial intelligence, 5G/6G","5G/6G, Artificial intelligence","-","5G/6G, Artificial intelligence, Other, Digital currencies","-"
"United States","National entity responsible for cloud computing","-","-","-","-","-","-","-","-","-","-","-","-"
"United States","Cloud computing policies","-","-","-","-","-","-","-","-","-","-","-","-"
"United States","Internet recognized as a legal right","-","-","-","-","-","-","-","-","-","-","-","-"
"United States","National strategy, policy or initiative focusing on emerging technologies","-","-","-","-","-","5G/6G","5G/6G","5G/6G","-","-","-","-"
"Uruguay","National entity responsible for cloud computing","-","-","-","-","-","-","No","-","-","-","-","-"
"Uruguay","Cloud computing policies","-","-","-","-","-","-","-","-","-","-","-","-"
"Uruguay","Internet recognized as a legal right","-","-","-","-","-","-","No","No","No","-","Yes","-"
"Uruguay","National strategy, policy or initiative focusing on emerging technologies","-","-","-","-","-","-","5G/6G","5G/6G","Artificial intelligence, 5G/6G, Internet of Things","-","Artificial intelligence, 5G/6G, Internet of Things, Digital currencies","-"
"Uzbekistan","National entity responsible for cloud computing","-","-","-","-","-","-","-","-","-","-","-","-"
"Uzbekistan","Cloud computing policies","-","-","-","-","-","-","-","-","-","-","-","-"
"Uzbekistan","Internet recognized as a legal right","-","-","-","-","-","-","-","-","No","-","Yes","-"
"Uzbekistan","National strategy, policy or initiative focusing on emerging technologies","-","-","-","-","-","-","-","-","Automation/robotics, Internet of Things, 5G/6G, Artificial intelligence","-","Automation/robotics, 5G/6G, Internet of Things, Artificial intelligence","-"
"Vanuatu","National entity responsible for cloud computing","-","-","-","-","No","No","No","-","-","-","-","-"
"Vanuatu","Cloud computing policies","-","-","-","-","No","No","No","-","-","-","-","-"
"Vanuatu","Internet recognized as a legal right","-","-","-","-","-","No","No","No","No","-","-","-"
"Vanuatu","National strategy, policy or initiative focusing on emerging technologies","-","-","-","-","-","Other","No such strategy is in place","No such strategy is in place","5G/6G","-","-","-"
"Venezuela","National entity responsible for cloud computing","-","-","-","-","-","-","-","-","-","-","-","-"
"Venezuela","Cloud computing policies","-","-","-","-","-","-","-","-","-","-","-","-"
"Venezuela","Internet recognized as a legal right","-","-","-","-","-","-","Yes","Yes","Yes","-","-","-"
"Venezuela","National strategy, policy or initiative focusing on emerging technologies","-","-","-","-","-","-","-","-","No such strategy is in place","-","-","-"
"Viet Nam","National entity responsible for cloud computing","-","-","-","-","Yes","Yes","No","-","-","-","-","-"
"Viet Nam","Cloud computing policies","-","-","-","-","No","No","No","-","-","-","-","-"
"Viet Nam","Internet recognized as a legal right","-","-","-","-","-","-","Yes","Yes","-","-","-","-"
"Viet Nam","National strategy, policy or initiative focusing on emerging technologies","-","-","-","-","-","Other","No such strategy is in place","No such strategy is in place","-","-","-","-"
"Zambia","National entity responsible for cloud computing","-","-","Yes","Yes","Yes","Yes","Yes","-","-","-","-","-"
"Zambia","Cloud computing policies","-","-","Yes","Yes","Yes","Yes","Yes","-","-","-","-","-"
"Zambia","Internet recognized as a legal right","-","-","-","-","-","No","No","No","No","-","Yes","-"
"Zambia","National strategy, policy or initiative focusing on emerging technologies","-","-","-","-","-","No such strategy is in place","No such strategy is in place","No such strategy is in place","No such strategy is in place","-","-","-"
"Zimbabwe","National entity responsible for cloud computing","-","-","-","-","-","Yes","Yes","-","-","-","-","-"
"Zimbabwe","Cloud computing policies","-","-","-","-","-","No","No","-","-","-","-","-"
"Zimbabwe","Internet recognized as a legal right","-","-","-","-","-","No","No","No","No","-","-","-"
"Zimbabwe","National strategy, policy or initiative focusing on emerging technologies","-","-","-","-","-","No such strategy is in place","No such strategy is in place","No such strategy is in place","No such strategy is in place","-","-","-"