"Economy","Indicator","2014","2015","2016","2017","2018","2019","2020","2021","2022","2023","2024","2025"
"Afghanistan","ICT regulator's mandate","-","-","-","-","-","-","No","No","Yes","-","-","-"
"Afghanistan","Other Government Ministry or agency mandates","-","-","-","-","-","-","Other Ministry","Other Ministry","-","-","-","-"
"Afghanistan","Regulatory or legislative framework on emergency telecommunications","-","-","-","-","-","-","-","-","-","-","-","-"
"Afghanistan","National Emergency Telecommunications Plan adopted","-","-","-","-","-","-","No","No","-","-","-","-"
"Afghanistan","Measure or initiatives for implementing the National Emergency Telecommunications Plan","-","-","-","-","-","-","Yes","Yes","-","-","-","-"
"Albania","ICT regulator's mandate","-","-","-","-","-","-","Yes","Yes","Yes","-","-","-"
"Albania","Other Government Ministry or agency mandates","-","-","-","-","-","-","Other","Other","-","-","-","-"
"Albania","Regulatory or legislative framework on emergency telecommunications","-","-","-","-","-","-","-","-","-","-","-","-"
"Albania","National Emergency Telecommunications Plan adopted","-","-","-","-","-","-","No","No","No","-","Yes","-"
"Albania","Measure or initiatives for implementing the National Emergency Telecommunications Plan","-","-","-","-","-","-","No","No","No","-","-","-"
"Algeria","ICT regulator's mandate","-","-","-","-","-","-","-","-","Yes","-","-","-"
"Algeria","Other Government Ministry or agency mandates","-","-","-","-","-","-","-","-","-","-","-","-"
"Algeria","Regulatory or legislative framework on emergency telecommunications","-","-","-","-","-","-","-","-","Yes","-","-","-"
"Algeria","National Emergency Telecommunications Plan adopted","-","-","-","-","-","-","-","-","Yes","-","-","-"
"Algeria","Measure or initiatives for implementing the National Emergency Telecommunications Plan","-","-","-","-","-","-","-","-","Yes","-","-","-"
"Angola","ICT regulator's mandate","-","-","-","-","-","-","Yes","Yes","-","-","-","-"
"Angola","Other Government Ministry or agency mandates","-","-","-","-","-","-","-","-","-","-","-","-"
"Angola","Regulatory or legislative framework on emergency telecommunications","-","-","-","-","-","-","-","-","-","-","-","-"
"Angola","National Emergency Telecommunications Plan adopted","-","-","-","-","-","-","Yes","Yes","-","-","-","-"
"Angola","Measure or initiatives for implementing the National Emergency Telecommunications Plan","-","-","-","-","-","-","Yes","Yes","-","-","-","-"
"Argentina","ICT regulator's mandate","-","-","-","-","-","-","Yes","Yes","Yes","-","-","-"
"Argentina","Other Government Ministry or agency mandates","-","-","-","-","-","-","-","-","-","-","-","-"
"Argentina","Regulatory or legislative framework on emergency telecommunications","-","-","-","-","-","-","-","-","Yes","-","-","-"
"Argentina","National Emergency Telecommunications Plan adopted","-","-","-","-","-","-","-","-","-","-","-","-"
"Argentina","Measure or initiatives for implementing the National Emergency Telecommunications Plan","-","-","-","-","-","-","-","-","-","-","-","-"
"Armenia","ICT regulator's mandate","-","-","-","-","-","-","No","No","No","-","-","-"
"Armenia","Other Government Ministry or agency mandates","-","-","-","-","-","-","Other Ministry, Sector Ministry","Sector Ministry, Other Ministry","Other Ministry, Sector Ministry","-","-","-"
"Armenia","Regulatory or legislative framework on emergency telecommunications","-","-","-","-","-","-","Yes","Yes","Yes","-","-","-"
"Armenia","National Emergency Telecommunications Plan adopted","-","-","-","-","-","-","No","No","No","-","-","-"
"Armenia","Measure or initiatives for implementing the National Emergency Telecommunications Plan","-","-","-","-","-","-","No","No","No","-","-","-"
"Australia","ICT regulator's mandate","-","-","-","-","-","-","Yes","Yes","Yes","-","Yes","-"
"Australia","Other Government Ministry or agency mandates","-","-","-","-","-","-","Sector Ministry, Other Ministry","Other Ministry, Sector Ministry","-","-","-","-"
"Australia","Regulatory or legislative framework on emergency telecommunications","-","-","-","-","-","-","No","No","No","-","-","-"
"Australia","National Emergency Telecommunications Plan adopted","-","-","-","-","-","-","No","No","No","-","No","-"
"Australia","Measure or initiatives for implementing the National Emergency Telecommunications Plan","-","-","-","-","-","-","No","No","No","-","No","-"
"Austria","ICT regulator's mandate","-","-","-","-","-","-","-","-","Yes","-","-","-"
"Austria","Other Government Ministry or agency mandates","-","-","-","-","-","-","-","-","-","-","-","-"
"Austria","Regulatory or legislative framework on emergency telecommunications","-","-","-","-","-","-","-","-","No","-","-","-"
"Austria","National Emergency Telecommunications Plan adopted","-","-","-","-","-","-","-","-","No","-","-","-"
"Austria","Measure or initiatives for implementing the National Emergency Telecommunications Plan","-","-","-","-","-","-","-","-","-","-","-","-"
"Bahamas","ICT regulator's mandate","-","-","-","-","-","-","Yes","Yes","Yes","-","Yes","-"
"Bahamas","Other Government Ministry or agency mandates","-","-","-","-","-","-","-","-","-","-","-","-"
"Bahamas","Regulatory or legislative framework on emergency telecommunications","-","-","-","-","-","-","-","-","No","-","No","-"
"Bahamas","National Emergency Telecommunications Plan adopted","-","-","-","-","-","-","-","-","No","-","No","-"
"Bahamas","Measure or initiatives for implementing the National Emergency Telecommunications Plan","-","-","-","-","-","-","-","-","No","-","Yes","-"
"Bangladesh","ICT regulator's mandate","-","-","-","-","-","-","Yes","Yes","Yes","-","-","-"
"Bangladesh","Other Government Ministry or agency mandates","-","-","-","-","-","-","-","-","-","-","-","-"
"Bangladesh","Regulatory or legislative framework on emergency telecommunications","-","-","-","-","-","-","Yes","Yes","Yes","-","-","-"
"Bangladesh","National Emergency Telecommunications Plan adopted","-","-","-","-","-","-","No","No","No","-","-","-"
"Bangladesh","Measure or initiatives for implementing the National Emergency Telecommunications Plan","-","-","-","-","-","-","No","No","No","-","-","-"
"Belarus","ICT regulator's mandate","-","-","-","-","-","-","Yes","Yes","Yes","-","-","-"
"Belarus","Other Government Ministry or agency mandates","-","-","-","-","-","-","-","-","-","-","-","-"
"Belarus","Regulatory or legislative framework on emergency telecommunications","-","-","-","-","-","-","Yes","Yes","Yes","-","-","-"
"Belarus","National Emergency Telecommunications Plan adopted","-","-","-","-","-","-","Yes","Yes","Yes","-","-","-"
"Belarus","Measure or initiatives for implementing the National Emergency Telecommunications Plan","-","-","-","-","-","-","Yes","Yes","Yes","-","-","-"
"Belgium","ICT regulator's mandate","-","-","-","-","-","-","Yes","Yes","Yes","-","Yes","-"
"Belgium","Other Government Ministry or agency mandates","-","-","-","-","-","-","-","-","-","-","-","-"
"Belgium","Regulatory or legislative framework on emergency telecommunications","-","-","-","-","-","-","-","-","No","-","No","-"
"Belgium","National Emergency Telecommunications Plan adopted","-","-","-","-","-","-","No","No","No","-","No","-"
"Belgium","Measure or initiatives for implementing the National Emergency Telecommunications Plan","-","-","-","-","-","-","No","No","No","-","No","-"
"Benin","ICT regulator's mandate","-","-","-","-","-","-","Yes","Yes","Yes","-","-","-"
"Benin","Other Government Ministry or agency mandates","-","-","-","-","-","-","-","-","-","-","-","-"
"Benin","Regulatory or legislative framework on emergency telecommunications","-","-","-","-","-","-","-","-","No","-","-","-"
"Benin","National Emergency Telecommunications Plan adopted","-","-","-","-","-","-","-","-","No","-","-","-"
"Benin","Measure or initiatives for implementing the National Emergency Telecommunications Plan","-","-","-","-","-","-","Yes","Yes","-","-","-","-"
"Bhutan","ICT regulator's mandate","-","-","-","-","-","-","Yes","Yes","-","-","-","-"
"Bhutan","Other Government Ministry or agency mandates","-","-","-","-","-","-","-","-","-","-","-","-"
"Bhutan","Regulatory or legislative framework on emergency telecommunications","-","-","-","-","-","-","-","-","-","-","-","-"
"Bhutan","National Emergency Telecommunications Plan adopted","-","-","-","-","-","-","No","No","-","-","-","-"
"Bhutan","Measure or initiatives for implementing the National Emergency Telecommunications Plan","-","-","-","-","-","-","No","No","-","-","-","-"
"Bolivia (Plurinational State of)","ICT regulator's mandate","-","-","-","-","-","-","-","-","Yes","-","-","-"
"Bolivia (Plurinational State of)","Other Government Ministry or agency mandates","-","-","-","-","-","-","-","-","-","-","-","-"
"Bolivia (Plurinational State of)","Regulatory or legislative framework on emergency telecommunications","-","-","-","-","-","-","-","-","No","-","-","-"
"Bolivia (Plurinational State of)","National Emergency Telecommunications Plan adopted","-","-","-","-","-","-","-","-","No","-","-","-"
"Bolivia (Plurinational State of)","Measure or initiatives for implementing the National Emergency Telecommunications Plan","-","-","-","-","-","-","-","-","No","-","-","-"
"Bosnia and Herzegovina","ICT regulator's mandate","-","-","-","-","-","-","No","No","No","-","-","-"
"Bosnia and Herzegovina","Other Government Ministry or agency mandates","-","-","-","-","-","-","-","-","-","-","-","-"
"Bosnia and Herzegovina","Regulatory or legislative framework on emergency telecommunications","-","-","-","-","-","-","No","No","No","-","No","-"
"Bosnia and Herzegovina","National Emergency Telecommunications Plan adopted","-","-","-","-","-","-","No","No","No","-","No","-"
"Bosnia and Herzegovina","Measure or initiatives for implementing the National Emergency Telecommunications Plan","-","-","-","-","-","-","No","No","No","-","No","-"
"Botswana","ICT regulator's mandate","-","-","-","-","-","-","-","-","Yes","-","Yes","-"
"Botswana","Other Government Ministry or agency mandates","-","-","-","-","-","-","-","-","-","-","-","-"
"Botswana","Regulatory or legislative framework on emergency telecommunications","-","-","-","-","-","-","-","-","-","-","No","-"
"Botswana","National Emergency Telecommunications Plan adopted","-","-","-","-","-","-","-","-","-","-","Yes","-"
"Botswana","Measure or initiatives for implementing the National Emergency Telecommunications Plan","-","-","-","-","-","-","-","-","-","-","Yes","-"
"Brazil","ICT regulator's mandate","-","-","-","-","-","-","-","-","Yes","-","Yes","-"
"Brazil","Other Government Ministry or agency mandates","-","-","-","-","-","-","-","-","-","-","-","-"
"Brazil","Regulatory or legislative framework on emergency telecommunications","-","-","-","-","-","-","-","-","Yes","-","Yes","-"
"Brazil","National Emergency Telecommunications Plan adopted","-","-","-","-","-","-","-","-","No","-","No","-"
"Brazil","Measure or initiatives for implementing the National Emergency Telecommunications Plan","-","-","-","-","-","-","-","-","-","-","No","-"
"Brunei Darussalam","ICT regulator's mandate","-","-","-","-","-","-","-","-","Yes","-","-","-"
"Brunei Darussalam","Other Government Ministry or agency mandates","-","-","-","-","-","-","-","-","-","-","-","-"
"Brunei Darussalam","Regulatory or legislative framework on emergency telecommunications","-","-","-","-","-","-","-","-","No","-","-","-"
"Brunei Darussalam","National Emergency Telecommunications Plan adopted","-","-","-","-","-","-","-","-","No","-","-","-"
"Brunei Darussalam","Measure or initiatives for implementing the National Emergency Telecommunications Plan","-","-","-","-","-","-","-","-","-","-","-","-"
"Bulgaria","ICT regulator's mandate","-","-","-","-","-","-","Yes","Yes","Yes","-","-","-"
"Bulgaria","Other Government Ministry or agency mandates","-","-","-","-","-","-","-","-","-","-","-","-"
"Bulgaria","Regulatory or legislative framework on emergency telecommunications","-","-","-","-","-","-","-","-","-","-","-","-"
"Bulgaria","National Emergency Telecommunications Plan adopted","-","-","-","-","-","-","-","-","-","-","-","-"
"Bulgaria","Measure or initiatives for implementing the National Emergency Telecommunications Plan","-","-","-","-","-","-","-","-","-","-","-","-"
"Burkina Faso","ICT regulator's mandate","-","-","-","-","-","-","-","-","Yes","-","-","-"
"Burkina Faso","Other Government Ministry or agency mandates","-","-","-","-","-","-","-","-","-","-","-","-"
"Burkina Faso","Regulatory or legislative framework on emergency telecommunications","-","-","-","-","-","-","-","-","-","-","-","-"
"Burkina Faso","National Emergency Telecommunications Plan adopted","-","-","-","-","-","-","-","-","-","-","-","-"
"Burkina Faso","Measure or initiatives for implementing the National Emergency Telecommunications Plan","-","-","-","-","-","-","-","-","-","-","-","-"
"Burundi","ICT regulator's mandate","-","-","-","-","-","-","No","No","No","-","-","-"
"Burundi","Other Government Ministry or agency mandates","-","-","-","-","-","-","-","-","-","-","-","-"
"Burundi","Regulatory or legislative framework on emergency telecommunications","-","-","-","-","-","-","-","-","-","-","-","-"
"Burundi","National Emergency Telecommunications Plan adopted","-","-","-","-","-","-","-","-","-","-","-","-"
"Burundi","Measure or initiatives for implementing the National Emergency Telecommunications Plan","-","-","-","-","-","-","-","-","-","-","-","-"
"Cabo Verde","ICT regulator's mandate","-","-","-","-","-","-","Yes","Yes","Yes","-","-","-"
"Cabo Verde","Other Government Ministry or agency mandates","-","-","-","-","-","-","-","-","-","-","-","-"
"Cabo Verde","Regulatory or legislative framework on emergency telecommunications","-","-","-","-","-","-","-","-","-","-","-","-"
"Cabo Verde","National Emergency Telecommunications Plan adopted","-","-","-","-","-","-","-","-","Yes","-","-","-"
"Cabo Verde","Measure or initiatives for implementing the National Emergency Telecommunications Plan","-","-","-","-","-","-","-","-","-","-","-","-"
"Cambodia","ICT regulator's mandate","-","-","-","-","-","-","Yes","Yes","Yes","-","-","-"
"Cambodia","Other Government Ministry or agency mandates","-","-","-","-","-","-","-","-","-","-","-","-"
"Cambodia","Regulatory or legislative framework on emergency telecommunications","-","-","-","-","-","-","No","No","No","-","-","-"
"Cambodia","National Emergency Telecommunications Plan adopted","-","-","-","-","-","-","No","No","No","-","-","-"
"Cambodia","Measure or initiatives for implementing the National Emergency Telecommunications Plan","-","-","-","-","-","-","No","No","No","-","-","-"
"Cameroon","ICT regulator's mandate","-","-","-","-","-","-","No","No","-","-","No","-"
"Cameroon","Other Government Ministry or agency mandates","-","-","-","-","-","-","Sector Ministry, Other Ministry","Sector Ministry, Other Ministry","-","-","Sector Ministry","-"
"Cameroon","Regulatory or legislative framework on emergency telecommunications","-","-","-","-","-","-","-","-","-","-","Yes","-"
"Cameroon","National Emergency Telecommunications Plan adopted","-","-","-","-","-","-","No","No","-","-","Yes","-"
"Cameroon","Measure or initiatives for implementing the National Emergency Telecommunications Plan","-","-","-","-","-","-","-","-","-","-","Yes","-"
"Canada","ICT regulator's mandate","-","-","-","-","-","-","Yes","Yes","Yes","-","Yes","-"
"Canada","Other Government Ministry or agency mandates","-","-","-","-","-","-","-","-","-","-","-","-"
"Canada","Regulatory or legislative framework on emergency telecommunications","-","-","-","-","-","-","-","-","-","-","Yes","-"
"Canada","National Emergency Telecommunications Plan adopted","-","-","-","-","-","-","-","-","-","-","Yes","-"
"Canada","Measure or initiatives for implementing the National Emergency Telecommunications Plan","-","-","-","-","-","-","-","-","-","-","-","-"
"Chile","ICT regulator's mandate","-","-","-","-","-","-","Yes","Yes","Yes","-","Yes","-"
"Chile","Other Government Ministry or agency mandates","-","-","-","-","-","-","-","-","-","-","-","-"
"Chile","Regulatory or legislative framework on emergency telecommunications","-","-","-","-","-","-","-","-","No","-","Yes","-"
"Chile","National Emergency Telecommunications Plan adopted","-","-","-","-","-","-","-","-","-","-","Yes","-"
"Chile","Measure or initiatives for implementing the National Emergency Telecommunications Plan","-","-","-","-","-","-","-","-","-","-","Yes","-"
"China","ICT regulator's mandate","-","-","-","-","-","-","-","-","-","-","Yes","-"
"China","Other Government Ministry or agency mandates","-","-","-","-","-","-","-","-","-","-","-","-"
"China","Regulatory or legislative framework on emergency telecommunications","-","-","-","-","-","-","-","-","-","-","No","-"
"China","National Emergency Telecommunications Plan adopted","-","-","-","-","-","-","-","-","-","-","Yes","-"
"China","Measure or initiatives for implementing the National Emergency Telecommunications Plan","-","-","-","-","-","-","-","-","-","-","Yes","-"
"Colombia","ICT regulator's mandate","-","-","-","-","-","-","No","No","Yes","-","-","-"
"Colombia","Other Government Ministry or agency mandates","-","-","-","-","-","-","Sector Ministry","Sector Ministry","-","-","-","-"
"Colombia","Regulatory or legislative framework on emergency telecommunications","-","-","-","-","-","-","-","-","Yes","-","-","-"
"Colombia","National Emergency Telecommunications Plan adopted","-","-","-","-","-","-","Yes","Yes","Yes","-","-","-"
"Colombia","Measure or initiatives for implementing the National Emergency Telecommunications Plan","-","-","-","-","-","-","-","-","Yes","-","-","-"
"Congo (Rep. of the)","ICT regulator's mandate","-","-","-","-","-","-","No","No","Yes","-","Yes","-"
"Congo (Rep. of the)","Other Government Ministry or agency mandates","-","-","-","-","-","-","Sector Ministry","Sector Ministry","-","-","Sector Ministry","-"
"Congo (Rep. of the)","Regulatory or legislative framework on emergency telecommunications","-","-","-","-","-","-","No","No","No","-","No","-"
"Congo (Rep. of the)","National Emergency Telecommunications Plan adopted","-","-","-","-","-","-","No","No","No","-","No","-"
"Congo (Rep. of the)","Measure or initiatives for implementing the National Emergency Telecommunications Plan","-","-","-","-","-","-","-","-","No","-","No","-"
"Costa Rica","ICT regulator's mandate","-","-","-","-","-","-","-","-","No","-","No","-"
"Costa Rica","Other Government Ministry or agency mandates","-","-","-","-","-","-","-","-","Sector Ministry","-","Sector Ministry","-"
"Costa Rica","Regulatory or legislative framework on emergency telecommunications","-","-","-","-","-","-","-","-","No","-","No","-"
"Costa Rica","National Emergency Telecommunications Plan adopted","-","-","-","-","-","-","-","-","No","-","No","-"
"Costa Rica","Measure or initiatives for implementing the National Emergency Telecommunications Plan","-","-","-","-","-","-","-","-","No","-","No","-"
"Croatia","ICT regulator's mandate","-","-","-","-","-","-","No","No","No","-","-","-"
"Croatia","Other Government Ministry or agency mandates","-","-","-","-","-","-","Other Ministry, Sector Ministry","Sector Ministry, Other Ministry","Sector Ministry, Other Ministry","-","-","-"
"Croatia","Regulatory or legislative framework on emergency telecommunications","-","-","-","-","-","-","-","-","-","-","-","-"
"Croatia","National Emergency Telecommunications Plan adopted","-","-","-","-","-","-","Yes","Yes","Yes","-","-","-"
"Croatia","Measure or initiatives for implementing the National Emergency Telecommunications Plan","-","-","-","-","-","-","Yes","Yes","Yes","-","-","-"
"Cuba","ICT regulator's mandate","-","-","-","-","-","-","-","-","Yes","-","-","-"
"Cuba","Other Government Ministry or agency mandates","-","-","-","-","-","-","-","-","-","-","-","-"
"Cuba","Regulatory or legislative framework on emergency telecommunications","-","-","-","-","-","-","-","-","Yes","-","-","-"
"Cuba","National Emergency Telecommunications Plan adopted","-","-","-","-","-","-","-","-","-","-","-","-"
"Cuba","Measure or initiatives for implementing the National Emergency Telecommunications Plan","-","-","-","-","-","-","-","-","-","-","-","-"
"Cyprus","ICT regulator's mandate","-","-","-","-","-","-","Yes","Yes","Yes","-","Yes","-"
"Cyprus","Other Government Ministry or agency mandates","-","-","-","-","-","-","Other","Other","-","-","-","-"
"Cyprus","Regulatory or legislative framework on emergency telecommunications","-","-","-","-","-","-","-","-","Yes","-","Yes","-"
"Cyprus","National Emergency Telecommunications Plan adopted","-","-","-","-","-","-","Yes","Yes","Yes","-","Yes","-"
"Cyprus","Measure or initiatives for implementing the National Emergency Telecommunications Plan","-","-","-","-","-","-","Yes","Yes","Yes","-","Yes","-"
"Czech Republic","ICT regulator's mandate","-","-","-","-","-","-","-","-","No","-","Yes","-"
"Czech Republic","Other Government Ministry or agency mandates","-","-","-","-","-","-","-","-","Other Ministry","-","-","-"
"Czech Republic","Regulatory or legislative framework on emergency telecommunications","-","-","-","-","-","-","-","-","Yes","-","Yes","-"
"Czech Republic","National Emergency Telecommunications Plan adopted","-","-","-","-","-","-","-","-","No","-","No","-"
"Czech Republic","Measure or initiatives for implementing the National Emergency Telecommunications Plan","-","-","-","-","-","-","-","-","No","-","No","-"
"Dominican Rep.","ICT regulator's mandate","-","-","-","-","-","-","Yes","Yes","Yes","-","Yes","-"
"Dominican Rep.","Other Government Ministry or agency mandates","-","-","-","-","-","-","-","-","-","-","-","-"
"Dominican Rep.","Regulatory or legislative framework on emergency telecommunications","-","-","-","-","-","-","Yes","Yes","Yes","-","Yes","-"
"Dominican Rep.","National Emergency Telecommunications Plan adopted","-","-","-","-","-","-","Yes","Yes","Yes","-","Yes","-"
"Dominican Rep.","Measure or initiatives for implementing the National Emergency Telecommunications Plan","-","-","-","-","-","-","Yes","Yes","Yes","-","Yes","-"
"Ecuador","ICT regulator's mandate","-","-","-","-","-","-","No","No","-","-","-","-"
"Ecuador","Other Government Ministry or agency mandates","-","-","-","-","-","-","Sector Ministry","Sector Ministry","-","-","-","-"
"Ecuador","Regulatory or legislative framework on emergency telecommunications","-","-","-","-","-","-","-","-","-","-","-","-"
"Ecuador","National Emergency Telecommunications Plan adopted","-","-","-","-","-","-","-","-","-","-","-","-"
"Ecuador","Measure or initiatives for implementing the National Emergency Telecommunications Plan","-","-","-","-","-","-","-","-","-","-","-","-"
"Egypt","ICT regulator's mandate","-","-","-","-","-","-","Yes","Yes","Yes","-","Yes","-"
"Egypt","Other Government Ministry or agency mandates","-","-","-","-","-","-","-","-","-","-","-","-"
"Egypt","Regulatory or legislative framework on emergency telecommunications","-","-","-","-","-","-","Yes","Yes","Yes","-","Yes","-"
"Egypt","National Emergency Telecommunications Plan adopted","-","-","-","-","-","-","Yes","Yes","Yes","-","Yes","-"
"Egypt","Measure or initiatives for implementing the National Emergency Telecommunications Plan","-","-","-","-","-","-","Yes","Yes","Yes","-","Yes","-"
"Equatorial Guinea","ICT regulator's mandate","-","-","-","-","-","-","No","No","No","-","-","-"
"Equatorial Guinea","Other Government Ministry or agency mandates","-","-","-","-","-","-","Other Ministry","Other Ministry","Other Ministry","-","-","-"
"Equatorial Guinea","Regulatory or legislative framework on emergency telecommunications","-","-","-","-","-","-","-","-","No","-","-","-"
"Equatorial Guinea","National Emergency Telecommunications Plan adopted","-","-","-","-","-","-","No","No","No","-","-","-"
"Equatorial Guinea","Measure or initiatives for implementing the National Emergency Telecommunications Plan","-","-","-","-","-","-","Yes","Yes","No","-","-","-"
"Estonia","ICT regulator's mandate","-","-","-","-","-","-","No","No","No","-","-","-"
"Estonia","Other Government Ministry or agency mandates","-","-","-","-","-","-","Sector Ministry","Sector Ministry","Sector Ministry","-","-","-"
"Estonia","Regulatory or legislative framework on emergency telecommunications","-","-","-","-","-","-","-","-","-","-","-","-"
"Estonia","National Emergency Telecommunications Plan adopted","-","-","-","-","-","-","No","No","No","-","-","-"
"Estonia","Measure or initiatives for implementing the National Emergency Telecommunications Plan","-","-","-","-","-","-","No","No","No","-","-","-"
"Finland","ICT regulator's mandate","-","-","-","-","-","-","Yes","Yes","Yes","-","Yes","-"
"Finland","Other Government Ministry or agency mandates","-","-","-","-","-","-","Sector Ministry, Other Ministry, Specialized agency","Sector Ministry, Specialized agency, Other Ministry","-","-","-","-"
"Finland","Regulatory or legislative framework on emergency telecommunications","-","-","-","-","-","-","-","-","Yes","-","Yes","-"
"Finland","National Emergency Telecommunications Plan adopted","-","-","-","-","-","-","Yes","Yes","Yes","-","Yes","-"
"Finland","Measure or initiatives for implementing the National Emergency Telecommunications Plan","-","-","-","-","-","-","Yes","Yes","Yes","-","Yes","-"
"France","ICT regulator's mandate","-","-","-","-","-","-","No","No","No","-","No","-"
"France","Other Government Ministry or agency mandates","-","-","-","-","-","-","Sector Ministry, Other Ministry","Sector Ministry, Other Ministry","Sector Ministry, Other Ministry","-","Sector Ministry","-"
"France","Regulatory or legislative framework on emergency telecommunications","-","-","-","-","-","-","-","-","Yes","-","Yes","-"
"France","National Emergency Telecommunications Plan adopted","-","-","-","-","-","-","-","-","-","-","Yes","-"
"France","Measure or initiatives for implementing the National Emergency Telecommunications Plan","-","-","-","-","-","-","-","-","-","-","No","-"
"Gabon","ICT regulator's mandate","-","-","-","-","-","-","No","No","No","-","-","-"
"Gabon","Other Government Ministry or agency mandates","-","-","-","-","-","-","-","-","-","-","-","-"
"Gabon","Regulatory or legislative framework on emergency telecommunications","-","-","-","-","-","-","-","-","-","-","-","-"
"Gabon","National Emergency Telecommunications Plan adopted","-","-","-","-","-","-","-","-","-","-","-","-"
"Gabon","Measure or initiatives for implementing the National Emergency Telecommunications Plan","-","-","-","-","-","-","-","-","-","-","-","-"
"Gambia","ICT regulator's mandate","-","-","-","-","-","-","-","-","-","-","Yes","-"
"Gambia","Other Government Ministry or agency mandates","-","-","-","-","-","-","-","-","-","-","-","-"
"Gambia","Regulatory or legislative framework on emergency telecommunications","-","-","-","-","-","-","-","-","-","-","Yes","-"
"Gambia","National Emergency Telecommunications Plan adopted","-","-","-","-","-","-","-","-","-","-","-","-"
"Gambia","Measure or initiatives for implementing the National Emergency Telecommunications Plan","-","-","-","-","-","-","-","-","-","-","-","-"
"Georgia","ICT regulator's mandate","-","-","-","-","-","-","-","-","-","-","Yes","-"
"Georgia","Other Government Ministry or agency mandates","-","-","-","-","-","-","-","-","-","-","-","-"
"Georgia","Regulatory or legislative framework on emergency telecommunications","-","-","-","-","-","-","-","-","No","-","No","-"
"Georgia","National Emergency Telecommunications Plan adopted","-","-","-","-","-","-","-","-","-","-","No","-"
"Georgia","Measure or initiatives for implementing the National Emergency Telecommunications Plan","-","-","-","-","-","-","-","-","-","-","No","-"
"Germany","ICT regulator's mandate","-","-","-","-","-","-","Yes","Yes","Yes","-","Yes","-"
"Germany","Other Government Ministry or agency mandates","-","-","-","-","-","-","-","-","-","-","-","-"
"Germany","Regulatory or legislative framework on emergency telecommunications","-","-","-","-","-","-","-","-","-","-","-","-"
"Germany","National Emergency Telecommunications Plan adopted","-","-","-","-","-","-","-","-","-","-","-","-"
"Germany","Measure or initiatives for implementing the National Emergency Telecommunications Plan","-","-","-","-","-","-","-","-","-","-","-","-"
"Ghana","ICT regulator's mandate","-","-","-","-","-","-","-","-","-","-","Yes","-"
"Ghana","Other Government Ministry or agency mandates","-","-","-","-","-","-","-","-","-","-","-","-"
"Ghana","Regulatory or legislative framework on emergency telecommunications","-","-","-","-","-","-","-","-","-","-","Yes","-"
"Ghana","National Emergency Telecommunications Plan adopted","-","-","-","-","-","-","-","-","-","-","Yes","-"
"Ghana","Measure or initiatives for implementing the National Emergency Telecommunications Plan","-","-","-","-","-","-","-","-","-","-","Yes","-"
"Greece","ICT regulator's mandate","-","-","-","-","-","-","No","No","No","-","-","-"
"Greece","Other Government Ministry or agency mandates","-","-","-","-","-","-","-","-","-","-","-","-"
"Greece","Regulatory or legislative framework on emergency telecommunications","-","-","-","-","-","-","-","-","-","-","-","-"
"Greece","National Emergency Telecommunications Plan adopted","-","-","-","-","-","-","-","-","-","-","-","-"
"Greece","Measure or initiatives for implementing the National Emergency Telecommunications Plan","-","-","-","-","-","-","-","-","-","-","-","-"
"Grenada","ICT regulator's mandate","-","-","-","-","-","-","Yes","Yes","Yes","-","-","-"
"Grenada","Other Government Ministry or agency mandates","-","-","-","-","-","-","-","-","-","-","-","-"
"Grenada","Regulatory or legislative framework on emergency telecommunications","-","-","-","-","-","-","No","No","-","-","-","-"
"Grenada","National Emergency Telecommunications Plan adopted","-","-","-","-","-","-","No","No","Yes","-","-","-"
"Grenada","Measure or initiatives for implementing the National Emergency Telecommunications Plan","-","-","-","-","-","-","No","No","No","-","-","-"
"Guatemala","ICT regulator's mandate","-","-","-","-","-","-","No","No","No","-","No","-"
"Guatemala","Other Government Ministry or agency mandates","-","-","-","-","-","-","Specialized agency","Specialized agency","Other, Specialized agency","-","Specialized agency","-"
"Guatemala","Regulatory or legislative framework on emergency telecommunications","-","-","-","-","-","-","No","No","No","-","No","-"
"Guatemala","National Emergency Telecommunications Plan adopted","-","-","-","-","-","-","No","No","No","-","No","-"
"Guatemala","Measure or initiatives for implementing the National Emergency Telecommunications Plan","-","-","-","-","-","-","Yes","Yes","Yes","-","No","-"
"Guyana","ICT regulator's mandate","-","-","-","-","-","-","No","No","-","-","-","-"
"Guyana","Other Government Ministry or agency mandates","-","-","-","-","-","-","-","-","-","-","-","-"
"Guyana","Regulatory or legislative framework on emergency telecommunications","-","-","-","-","-","-","-","-","-","-","-","-"
"Guyana","National Emergency Telecommunications Plan adopted","-","-","-","-","-","-","No","No","-","-","-","-"
"Guyana","Measure or initiatives for implementing the National Emergency Telecommunications Plan","-","-","-","-","-","-","-","-","-","-","-","-"
"Hong Kong, China","ICT regulator's mandate","-","-","-","-","-","-","No","No","No","-","No","-"
"Hong Kong, China","Other Government Ministry or agency mandates","-","-","-","-","-","-","Other Ministry","Other Ministry","Other Ministry","-","Other Ministry","-"
"Hong Kong, China","Regulatory or legislative framework on emergency telecommunications","-","-","-","-","-","-","Yes","Yes","Yes","-","Yes","-"
"Hong Kong, China","National Emergency Telecommunications Plan adopted","-","-","-","-","-","-","-","-","-","-","No","-"
"Hong Kong, China","Measure or initiatives for implementing the National Emergency Telecommunications Plan","-","-","-","-","-","-","-","-","-","-","-","-"
"Hungary","ICT regulator's mandate","-","-","-","-","-","-","No","No","No","-","-","-"
"Hungary","Other Government Ministry or agency mandates","-","-","-","-","-","-","Sector Ministry","Sector Ministry","Sector Ministry","-","-","-"
"Hungary","Regulatory or legislative framework on emergency telecommunications","-","-","-","-","-","-","-","-","-","-","-","-"
"Hungary","National Emergency Telecommunications Plan adopted","-","-","-","-","-","-","No","No","No","-","-","-"
"Hungary","Measure or initiatives for implementing the National Emergency Telecommunications Plan","-","-","-","-","-","-","No","No","No","-","-","-"
"Iceland","ICT regulator's mandate","-","-","-","-","-","-","No","No","No","-","No","-"
"Iceland","Other Government Ministry or agency mandates","-","-","-","-","-","-","Specialized agency","Specialized agency","Specialized agency","-","Specialized agency","-"
"Iceland","Regulatory or legislative framework on emergency telecommunications","-","-","-","-","-","-","Yes","Yes","Yes","-","Yes","-"
"Iceland","National Emergency Telecommunications Plan adopted","-","-","-","-","-","-","-","-","-","-","-","-"
"Iceland","Measure or initiatives for implementing the National Emergency Telecommunications Plan","-","-","-","-","-","-","-","-","-","-","-","-"
"India","ICT regulator's mandate","-","-","-","-","-","-","Yes","Yes","Yes","-","Yes","-"
"India","Other Government Ministry or agency mandates","-","-","-","-","-","-","-","-","Sector Ministry","-","-","-"
"India","Regulatory or legislative framework on emergency telecommunications","-","-","-","-","-","-","Yes","Yes","Yes","-","Yes","-"
"India","National Emergency Telecommunications Plan adopted","-","-","-","-","-","-","-","-","Yes","-","Yes","-"
"India","Measure or initiatives for implementing the National Emergency Telecommunications Plan","-","-","-","-","-","-","-","-","Yes","-","Yes","-"
"Indonesia","ICT regulator's mandate","-","-","-","-","-","-","Yes","Yes","Yes","-","Yes","-"
"Indonesia","Other Government Ministry or agency mandates","-","-","-","-","-","-","-","-","-","-","-","-"
"Indonesia","Regulatory or legislative framework on emergency telecommunications","-","-","-","-","-","-","-","-","-","-","Yes","-"
"Indonesia","National Emergency Telecommunications Plan adopted","-","-","-","-","-","-","No","No","No","-","-","-"
"Indonesia","Measure or initiatives for implementing the National Emergency Telecommunications Plan","-","-","-","-","-","-","-","-","-","-","No","-"
"Iran (Islamic Republic of)","ICT regulator's mandate","-","-","-","-","-","-","Yes","Yes","Yes","-","-","-"
"Iran (Islamic Republic of)","Other Government Ministry or agency mandates","-","-","-","-","-","-","-","-","-","-","-","-"
"Iran (Islamic Republic of)","Regulatory or legislative framework on emergency telecommunications","-","-","-","-","-","-","-","-","Yes","-","-","-"
"Iran (Islamic Republic of)","National Emergency Telecommunications Plan adopted","-","-","-","-","-","-","Yes","Yes","Yes","-","-","-"
"Iran (Islamic Republic of)","Measure or initiatives for implementing the National Emergency Telecommunications Plan","-","-","-","-","-","-","Yes","Yes","Yes","-","-","-"
"Iraq","ICT regulator's mandate","-","-","-","-","-","-","Yes","Yes","Yes","-","Yes","-"
"Iraq","Other Government Ministry or agency mandates","-","-","-","-","-","-","-","-","-","-","-","-"
"Iraq","Regulatory or legislative framework on emergency telecommunications","-","-","-","-","-","-","-","-","-","-","Yes","-"
"Iraq","National Emergency Telecommunications Plan adopted","-","-","-","-","-","-","Yes","Yes","Yes","-","Yes","-"
"Iraq","Measure or initiatives for implementing the National Emergency Telecommunications Plan","-","-","-","-","-","-","-","-","-","-","Yes","-"
"Ireland","ICT regulator's mandate","-","-","-","-","-","-","Yes","Yes","Yes","-","-","-"
"Ireland","Other Government Ministry or agency mandates","-","-","-","-","-","-","-","-","-","-","-","-"
"Ireland","Regulatory or legislative framework on emergency telecommunications","-","-","-","-","-","-","Yes","Yes","Yes","-","-","-"
"Ireland","National Emergency Telecommunications Plan adopted","-","-","-","-","-","-","-","-","-","-","-","-"
"Ireland","Measure or initiatives for implementing the National Emergency Telecommunications Plan","-","-","-","-","-","-","-","-","-","-","-","-"
"Israel","ICT regulator's mandate","-","-","-","-","-","-","Yes","Yes","Yes","-","Yes","-"
"Israel","Other Government Ministry or agency mandates","-","-","-","-","-","-","-","-","-","-","-","-"
"Israel","Regulatory or legislative framework on emergency telecommunications","-","-","-","-","-","-","-","-","No","-","Yes","-"
"Israel","National Emergency Telecommunications Plan adopted","-","-","-","-","-","-","No","No","No","-","No","-"
"Israel","Measure or initiatives for implementing the National Emergency Telecommunications Plan","-","-","-","-","-","-","No","No","No","-","No","-"
"Japan","ICT regulator's mandate","-","-","-","-","-","-","Yes","Yes","Yes","-","Yes","-"
"Japan","Other Government Ministry or agency mandates","-","-","-","-","-","-","-","-","-","-","-","-"
"Japan","Regulatory or legislative framework on emergency telecommunications","-","-","-","-","-","-","Yes","Yes","Yes","-","Yes","-"
"Japan","National Emergency Telecommunications Plan adopted","-","-","-","-","-","-","Yes","Yes","Yes","-","Yes","-"
"Japan","Measure or initiatives for implementing the National Emergency Telecommunications Plan","-","-","-","-","-","-","No","No","No","-","No","-"
"Jordan","ICT regulator's mandate","-","-","-","-","-","-","No","No","-","-","-","-"
"Jordan","Other Government Ministry or agency mandates","-","-","-","-","-","-","Specialized agency","Specialized agency","-","-","-","-"
"Jordan","Regulatory or legislative framework on emergency telecommunications","-","-","-","-","-","-","Yes","Yes","-","-","-","-"
"Jordan","National Emergency Telecommunications Plan adopted","-","-","-","-","-","-","Yes","Yes","-","-","-","-"
"Jordan","Measure or initiatives for implementing the National Emergency Telecommunications Plan","-","-","-","-","-","-","Yes","Yes","-","-","-","-"
"Kenya","ICT regulator's mandate","-","-","-","-","-","-","Yes","Yes","Yes","-","-","-"
"Kenya","Other Government Ministry or agency mandates","-","-","-","-","-","-","-","-","-","-","-","-"
"Kenya","Regulatory or legislative framework on emergency telecommunications","-","-","-","-","-","-","No","No","No","-","-","-"
"Kenya","National Emergency Telecommunications Plan adopted","-","-","-","-","-","-","No","No","No","-","-","-"
"Kenya","Measure or initiatives for implementing the National Emergency Telecommunications Plan","-","-","-","-","-","-","No","No","No","-","-","-"
"Korea (Rep. of)","ICT regulator's mandate","-","-","-","-","-","-","No","No","-","-","-","-"
"Korea (Rep. of)","Other Government Ministry or agency mandates","-","-","-","-","-","-","-","-","-","-","-","-"
"Korea (Rep. of)","Regulatory or legislative framework on emergency telecommunications","-","-","-","-","-","-","Yes","Yes","-","-","-","-"
"Korea (Rep. of)","National Emergency Telecommunications Plan adopted","-","-","-","-","-","-","Yes","Yes","-","-","-","-"
"Korea (Rep. of)","Measure or initiatives for implementing the National Emergency Telecommunications Plan","-","-","-","-","-","-","Yes","Yes","-","-","-","-"
"Kuwait","ICT regulator's mandate","-","-","-","-","-","-","Yes","Yes","Yes","-","Yes","-"
"Kuwait","Other Government Ministry or agency mandates","-","-","-","-","-","-","-","-","-","-","-","-"
"Kuwait","Regulatory or legislative framework on emergency telecommunications","-","-","-","-","-","-","No","No","No","-","No","-"
"Kuwait","National Emergency Telecommunications Plan adopted","-","-","-","-","-","-","No","No","No","-","No","-"
"Kuwait","Measure or initiatives for implementing the National Emergency Telecommunications Plan","-","-","-","-","-","-","Yes","Yes","Yes","-","No","-"
"Kyrgyzstan","ICT regulator's mandate","-","-","-","-","-","-","No","No","-","-","-","-"
"Kyrgyzstan","Other Government Ministry or agency mandates","-","-","-","-","-","-","Sector Ministry","Sector Ministry","-","-","-","-"
"Kyrgyzstan","Regulatory or legislative framework on emergency telecommunications","-","-","-","-","-","-","-","-","-","-","-","-"
"Kyrgyzstan","National Emergency Telecommunications Plan adopted","-","-","-","-","-","-","-","-","-","-","-","-"
"Kyrgyzstan","Measure or initiatives for implementing the National Emergency Telecommunications Plan","-","-","-","-","-","-","-","-","-","-","-","-"
"Latvia","ICT regulator's mandate","-","-","-","-","-","-","-","-","-","-","No","-"
"Latvia","Other Government Ministry or agency mandates","-","-","-","-","-","-","-","-","-","-","Sector Ministry","-"
"Latvia","Regulatory or legislative framework on emergency telecommunications","-","-","-","-","-","-","-","-","-","-","No","-"
"Latvia","National Emergency Telecommunications Plan adopted","-","-","-","-","-","-","-","-","-","-","No","-"
"Latvia","Measure or initiatives for implementing the National Emergency Telecommunications Plan","-","-","-","-","-","-","-","-","-","-","No","-"
"Lesotho","ICT regulator's mandate","-","-","-","-","-","-","-","-","-","-","-","-"
"Lesotho","Other Government Ministry or agency mandates","-","-","-","-","-","-","-","-","-","-","-","-"
"Lesotho","Regulatory or legislative framework on emergency telecommunications","-","-","-","-","-","-","-","-","-","-","-","-"
"Lesotho","National Emergency Telecommunications Plan adopted","-","-","-","-","-","-","-","-","-","-","No","-"
"Lesotho","Measure or initiatives for implementing the National Emergency Telecommunications Plan","-","-","-","-","-","-","-","-","-","-","-","-"
"Liberia","ICT regulator's mandate","-","-","-","-","-","-","-","-","-","-","Yes","-"
"Liberia","Other Government Ministry or agency mandates","-","-","-","-","-","-","-","-","-","-","-","-"
"Liberia","Regulatory or legislative framework on emergency telecommunications","-","-","-","-","-","-","-","-","-","-","No","-"
"Liberia","National Emergency Telecommunications Plan adopted","-","-","-","-","-","-","-","-","-","-","No","-"
"Liberia","Measure or initiatives for implementing the National Emergency Telecommunications Plan","-","-","-","-","-","-","-","-","-","-","No","-"
"Libya","ICT regulator's mandate","-","-","-","-","-","-","No","No","-","-","-","-"
"Libya","Other Government Ministry or agency mandates","-","-","-","-","-","-","-","-","-","-","-","-"
"Libya","Regulatory or legislative framework on emergency telecommunications","-","-","-","-","-","-","-","-","-","-","-","-"
"Libya","National Emergency Telecommunications Plan adopted","-","-","-","-","-","-","-","-","-","-","-","-"
"Libya","Measure or initiatives for implementing the National Emergency Telecommunications Plan","-","-","-","-","-","-","-","-","-","-","-","-"
"Liechtenstein","ICT regulator's mandate","-","-","-","-","-","-","No","No","No","-","No","-"
"Liechtenstein","Other Government Ministry or agency mandates","-","-","-","-","-","-","Other Ministry","Other Ministry","Sector Ministry","-","Sector Ministry","-"
"Liechtenstein","Regulatory or legislative framework on emergency telecommunications","-","-","-","-","-","-","-","-","No","-","No","-"
"Liechtenstein","National Emergency Telecommunications Plan adopted","-","-","-","-","-","-","Yes","Yes","Yes","-","Yes","-"
"Liechtenstein","Measure or initiatives for implementing the National Emergency Telecommunications Plan","-","-","-","-","-","-","Yes","Yes","No","-","Yes","-"
"Lithuania","ICT regulator's mandate","-","-","-","-","-","-","No","No","Yes","-","Yes","-"
"Lithuania","Other Government Ministry or agency mandates","-","-","-","-","-","-","-","-","-","-","Other Ministry","-"
"Lithuania","Regulatory or legislative framework on emergency telecommunications","-","-","-","-","-","-","-","-","-","-","No","-"
"Lithuania","National Emergency Telecommunications Plan adopted","-","-","-","-","-","-","No","No","No","-","No","-"
"Lithuania","Measure or initiatives for implementing the National Emergency Telecommunications Plan","-","-","-","-","-","-","No","No","No","-","Yes","-"
"Luxembourg","ICT regulator's mandate","-","-","-","-","-","-","No","No","No","-","-","-"
"Luxembourg","Other Government Ministry or agency mandates","-","-","-","-","-","-","Specialized agency","Specialized agency","Specialized agency","-","-","-"
"Luxembourg","Regulatory or legislative framework on emergency telecommunications","-","-","-","-","-","-","Yes","Yes","Yes","-","-","-"
"Luxembourg","National Emergency Telecommunications Plan adopted","-","-","-","-","-","-","No","No","No","-","-","-"
"Luxembourg","Measure or initiatives for implementing the National Emergency Telecommunications Plan","-","-","-","-","-","-","No","No","No","-","-","-"
"Malawi","ICT regulator's mandate","-","-","-","-","-","-","Yes","Yes","Yes","-","-","-"
"Malawi","Other Government Ministry or agency mandates","-","-","-","-","-","-","-","-","-","-","-","-"
"Malawi","Regulatory or legislative framework on emergency telecommunications","-","-","-","-","-","-","-","-","No","-","-","-"
"Malawi","National Emergency Telecommunications Plan adopted","-","-","-","-","-","-","No","No","No","-","-","-"
"Malawi","Measure or initiatives for implementing the National Emergency Telecommunications Plan","-","-","-","-","-","-","No","No","No","-","-","-"
"Malaysia","ICT regulator's mandate","-","-","-","-","-","-","No","No","-","-","-","-"
"Malaysia","Other Government Ministry or agency mandates","-","-","-","-","-","-","Sector Ministry","Sector Ministry","-","-","-","-"
"Malaysia","Regulatory or legislative framework on emergency telecommunications","-","-","-","-","-","-","-","-","-","-","-","-"
"Malaysia","National Emergency Telecommunications Plan adopted","-","-","-","-","-","-","-","-","-","-","-","-"
"Malaysia","Measure or initiatives for implementing the National Emergency Telecommunications Plan","-","-","-","-","-","-","-","-","-","-","-","-"
"Mali","ICT regulator's mandate","-","-","-","-","-","-","Yes","Yes","-","-","-","-"
"Mali","Other Government Ministry or agency mandates","-","-","-","-","-","-","-","-","-","-","-","-"
"Mali","Regulatory or legislative framework on emergency telecommunications","-","-","-","-","-","-","No","No","-","-","-","-"
"Mali","National Emergency Telecommunications Plan adopted","-","-","-","-","-","-","No","No","-","-","-","-"
"Mali","Measure or initiatives for implementing the National Emergency Telecommunications Plan","-","-","-","-","-","-","No","No","-","-","-","-"
"Malta","ICT regulator's mandate","-","-","-","-","-","-","No","No","No","-","-","-"
"Malta","Other Government Ministry or agency mandates","-","-","-","-","-","-","Other Ministry","Other Ministry","Other Ministry","-","-","-"
"Malta","Regulatory or legislative framework on emergency telecommunications","-","-","-","-","-","-","-","-","-","-","-","-"
"Malta","National Emergency Telecommunications Plan adopted","-","-","-","-","-","-","-","-","-","-","-","-"
"Malta","Measure or initiatives for implementing the National Emergency Telecommunications Plan","-","-","-","-","-","-","-","-","-","-","-","-"
"Marshall Islands","ICT regulator's mandate","-","-","-","-","-","-","-","-","-","-","Yes","-"
"Marshall Islands","Other Government Ministry or agency mandates","-","-","-","-","-","-","-","-","-","-","-","-"
"Marshall Islands","Regulatory or legislative framework on emergency telecommunications","-","-","-","-","-","-","-","-","-","-","No","-"
"Marshall Islands","National Emergency Telecommunications Plan adopted","-","-","-","-","-","-","-","-","-","-","No","-"
"Marshall Islands","Measure or initiatives for implementing the National Emergency Telecommunications Plan","-","-","-","-","-","-","-","-","-","-","Yes","-"
"Mauritius","ICT regulator's mandate","-","-","-","-","-","-","-","-","-","-","-","-"
"Mauritius","Other Government Ministry or agency mandates","-","-","-","-","-","-","-","-","-","-","-","-"
"Mauritius","Regulatory or legislative framework on emergency telecommunications","-","-","-","-","-","-","-","-","-","-","No","-"
"Mauritius","National Emergency Telecommunications Plan adopted","-","-","-","-","-","-","-","-","-","-","No","-"
"Mauritius","Measure or initiatives for implementing the National Emergency Telecommunications Plan","-","-","-","-","-","-","-","-","-","-","-","-"
"Mexico","ICT regulator's mandate","-","-","-","-","-","-","Yes","Yes","Yes","-","Yes","-"
"Mexico","Other Government Ministry or agency mandates","-","-","-","-","-","-","Other Ministry","Other Ministry","-","-","-","-"
"Mexico","Regulatory or legislative framework on emergency telecommunications","-","-","-","-","-","-","Yes","Yes","Yes","-","Yes","-"
"Mexico","National Emergency Telecommunications Plan adopted","-","-","-","-","-","-","No","No","Yes","-","No","-"
"Mexico","Measure or initiatives for implementing the National Emergency Telecommunications Plan","-","-","-","-","-","-","-","-","No","-","No","-"
"Moldova","ICT regulator's mandate","-","-","-","-","-","-","No","No","No","-","-","-"
"Moldova","Other Government Ministry or agency mandates","-","-","-","-","-","-","Other Ministry","Other Ministry","Other Ministry","-","-","-"
"Moldova","Regulatory or legislative framework on emergency telecommunications","-","-","-","-","-","-","Yes","Yes","Yes","-","-","-"
"Moldova","National Emergency Telecommunications Plan adopted","-","-","-","-","-","-","-","-","-","-","-","-"
"Moldova","Measure or initiatives for implementing the National Emergency Telecommunications Plan","-","-","-","-","-","-","-","-","-","-","-","-"
"Mongolia","ICT regulator's mandate","-","-","-","-","-","-","Yes","Yes","Yes","-","Yes","-"
"Mongolia","Other Government Ministry or agency mandates","-","-","-","-","-","-","-","-","-","-","-","-"
"Mongolia","Regulatory or legislative framework on emergency telecommunications","-","-","-","-","-","-","-","-","Yes","-","No","-"
"Mongolia","National Emergency Telecommunications Plan adopted","-","-","-","-","-","-","-","-","Yes","-","Yes","-"
"Mongolia","Measure or initiatives for implementing the National Emergency Telecommunications Plan","-","-","-","-","-","-","-","-","Yes","-","Yes","-"
"Montenegro","ICT regulator's mandate","-","-","-","-","-","-","Yes","Yes","Yes","-","-","-"
"Montenegro","Other Government Ministry or agency mandates","-","-","-","-","-","-","-","-","-","-","-","-"
"Montenegro","Regulatory or legislative framework on emergency telecommunications","-","-","-","-","-","-","-","-","-","-","-","-"
"Montenegro","National Emergency Telecommunications Plan adopted","-","-","-","-","-","-","-","-","-","-","-","-"
"Montenegro","Measure or initiatives for implementing the National Emergency Telecommunications Plan","-","-","-","-","-","-","-","-","-","-","-","-"
"Morocco","ICT regulator's mandate","-","-","-","-","-","-","No","No","No","-","Yes","-"
"Morocco","Other Government Ministry or agency mandates","-","-","-","-","-","-","-","-","Other Ministry","-","-","-"
"Morocco","Regulatory or legislative framework on emergency telecommunications","-","-","-","-","-","-","-","-","-","-","No","-"
"Morocco","National Emergency Telecommunications Plan adopted","-","-","-","-","-","-","-","-","-","-","Yes","-"
"Morocco","Measure or initiatives for implementing the National Emergency Telecommunications Plan","-","-","-","-","-","-","-","-","Yes","-","Yes","-"
"Mozambique","ICT regulator's mandate","-","-","-","-","-","-","Yes","Yes","-","-","-","-"
"Mozambique","Other Government Ministry or agency mandates","-","-","-","-","-","-","-","-","-","-","-","-"
"Mozambique","Regulatory or legislative framework on emergency telecommunications","-","-","-","-","-","-","No","No","-","-","-","-"
"Mozambique","National Emergency Telecommunications Plan adopted","-","-","-","-","-","-","No","No","-","-","-","-"
"Mozambique","Measure or initiatives for implementing the National Emergency Telecommunications Plan","-","-","-","-","-","-","No","No","-","-","-","-"
"Myanmar","ICT regulator's mandate","-","-","-","-","-","-","-","-","Yes","-","-","-"
"Myanmar","Other Government Ministry or agency mandates","-","-","-","-","-","-","-","-","-","-","-","-"
"Myanmar","Regulatory or legislative framework on emergency telecommunications","-","-","-","-","-","-","-","-","Yes","-","-","-"
"Myanmar","National Emergency Telecommunications Plan adopted","-","-","-","-","-","-","-","-","Yes","-","-","-"
"Myanmar","Measure or initiatives for implementing the National Emergency Telecommunications Plan","-","-","-","-","-","-","-","-","Yes","-","-","-"
"Namibia","ICT regulator's mandate","-","-","-","-","-","-","-","-","-","-","Yes","-"
"Namibia","Other Government Ministry or agency mandates","-","-","-","-","-","-","-","-","-","-","-","-"
"Namibia","Regulatory or legislative framework on emergency telecommunications","-","-","-","-","-","-","-","-","-","-","No","-"
"Namibia","National Emergency Telecommunications Plan adopted","-","-","-","-","-","-","-","-","-","-","No","-"
"Namibia","Measure or initiatives for implementing the National Emergency Telecommunications Plan","-","-","-","-","-","-","-","-","-","-","No","-"
"New Zealand","ICT regulator's mandate","-","-","-","-","-","-","-","-","No","-","No","-"
"New Zealand","Other Government Ministry or agency mandates","-","-","-","-","-","-","-","-","Sector Ministry","-","Specialized agency","-"
"New Zealand","Regulatory or legislative framework on emergency telecommunications","-","-","-","-","-","-","-","-","No","-","No","-"
"New Zealand","National Emergency Telecommunications Plan adopted","-","-","-","-","-","-","No","No","No","-","No","-"
"New Zealand","Measure or initiatives for implementing the National Emergency Telecommunications Plan","-","-","-","-","-","-","No","No","No","-","No","-"
"Nicaragua","ICT regulator's mandate","-","-","-","-","-","-","Yes","Yes","Yes","-","Yes","-"
"Nicaragua","Other Government Ministry or agency mandates","-","-","-","-","-","-","-","-","-","-","-","-"
"Nicaragua","Regulatory or legislative framework on emergency telecommunications","-","-","-","-","-","-","No","No","No","-","-","-"
"Nicaragua","National Emergency Telecommunications Plan adopted","-","-","-","-","-","-","No","No","No","-","-","-"
"Nicaragua","Measure or initiatives for implementing the National Emergency Telecommunications Plan","-","-","-","-","-","-","Yes","Yes","Yes","-","-","-"
"Niger","ICT regulator's mandate","-","-","-","-","-","-","No","No","-","-","-","-"
"Niger","Other Government Ministry or agency mandates","-","-","-","-","-","-","Sector Ministry, Other Ministry","Other Ministry, Sector Ministry","-","-","-","-"
"Niger","Regulatory or legislative framework on emergency telecommunications","-","-","-","-","-","-","No","No","-","-","-","-"
"Niger","National Emergency Telecommunications Plan adopted","-","-","-","-","-","-","No","No","-","-","-","-"
"Niger","Measure or initiatives for implementing the National Emergency Telecommunications Plan","-","-","-","-","-","-","No","No","-","-","-","-"
"North Macedonia","ICT regulator's mandate","-","-","-","-","-","-","-","-","Yes","-","-","-"
"North Macedonia","Other Government Ministry or agency mandates","-","-","-","-","-","-","-","-","-","-","-","-"
"North Macedonia","Regulatory or legislative framework on emergency telecommunications","-","-","-","-","-","-","-","-","-","-","-","-"
"North Macedonia","National Emergency Telecommunications Plan adopted","-","-","-","-","-","-","-","-","-","-","-","-"
"North Macedonia","Measure or initiatives for implementing the National Emergency Telecommunications Plan","-","-","-","-","-","-","-","-","-","-","-","-"
"Norway","ICT regulator's mandate","-","-","-","-","-","-","No","No","No","-","-","-"
"Norway","Other Government Ministry or agency mandates","-","-","-","-","-","-","Specialized agency, Other Ministry","Other Ministry, Specialized agency","Other Ministry, Specialized agency","-","-","-"
"Norway","Regulatory or legislative framework on emergency telecommunications","-","-","-","-","-","-","-","-","No","-","-","-"
"Norway","National Emergency Telecommunications Plan adopted","-","-","-","-","-","-","-","-","Yes","-","-","-"
"Norway","Measure or initiatives for implementing the National Emergency Telecommunications Plan","-","-","-","-","-","-","-","-","Yes","-","-","-"
"Oman","ICT regulator's mandate","-","-","-","-","-","-","Yes","Yes","Yes","-","Yes","-"
"Oman","Other Government Ministry or agency mandates","-","-","-","-","-","-","-","-","-","-","-","-"
"Oman","Regulatory or legislative framework on emergency telecommunications","-","-","-","-","-","-","-","-","Yes","-","Yes","-"
"Oman","National Emergency Telecommunications Plan adopted","-","-","-","-","-","-","Yes","Yes","Yes","-","Yes","-"
"Oman","Measure or initiatives for implementing the National Emergency Telecommunications Plan","-","-","-","-","-","-","Yes","Yes","Yes","-","Yes","-"
"Pakistan","ICT regulator's mandate","-","-","-","-","-","-","Yes","Yes","Yes","-","Yes","-"
"Pakistan","Other Government Ministry or agency mandates","-","-","-","-","-","-","-","-","-","-","-","-"
"Pakistan","Regulatory or legislative framework on emergency telecommunications","-","-","-","-","-","-","-","-","Yes","-","Yes","-"
"Pakistan","National Emergency Telecommunications Plan adopted","-","-","-","-","-","-","Yes","Yes","Yes","-","Yes","-"
"Pakistan","Measure or initiatives for implementing the National Emergency Telecommunications Plan","-","-","-","-","-","-","Yes","Yes","Yes","-","Yes","-"
"Panama","ICT regulator's mandate","-","-","-","-","-","-","Yes","Yes","Yes","-","Yes","-"
"Panama","Other Government Ministry or agency mandates","-","-","-","-","-","-","-","-","-","-","-","-"
"Panama","Regulatory or legislative framework on emergency telecommunications","-","-","-","-","-","-","No","No","No","-","Yes","-"
"Panama","National Emergency Telecommunications Plan adopted","-","-","-","-","-","-","No","No","No","-","Yes","-"
"Panama","Measure or initiatives for implementing the National Emergency Telecommunications Plan","-","-","-","-","-","-","No","No","No","-","Yes","-"
"Paraguay","ICT regulator's mandate","-","-","-","-","-","-","Yes","Yes","-","-","-","-"
"Paraguay","Other Government Ministry or agency mandates","-","-","-","-","-","-","-","-","-","-","-","-"
"Paraguay","Regulatory or legislative framework on emergency telecommunications","-","-","-","-","-","-","-","-","-","-","-","-"
"Paraguay","National Emergency Telecommunications Plan adopted","-","-","-","-","-","-","No","No","-","-","-","-"
"Paraguay","Measure or initiatives for implementing the National Emergency Telecommunications Plan","-","-","-","-","-","-","No","No","-","-","-","-"
"Peru","ICT regulator's mandate","-","-","-","-","-","-","No","No","No","-","No","-"
"Peru","Other Government Ministry or agency mandates","-","-","-","-","-","-","Sector Ministry","Sector Ministry","Sector Ministry","-","Sector Ministry","-"
"Peru","Regulatory or legislative framework on emergency telecommunications","-","-","-","-","-","-","Yes","Yes","Yes","-","Yes","-"
"Peru","National Emergency Telecommunications Plan adopted","-","-","-","-","-","-","-","-","-","-","-","-"
"Peru","Measure or initiatives for implementing the National Emergency Telecommunications Plan","-","-","-","-","-","-","Yes","Yes","Yes","-","Yes","-"
"Philippines","ICT regulator's mandate","-","-","-","-","-","-","No","No","-","-","-","-"
"Philippines","Other Government Ministry or agency mandates","-","-","-","-","-","-","Sector Ministry","Sector Ministry","-","-","-","-"
"Philippines","Regulatory or legislative framework on emergency telecommunications","-","-","-","-","-","-","Yes","Yes","-","-","-","-"
"Philippines","National Emergency Telecommunications Plan adopted","-","-","-","-","-","-","Yes","Yes","-","-","-","-"
"Philippines","Measure or initiatives for implementing the National Emergency Telecommunications Plan","-","-","-","-","-","-","Yes","Yes","-","-","-","-"
"Portugal","ICT regulator's mandate","-","-","-","-","-","-","Yes","Yes","Yes","-","Yes","-"
"Portugal","Other Government Ministry or agency mandates","-","-","-","-","-","-","-","-","-","-","-","-"
"Portugal","Regulatory or legislative framework on emergency telecommunications","-","-","-","-","-","-","-","-","-","-","Yes","-"
"Portugal","National Emergency Telecommunications Plan adopted","-","-","-","-","-","-","-","-","-","-","-","-"
"Portugal","Measure or initiatives for implementing the National Emergency Telecommunications Plan","-","-","-","-","-","-","-","-","-","-","-","-"
"Qatar","ICT regulator's mandate","-","-","-","-","-","-","Yes","Yes","Yes","-","Yes","-"
"Qatar","Other Government Ministry or agency mandates","-","-","-","-","-","-","Other Ministry","Other Ministry","-","-","-","-"
"Qatar","Regulatory or legislative framework on emergency telecommunications","-","-","-","-","-","-","-","-","-","-","Yes","-"
"Qatar","National Emergency Telecommunications Plan adopted","-","-","-","-","-","-","Yes","Yes","Yes","-","Yes","-"
"Qatar","Measure or initiatives for implementing the National Emergency Telecommunications Plan","-","-","-","-","-","-","Yes","Yes","Yes","-","Yes","-"
"Romania","ICT regulator's mandate","-","-","-","-","-","-","Yes","Yes","Yes","-","Yes","-"
"Romania","Other Government Ministry or agency mandates","-","-","-","-","-","-","-","-","-","-","-","-"
"Romania","Regulatory or legislative framework on emergency telecommunications","-","-","-","-","-","-","-","-","-","-","Yes","-"
"Romania","National Emergency Telecommunications Plan adopted","-","-","-","-","-","-","-","-","Yes","-","Yes","-"
"Romania","Measure or initiatives for implementing the National Emergency Telecommunications Plan","-","-","-","-","-","-","-","-","-","-","Yes","-"
"Russian Federation","ICT regulator's mandate","-","-","-","-","-","-","Yes","Yes","Yes","-","Yes","-"
"Russian Federation","Other Government Ministry or agency mandates","-","-","-","-","-","-","-","-","-","-","-","-"
"Russian Federation","Regulatory or legislative framework on emergency telecommunications","-","-","-","-","-","-","-","-","-","-","-","-"
"Russian Federation","National Emergency Telecommunications Plan adopted","-","-","-","-","-","-","No","No","No","-","No","-"
"Russian Federation","Measure or initiatives for implementing the National Emergency Telecommunications Plan","-","-","-","-","-","-","No","No","No","-","No","-"
"Rwanda","ICT regulator's mandate","-","-","-","-","-","-","Yes","Yes","Yes","-","Yes","-"
"Rwanda","Other Government Ministry or agency mandates","-","-","-","-","-","-","-","-","-","-","-","-"
"Rwanda","Regulatory or legislative framework on emergency telecommunications","-","-","-","-","-","-","Yes","Yes","Yes","-","Yes","-"
"Rwanda","National Emergency Telecommunications Plan adopted","-","-","-","-","-","-","Yes","Yes","Yes","-","Yes","-"
"Rwanda","Measure or initiatives for implementing the National Emergency Telecommunications Plan","-","-","-","-","-","-","Yes","Yes","Yes","-","Yes","-"
"Saint Vincent and the Grenadines","ICT regulator's mandate","-","-","-","-","-","-","Yes","Yes","Yes","-","Yes","-"
"Saint Vincent and the Grenadines","Other Government Ministry or agency mandates","-","-","-","-","-","-","-","-","-","-","-","-"
"Saint Vincent and the Grenadines","Regulatory or legislative framework on emergency telecommunications","-","-","-","-","-","-","-","-","-","-","No","-"
"Saint Vincent and the Grenadines","National Emergency Telecommunications Plan adopted","-","-","-","-","-","-","-","-","-","-","Yes","-"
"Saint Vincent and the Grenadines","Measure or initiatives for implementing the National Emergency Telecommunications Plan","-","-","-","-","-","-","-","-","-","-","Yes","-"
"Samoa","ICT regulator's mandate","-","-","-","-","-","-","Yes","Yes","Yes","-","-","-"
"Samoa","Other Government Ministry or agency mandates","-","-","-","-","-","-","-","-","-","-","-","-"
"Samoa","Regulatory or legislative framework on emergency telecommunications","-","-","-","-","-","-","-","-","No","-","-","-"
"Samoa","National Emergency Telecommunications Plan adopted","-","-","-","-","-","-","Yes","Yes","Yes","-","-","-"
"Samoa","Measure or initiatives for implementing the National Emergency Telecommunications Plan","-","-","-","-","-","-","Yes","Yes","Yes","-","-","-"
"Sao Tome and Principe","ICT regulator's mandate","-","-","-","-","-","-","-","-","Yes","-","-","-"
"Sao Tome and Principe","Other Government Ministry or agency mandates","-","-","-","-","-","-","-","-","-","-","-","-"
"Sao Tome and Principe","Regulatory or legislative framework on emergency telecommunications","-","-","-","-","-","-","No","No","No","-","-","-"
"Sao Tome and Principe","National Emergency Telecommunications Plan adopted","-","-","-","-","-","-","-","-","-","-","-","-"
"Sao Tome and Principe","Measure or initiatives for implementing the National Emergency Telecommunications Plan","-","-","-","-","-","-","-","-","-","-","-","-"
"Saudi Arabia","ICT regulator's mandate","-","-","-","-","-","-","Yes","Yes","Yes","-","Yes","-"
"Saudi Arabia","Other Government Ministry or agency mandates","-","-","-","-","-","-","-","-","-","-","-","-"
"Saudi Arabia","Regulatory or legislative framework on emergency telecommunications","-","-","-","-","-","-","-","-","Yes","-","Yes","-"
"Saudi Arabia","National Emergency Telecommunications Plan adopted","-","-","-","-","-","-","Yes","Yes","Yes","-","Yes","-"
"Saudi Arabia","Measure or initiatives for implementing the National Emergency Telecommunications Plan","-","-","-","-","-","-","Yes","Yes","Yes","-","Yes","-"
"Senegal","ICT regulator's mandate","-","-","-","-","-","-","Yes","Yes","Yes","-","-","-"
"Senegal","Other Government Ministry or agency mandates","-","-","-","-","-","-","-","-","-","-","-","-"
"Senegal","Regulatory or legislative framework on emergency telecommunications","-","-","-","-","-","-","-","-","Yes","-","-","-"
"Senegal","National Emergency Telecommunications Plan adopted","-","-","-","-","-","-","No","No","-","-","-","-"
"Senegal","Measure or initiatives for implementing the National Emergency Telecommunications Plan","-","-","-","-","-","-","No","No","No","-","-","-"
"Serbia","ICT regulator's mandate","-","-","-","-","-","-","No","No","-","-","-","-"
"Serbia","Other Government Ministry or agency mandates","-","-","-","-","-","-","Other Ministry","Other Ministry","-","-","-","-"
"Serbia","Regulatory or legislative framework on emergency telecommunications","-","-","-","-","-","-","-","-","-","-","-","-"
"Serbia","National Emergency Telecommunications Plan adopted","-","-","-","-","-","-","-","-","-","-","-","-"
"Serbia","Measure or initiatives for implementing the National Emergency Telecommunications Plan","-","-","-","-","-","-","-","-","-","-","-","-"
"Seychelles","ICT regulator's mandate","-","-","-","-","-","-","-","-","No","-","Yes","-"
"Seychelles","Other Government Ministry or agency mandates","-","-","-","-","-","-","-","-","Specialized agency","-","-","-"
"Seychelles","Regulatory or legislative framework on emergency telecommunications","-","-","-","-","-","-","-","-","No","-","No","-"
"Seychelles","National Emergency Telecommunications Plan adopted","-","-","-","-","-","-","-","-","-","-","No","-"
"Seychelles","Measure or initiatives for implementing the National Emergency Telecommunications Plan","-","-","-","-","-","-","-","-","-","-","-","-"
"Sierra Leone","ICT regulator's mandate","-","-","-","-","-","-","-","-","Yes","-","-","-"
"Sierra Leone","Other Government Ministry or agency mandates","-","-","-","-","-","-","-","-","-","-","-","-"
"Sierra Leone","Regulatory or legislative framework on emergency telecommunications","-","-","-","-","-","-","-","-","No","-","-","-"
"Sierra Leone","National Emergency Telecommunications Plan adopted","-","-","-","-","-","-","-","-","Yes","-","-","-"
"Sierra Leone","Measure or initiatives for implementing the National Emergency Telecommunications Plan","-","-","-","-","-","-","-","-","Yes","-","-","-"
"Singapore","ICT regulator's mandate","-","-","-","-","-","-","-","-","Yes","-","-","-"
"Singapore","Other Government Ministry or agency mandates","-","-","-","-","-","-","-","-","-","-","-","-"
"Singapore","Regulatory or legislative framework on emergency telecommunications","-","-","-","-","-","-","-","-","Yes","-","-","-"
"Singapore","National Emergency Telecommunications Plan adopted","-","-","-","-","-","-","-","-","Yes","-","-","-"
"Singapore","Measure or initiatives for implementing the National Emergency Telecommunications Plan","-","-","-","-","-","-","-","-","Yes","-","-","-"
"Slovakia","ICT regulator's mandate","-","-","-","-","-","-","No","No","No","-","-","-"
"Slovakia","Other Government Ministry or agency mandates","-","-","-","-","-","-","Other Ministry","Other Ministry","Other Ministry","-","-","-"
"Slovakia","Regulatory or legislative framework on emergency telecommunications","-","-","-","-","-","-","-","-","-","-","-","-"
"Slovakia","National Emergency Telecommunications Plan adopted","-","-","-","-","-","-","Yes","Yes","Yes","-","-","-"
"Slovakia","Measure or initiatives for implementing the National Emergency Telecommunications Plan","-","-","-","-","-","-","No","No","No","-","-","-"
"Slovenia","ICT regulator's mandate","-","-","-","-","-","-","Yes","Yes","Yes","-","Yes","-"
"Slovenia","Other Government Ministry or agency mandates","-","-","-","-","-","-","-","-","-","-","-","-"
"Slovenia","Regulatory or legislative framework on emergency telecommunications","-","-","-","-","-","-","-","-","No","-","Yes","-"
"Slovenia","National Emergency Telecommunications Plan adopted","-","-","-","-","-","-","Yes","Yes","Yes","-","No","-"
"Slovenia","Measure or initiatives for implementing the National Emergency Telecommunications Plan","-","-","-","-","-","-","Yes","Yes","Yes","-","-","-"
"South Africa","ICT regulator's mandate","-","-","-","-","-","-","Yes","Yes","Yes","-","Yes","-"
"South Africa","Other Government Ministry or agency mandates","-","-","-","-","-","-","-","-","-","-","-","-"
"South Africa","Regulatory or legislative framework on emergency telecommunications","-","-","-","-","-","-","-","-","-","-","Yes","-"
"South Africa","National Emergency Telecommunications Plan adopted","-","-","-","-","-","-","Yes","Yes","Yes","-","Yes","-"
"South Africa","Measure or initiatives for implementing the National Emergency Telecommunications Plan","-","-","-","-","-","-","Yes","Yes","Yes","-","Yes","-"
"Spain","ICT regulator's mandate","-","-","-","-","-","-","No","No","No","-","-","-"
"Spain","Other Government Ministry or agency mandates","-","-","-","-","-","-","Other Ministry","Other Ministry","Other Ministry","-","-","-"
"Spain","Regulatory or legislative framework on emergency telecommunications","-","-","-","-","-","-","-","-","Yes","-","-","-"
"Spain","National Emergency Telecommunications Plan adopted","-","-","-","-","-","-","-","-","-","-","-","-"
"Spain","Measure or initiatives for implementing the National Emergency Telecommunications Plan","-","-","-","-","-","-","-","-","-","-","-","-"
"Sri Lanka","ICT regulator's mandate","-","-","-","-","-","-","Yes","Yes","Yes","-","Yes","-"
"Sri Lanka","Other Government Ministry or agency mandates","-","-","-","-","-","-","-","-","-","-","-","-"
"Sri Lanka","Regulatory or legislative framework on emergency telecommunications","-","-","-","-","-","-","Yes","Yes","-","-","Yes","-"
"Sri Lanka","National Emergency Telecommunications Plan adopted","-","-","-","-","-","-","Yes","Yes","Yes","-","Yes","-"
"Sri Lanka","Measure or initiatives for implementing the National Emergency Telecommunications Plan","-","-","-","-","-","-","Yes","Yes","Yes","-","-","-"
"State of Palestine","ICT regulator's mandate","-","-","-","-","-","-","-","-","-","-","Yes","-"
"State of Palestine","Other Government Ministry or agency mandates","-","-","-","-","-","-","-","-","-","-","-","-"
"State of Palestine","Regulatory or legislative framework on emergency telecommunications","-","-","-","-","-","-","-","-","-","-","Yes","-"
"State of Palestine","National Emergency Telecommunications Plan adopted","-","-","-","-","-","-","-","-","-","-","No","-"
"State of Palestine","Measure or initiatives for implementing the National Emergency Telecommunications Plan","-","-","-","-","-","-","-","-","-","-","Yes","-"
"Sudan","ICT regulator's mandate","-","-","-","-","-","-","-","-","Yes","-","Yes","-"
"Sudan","Other Government Ministry or agency mandates","-","-","-","-","-","-","-","-","-","-","-","-"
"Sudan","Regulatory or legislative framework on emergency telecommunications","-","-","-","-","-","-","-","-","Yes","-","Yes","-"
"Sudan","National Emergency Telecommunications Plan adopted","-","-","-","-","-","-","-","-","Yes","-","Yes","-"
"Sudan","Measure or initiatives for implementing the National Emergency Telecommunications Plan","-","-","-","-","-","-","-","-","Yes","-","Yes","-"
"Suriname","ICT regulator's mandate","-","-","-","-","-","-","No","No","No","-","No","-"
"Suriname","Other Government Ministry or agency mandates","-","-","-","-","-","-","-","-","-","-","Sector Ministry","-"
"Suriname","Regulatory or legislative framework on emergency telecommunications","-","-","-","-","-","-","-","-","-","-","No","-"
"Suriname","National Emergency Telecommunications Plan adopted","-","-","-","-","-","-","No","No","No","-","No","-"
"Suriname","Measure or initiatives for implementing the National Emergency Telecommunications Plan","-","-","-","-","-","-","No","No","No","-","No","-"
"Sweden","ICT regulator's mandate","-","-","-","-","-","-","Yes","Yes","Yes","-","-","-"
"Sweden","Other Government Ministry or agency mandates","-","-","-","-","-","-","-","-","-","-","-","-"
"Sweden","Regulatory or legislative framework on emergency telecommunications","-","-","-","-","-","-","-","-","Yes","-","-","-"
"Sweden","National Emergency Telecommunications Plan adopted","-","-","-","-","-","-","-","-","-","-","-","-"
"Sweden","Measure or initiatives for implementing the National Emergency Telecommunications Plan","-","-","-","-","-","-","-","-","-","-","-","-"
"Switzerland","ICT regulator's mandate","-","-","-","-","-","-","Yes","Yes","Yes","-","Yes","-"
"Switzerland","Other Government Ministry or agency mandates","-","-","-","-","-","-","-","-","-","-","-","-"
"Switzerland","Regulatory or legislative framework on emergency telecommunications","-","-","-","-","-","-","-","-","No","-","Yes","-"
"Switzerland","National Emergency Telecommunications Plan adopted","-","-","-","-","-","-","No","No","No","-","No","-"
"Switzerland","Measure or initiatives for implementing the National Emergency Telecommunications Plan","-","-","-","-","-","-","No","No","No","-","No","-"
"Syrian Arab Republic","ICT regulator's mandate","-","-","-","-","-","-","-","-","Yes","-","-","-"
"Syrian Arab Republic","Other Government Ministry or agency mandates","-","-","-","-","-","-","-","-","-","-","-","-"
"Syrian Arab Republic","Regulatory or legislative framework on emergency telecommunications","-","-","-","-","-","-","-","-","No","-","-","-"
"Syrian Arab Republic","National Emergency Telecommunications Plan adopted","-","-","-","-","-","-","-","-","No","-","-","-"
"Syrian Arab Republic","Measure or initiatives for implementing the National Emergency Telecommunications Plan","-","-","-","-","-","-","-","-","No","-","-","-"
"Tanzania","ICT regulator's mandate","-","-","-","-","-","-","Yes","Yes","Yes","-","Yes","-"
"Tanzania","Other Government Ministry or agency mandates","-","-","-","-","-","-","-","-","-","-","-","-"
"Tanzania","Regulatory or legislative framework on emergency telecommunications","-","-","-","-","-","-","-","-","-","-","Yes","-"
"Tanzania","National Emergency Telecommunications Plan adopted","-","-","-","-","-","-","Yes","Yes","Yes","-","Yes","-"
"Tanzania","Measure or initiatives for implementing the National Emergency Telecommunications Plan","-","-","-","-","-","-","Yes","Yes","Yes","-","Yes","-"
"Thailand","ICT regulator's mandate","-","-","-","-","-","-","Yes","Yes","Yes","-","Yes","-"
"Thailand","Other Government Ministry or agency mandates","-","-","-","-","-","-","-","-","-","-","-","-"
"Thailand","Regulatory or legislative framework on emergency telecommunications","-","-","-","-","-","-","Yes","Yes","Yes","-","No","-"
"Thailand","National Emergency Telecommunications Plan adopted","-","-","-","-","-","-","No","No","Yes","-","No","-"
"Thailand","Measure or initiatives for implementing the National Emergency Telecommunications Plan","-","-","-","-","-","-","-","-","Yes","-","No","-"
"Timor-Leste","ICT regulator's mandate","-","-","-","-","-","-","Yes","Yes","-","-","-","-"
"Timor-Leste","Other Government Ministry or agency mandates","-","-","-","-","-","-","-","-","-","-","-","-"
"Timor-Leste","Regulatory or legislative framework on emergency telecommunications","-","-","-","-","-","-","-","-","-","-","-","-"
"Timor-Leste","National Emergency Telecommunications Plan adopted","-","-","-","-","-","-","-","-","-","-","-","-"
"Timor-Leste","Measure or initiatives for implementing the National Emergency Telecommunications Plan","-","-","-","-","-","-","-","-","-","-","-","-"
"Togo","ICT regulator's mandate","-","-","-","-","-","-","-","-","-","-","-","-"
"Togo","Other Government Ministry or agency mandates","-","-","-","-","-","-","-","-","-","-","-","-"
"Togo","Regulatory or legislative framework on emergency telecommunications","-","-","-","-","-","-","No","No","-","-","-","-"
"Togo","National Emergency Telecommunications Plan adopted","-","-","-","-","-","-","No","No","-","-","-","-"
"Togo","Measure or initiatives for implementing the National Emergency Telecommunications Plan","-","-","-","-","-","-","-","-","-","-","-","-"
"Tonga","ICT regulator's mandate","-","-","-","-","-","-","-","-","-","-","Yes","-"
"Tonga","Other Government Ministry or agency mandates","-","-","-","-","-","-","-","-","-","-","-","-"
"Tonga","Regulatory or legislative framework on emergency telecommunications","-","-","-","-","-","-","-","-","-","-","No","-"
"Tonga","National Emergency Telecommunications Plan adopted","-","-","-","-","-","-","-","-","-","-","Yes","-"
"Tonga","Measure or initiatives for implementing the National Emergency Telecommunications Plan","-","-","-","-","-","-","-","-","-","-","No","-"
"Trinidad and Tobago","ICT regulator's mandate","-","-","-","-","-","-","-","-","No","-","Yes","-"
"Trinidad and Tobago","Other Government Ministry or agency mandates","-","-","-","-","-","-","-","-","Other Ministry","-","-","-"
"Trinidad and Tobago","Regulatory or legislative framework on emergency telecommunications","-","-","-","-","-","-","-","-","No","-","No","-"
"Trinidad and Tobago","National Emergency Telecommunications Plan adopted","-","-","-","-","-","-","-","-","No","-","No","-"
"Trinidad and Tobago","Measure or initiatives for implementing the National Emergency Telecommunications Plan","-","-","-","-","-","-","-","-","Yes","-","Yes","-"
"Türkiye","ICT regulator's mandate","-","-","-","-","-","-","Yes","Yes","Yes","-","Yes","-"
"Türkiye","Other Government Ministry or agency mandates","-","-","-","-","-","-","Sector Ministry","Sector Ministry","Sector Ministry","-","-","-"
"Türkiye","Regulatory or legislative framework on emergency telecommunications","-","-","-","-","-","-","Yes","Yes","Yes","-","Yes","-"
"Türkiye","National Emergency Telecommunications Plan adopted","-","-","-","-","-","-","Yes","Yes","Yes","-","Yes","-"
"Türkiye","Measure or initiatives for implementing the National Emergency Telecommunications Plan","-","-","-","-","-","-","Yes","Yes","Yes","-","Yes","-"
"Ukraine","ICT regulator's mandate","-","-","-","-","-","-","No","No","-","-","-","-"
"Ukraine","Other Government Ministry or agency mandates","-","-","-","-","-","-","Specialized agency","Specialized agency","-","-","-","-"
"Ukraine","Regulatory or legislative framework on emergency telecommunications","-","-","-","-","-","-","-","-","-","-","-","-"
"Ukraine","National Emergency Telecommunications Plan adopted","-","-","-","-","-","-","Yes","Yes","-","-","-","-"
"Ukraine","Measure or initiatives for implementing the National Emergency Telecommunications Plan","-","-","-","-","-","-","Yes","Yes","-","-","-","-"
"United Arab Emirates","ICT regulator's mandate","-","-","-","-","-","-","Yes","Yes","Yes","-","Yes","-"
"United Arab Emirates","Other Government Ministry or agency mandates","-","-","-","-","-","-","-","-","-","-","-","-"
"United Arab Emirates","Regulatory or legislative framework on emergency telecommunications","-","-","-","-","-","-","-","-","Yes","-","Yes","-"
"United Arab Emirates","National Emergency Telecommunications Plan adopted","-","-","-","-","-","-","Yes","Yes","Yes","-","Yes","-"
"United Arab Emirates","Measure or initiatives for implementing the National Emergency Telecommunications Plan","-","-","-","-","-","-","Yes","Yes","Yes","-","Yes","-"
"United Kingdom","ICT regulator's mandate","-","-","-","-","-","-","Yes","Yes","Yes","-","Yes","-"
"United Kingdom","Other Government Ministry or agency mandates","-","-","-","-","-","-","-","-","-","-","-","-"
"United Kingdom","Regulatory or legislative framework on emergency telecommunications","-","-","-","-","-","-","-","-","-","-","Yes","-"
"United Kingdom","National Emergency Telecommunications Plan adopted","-","-","-","-","-","-","Yes","Yes","Yes","-","Yes","-"
"United Kingdom","Measure or initiatives for implementing the National Emergency Telecommunications Plan","-","-","-","-","-","-","-","-","-","-","Yes","-"
"United States","ICT regulator's mandate","-","-","-","-","-","-","Yes","Yes","Yes","-","Yes","-"
"United States","Other Government Ministry or agency mandates","-","-","-","-","-","-","-","-","-","-","-","-"
"United States","Regulatory or legislative framework on emergency telecommunications","-","-","-","-","-","-","-","-","-","-","-","-"
"United States","National Emergency Telecommunications Plan adopted","-","-","-","-","-","-","-","-","-","-","-","-"
"United States","Measure or initiatives for implementing the National Emergency Telecommunications Plan","-","-","-","-","-","-","-","-","-","-","-","-"
"Uruguay","ICT regulator's mandate","-","-","-","-","-","-","No","No","Yes","-","Yes","-"
"Uruguay","Other Government Ministry or agency mandates","-","-","-","-","-","-","Specialized agency","Specialized agency","Specialized agency","-","-","-"
"Uruguay","Regulatory or legislative framework on emergency telecommunications","-","-","-","-","-","-","No","No","No","-","Yes","-"
"Uruguay","National Emergency Telecommunications Plan adopted","-","-","-","-","-","-","No","No","Yes","-","Yes","-"
"Uruguay","Measure or initiatives for implementing the National Emergency Telecommunications Plan","-","-","-","-","-","-","No","No","No","-","Yes","-"
"Uzbekistan","ICT regulator's mandate","-","-","-","-","-","-","-","-","Yes","-","Yes","-"
"Uzbekistan","Other Government Ministry or agency mandates","-","-","-","-","-","-","-","-","-","-","-","-"
"Uzbekistan","Regulatory or legislative framework on emergency telecommunications","-","-","-","-","-","-","-","-","Yes","-","Yes","-"
"Uzbekistan","National Emergency Telecommunications Plan adopted","-","-","-","-","-","-","-","-","Yes","-","Yes","-"
"Uzbekistan","Measure or initiatives for implementing the National Emergency Telecommunications Plan","-","-","-","-","-","-","-","-","Yes","-","Yes","-"
"Vanuatu","ICT regulator's mandate","-","-","-","-","-","-","Yes","Yes","Yes","-","-","-"
"Vanuatu","Other Government Ministry or agency mandates","-","-","-","-","-","-","-","-","-","-","-","-"
"Vanuatu","Regulatory or legislative framework on emergency telecommunications","-","-","-","-","-","-","No","No","No","-","-","-"
"Vanuatu","National Emergency Telecommunications Plan adopted","-","-","-","-","-","-","Yes","Yes","Yes","-","-","-"
"Vanuatu","Measure or initiatives for implementing the National Emergency Telecommunications Plan","-","-","-","-","-","-","Yes","Yes","Yes","-","-","-"
"Viet Nam","ICT regulator's mandate","-","-","-","-","-","-","Yes","Yes","-","-","-","-"
"Viet Nam","Other Government Ministry or agency mandates","-","-","-","-","-","-","-","-","-","-","-","-"
"Viet Nam","Regulatory or legislative framework on emergency telecommunications","-","-","-","-","-","-","Yes","Yes","-","-","-","-"
"Viet Nam","National Emergency Telecommunications Plan adopted","-","-","-","-","-","-","Yes","Yes","-","-","-","-"
"Viet Nam","Measure or initiatives for implementing the National Emergency Telecommunications Plan","-","-","-","-","-","-","Yes","Yes","-","-","-","-"
"Zambia","ICT regulator's mandate","-","-","-","-","-","-","Yes","Yes","Yes","-","Yes","-"
"Zambia","Other Government Ministry or agency mandates","-","-","-","-","-","-","-","-","-","-","-","-"
"Zambia","Regulatory or legislative framework on emergency telecommunications","-","-","-","-","-","-","Yes","Yes","Yes","-","No","-"
"Zambia","National Emergency Telecommunications Plan adopted","-","-","-","-","-","-","No","No","No","-","No","-"
"Zambia","Measure or initiatives for implementing the National Emergency Telecommunications Plan","-","-","-","-","-","-","Yes","Yes","Yes","-","No","-"
"Zimbabwe","ICT regulator's mandate","-","-","-","-","-","-","Yes","Yes","Yes","-","-","-"
"Zimbabwe","Other Government Ministry or agency mandates","-","-","-","-","-","-","-","-","-","-","-","-"
"Zimbabwe","Regulatory or legislative framework on emergency telecommunications","-","-","-","-","-","-","Yes","Yes","Yes","-","-","-"
"Zimbabwe","National Emergency Telecommunications Plan adopted","-","-","-","-","-","-","Yes","Yes","Yes","-","-","-"
"Zimbabwe","Measure or initiatives for implementing the National Emergency Telecommunications Plan","-","-","-","-","-","-","Yes","Yes","Yes","-","-","-"