"Economy","Indicator","2014","2015","2016","2017","2018","2019","2020","2021","2022","2023","2024","2025"
"Armenia","Information and communication equipment","-","-","-","-","-","-","-","-","-","-","-","-"
"Armenia","Software excluding games and computer software packages","-","-","-","-","-","-","-","-","10.1599%","8.84785%","-","-"
"Armenia","Information and communication services","-","-","-","-","-","68.5466%","65.9104%","81.0717%","77.5637%","81.4039%","-","-"
"Armenia","Games toys and hobbies","-","-","-","-","-","-","-","-","-","-","-","-"
"Azerbaijan","Information and communication equipment","-","-","-","-","-","-","23%","-","-","-","-","-"
"Azerbaijan","Software excluding games and computer software packages","-","-","-","-","-","-","0.999993%","-","-","-","-","-"
"Azerbaijan","Information and communication services","-","-","-","-","-","-","60.9%","-","-","-","-","-"
"Azerbaijan","Games toys and hobbies","-","-","-","-","-","-","15.1%","-","-","-","-","-"
"Belarus","Information and communication equipment","-","-","-","-","-","27.1953%","27.4804%","22.1828%","26.2416%","27.3234%","30.137%","-"
"Belarus","Software excluding games and computer software packages","-","-","-","-","-","-","-","0.0559701%","0.0875887%","0.055697%","0.150613%","-"
"Belarus","Information and communication services","-","-","-","-","-","72.6272%","71.9822%","70.8022%","73.3292%","72.3822%","69.5044%","-"
"Belarus","Games toys and hobbies","-","-","-","-","-","0.177515%","0.537423%","6.95896%","0.341596%","0.238701%","0.20799%","-"
"Belgium","Information and communication equipment","-","-","-","-","2.02287%","-","2.37913%","-","1.88877%","-","-","-"
"Belgium","Software excluding games and computer software packages","-","-","-","-","6.15655%","-","5.14198%","-","5.73286%","-","-","-"
"Belgium","Information and communication services","-","-","-","-","88.9182%","-","81.274%","-","86.6595%","-","-","-"
"Belgium","Games toys and hobbies","-","-","-","-","2.90237%","-","11.2049%","-","5.71891%","-","-","-"
"Côte d'Ivoire","Information and communication equipment","-","-","-","-","-","-","-","-","25.5594%","70.2422%","-","-"
"Côte d'Ivoire","Software excluding games and computer software packages","-","-","-","-","-","-","-","-","0.877605%","2.919%","-","-"
"Côte d'Ivoire","Information and communication services","-","-","-","-","-","-","-","-","71.7049%","25.2736%","-","-"
"Côte d'Ivoire","Games toys and hobbies","-","-","-","-","-","-","-","-","1.85807%","1.56524%","-","-"
"Iran (Islamic Republic of)","Information and communication equipment","-","-","-","-","-","-","-","43.6183%","-","-","-","-"
"Iran (Islamic Republic of)","Software excluding games and computer software packages","-","-","-","-","-","-","-","0.434946%","-","-","-","-"
"Iran (Islamic Republic of)","Information and communication services","-","-","-","-","-","-","-","55.6722%","-","-","-","-"
"Iran (Islamic Republic of)","Games toys and hobbies","-","-","-","-","-","-","-","0.274511%","-","-","-","-"
"Iraq","Information and communication equipment","-","-","-","-","-","-","-","-","23.0195%","-","-","-"
"Iraq","Software excluding games and computer software packages","-","-","-","-","-","-","-","-","38.5847%","-","-","-"
"Iraq","Information and communication services","-","-","-","-","-","-","-","-","59.7847%","-","-","-"
"Iraq","Games toys and hobbies","-","-","-","-","-","-","-","-","0.751208%","-","-","-"
"Japan","Information and communication equipment","-","-","-","-","11.7043%","13.4672%","14.8826%","15.141%","14.6332%","-","-","-"
"Japan","Software excluding games and computer software packages","-","-","-","-","-","-","-","-","-","-","-","-"
"Japan","Information and communication services","-","-","-","-","85.147%","83.3234%","81.6634%","81.6185%","81.7348%","-","-","-"
"Japan","Games toys and hobbies","-","-","-","-","3.14872%","3.20944%","3.45409%","3.24055%","3.63201%","-","-","-"
"Kazakhstan","Information and communication equipment","-","-","-","-","-","-","27.0728%","25.7376%","27.9146%","26.8293%","-","-"
"Kazakhstan","Software excluding games and computer software packages","-","-","-","-","-","-","0.287497%","0.266874%","0.154349%","0.172738%","-","-"
"Kazakhstan","Information and communication services","-","-","-","-","-","-","68.2056%","69.5815%","67.0484%","68.6419%","-","-"
"Kazakhstan","Games toys and hobbies","-","-","-","-","-","-","4.4341%","4.41402%","4.88266%","4.35614%","-","-"
"Mali","Information and communication equipment","-","-","-","-","-","9.17509%","-","-","-","-","-","-"
"Mali","Software excluding games and computer software packages","-","-","-","-","-","-","-","-","-","-","-","-"
"Mali","Information and communication services","-","-","-","-","-","89.9597%","-","-","-","-","-","-"
"Mali","Games toys and hobbies","-","-","-","-","-","0.865163%","-","-","-","-","-","-"
"Moldova","Information and communication equipment","4.46992%","7.3607%","5.38149%","2.49084%","4.74748%","12.1503%","7.95262%","5.49237%","4.83248%","18.9592%","4.36948%","-"
"Moldova","Software excluding games and computer software packages","-","-","-","-","-","-","-","-","-","-","-","-"
"Moldova","Information and communication services","92.2264%","88.8934%","90.5874%","92.8604%","90.6374%","80.8976%","85.7777%","88.7761%","89.3337%","74.9731%","89.4524%","-"
"Moldova","Games toys and hobbies","3.30368%","3.74588%","4.03112%","4.64872%","4.61513%","6.95215%","6.26971%","5.73157%","5.83382%","6.06777%","6.1781%","-"
"Mozambique","Information and communication equipment","-","-","-","-","-","-","-","-","-","-","-","-"
"Mozambique","Software excluding games and computer software packages","-","-","-","-","-","-","-","-","9.34178%","-","-","-"
"Mozambique","Information and communication services","-","-","-","-","-","-","-","-","90.7456%","-","-","-"
"Mozambique","Games toys and hobbies","-","-","-","-","-","-","-","-","-","-","-","-"
"Myanmar","Information and communication equipment","-","-","-","33.3189%","-","-","-","-","-","-","-","-"
"Myanmar","Software excluding games and computer software packages","-","-","-","-","-","-","-","-","-","-","-","-"
"Myanmar","Information and communication services","-","-","-","66.6811%","-","-","-","-","-","-","-","-"
"Myanmar","Games toys and hobbies","-","-","-","-","-","-","-","-","-","-","-","-"
"Russian Federation","Information and communication equipment","-","-","-","-","-","-","30.6362%","-","62.5286%","-","-","-"
"Russian Federation","Software excluding games and computer software packages","-","-","-","-","-","-","0.181269%","-","0.037475%","-","-","-"
"Russian Federation","Information and communication services","-","-","-","-","-","-","58.459%","-","31.3776%","-","-","-"
"Russian Federation","Games toys and hobbies","-","-","-","-","-","-","10.7236%","-","6.05633%","-","-","-"
"Uzbekistan","Information and communication equipment","-","-","-","-","-","-","15.5138%","75.0627%","63.4967%","-","-","-"
"Uzbekistan","Software excluding games and computer software packages","-","-","-","-","-","-","-","-","26.9357%","-","-","-"
"Uzbekistan","Information and communication services","-","-","-","-","-","-","74.0423%","17.1753%","0.00474494%","-","-","-"
"Uzbekistan","Games toys and hobbies","-","-","-","-","-","-","10.444%","7.76194%","9.5629%","-","-","-"
"Zimbabwe","Information and communication equipment","-","-","-","-","-","-","96.0371%","-","-","-","-","-"
"Zimbabwe","Software excluding games and computer software packages","-","-","-","-","-","-","3.04774%","-","-","-","-","-"
"Zimbabwe","Information and communication services","-","-","-","-","-","-","-","-","-","-","-","-"
"Zimbabwe","Games toys and hobbies","-","-","-","-","-","-","-","-","-","-","-","-"