"Economy","Indicator","2014","2015","2016","2017","2018","2019","2020","2021","2022","2023","2024","2025"
"Albania","By fixed narrowband network","-","-","-","-","-","-","-","-","-","-","-","-"
"Albania","By fixed (wired) broadband","-","-","-","-","-","-","-","-","-","-","-","-"
"Albania","By broadband","-","-","-","-","-","82.1956%","83.2799%","88.2611%","96.5041%","96.713%","-","-"
"Albania","By mobile broadband network via a handset","-","-","-","-","-","-","-","-","-","-","-","-"
"Albania","By mobile broadband network via a card or USB modem","-","-","-","-","-","-","-","-","-","-","-","-"
"Albania","By satellite broadband network","-","-","-","-","-","-","-","-","-","-","-","-"
"Albania","By terrestrial fixed (wireless) broadband network","-","-","-","-","-","-","-","-","-","-","-","-"
"Albania","By fixed broadband network only","-","-","-","-","-","9.11272%","7.75785%","0.819426%","0.78239%","0.661782%","-","-"
"Albania","By mobile broadband network only","-","-","-","-","-","35.6465%","26.0917%","19.1393%","9.32901%","9.24264%","-","-"
"Albania","By fixed broadband and mobile broadband network","-","-","-","-","-","37.4364%","49.4303%","68.3022%","86.3927%","86.8086%","-","-"
"Algeria","By fixed narrowband network","-","-","-","-","-","-","-","-","-","-","-","-"
"Algeria","By fixed (wired) broadband","-","-","-","-","-","-","-","-","-","-","-","-"
"Algeria","By broadband","-","-","-","-","-","-","-","-","-","-","-","-"
"Algeria","By mobile broadband network via a handset","-","-","-","-","-","-","-","-","-","-","-","-"
"Algeria","By mobile broadband network via a card or USB modem","-","-","-","-","-","-","-","-","-","-","-","-"
"Algeria","By satellite broadband network","-","-","-","-","-","-","-","-","-","-","-","-"
"Algeria","By terrestrial fixed (wireless) broadband network","-","-","-","-","-","-","-","-","-","-","-","-"
"Algeria","By fixed broadband network only","-","-","-","-","31.3783%","-","-","-","-","-","-","-"
"Algeria","By mobile broadband network only","-","-","-","-","63.4271%","-","-","-","-","-","-","-"
"Algeria","By fixed broadband and mobile broadband network","-","-","-","-","-","-","-","-","-","-","-","-"
"Austria","By fixed narrowband network","-","-","-","-","-","-","-","-","-","-","-","-"
"Austria","By fixed (wired) broadband","-","-","-","-","-","-","-","-","-","-","-","-"
"Austria","By broadband","-","-","85.0929%","88.3804%","-","-","-","-","-","-","-","-"
"Austria","By mobile broadband network via a handset","-","-","-","-","-","-","-","-","-","-","-","-"
"Austria","By mobile broadband network via a card or USB modem","-","-","-","-","-","-","-","-","-","-","-","-"
"Austria","By satellite broadband network","-","-","-","-","-","-","-","-","-","-","-","-"
"Austria","By terrestrial fixed (wireless) broadband network","-","-","-","-","-","-","-","-","-","-","-","-"
"Austria","By fixed broadband network only","-","-","-","70.8858%","-","-","-","-","-","-","-","-"
"Austria","By mobile broadband network only","-","-","-","63.3913%","-","-","-","-","-","-","-","-"
"Austria","By fixed broadband and mobile broadband network","-","-","-","-","87.6856%","-","-","-","-","-","-","-"
"Azerbaijan","By fixed narrowband network","-","-","-","2.72128%","2.70473%","2.68471%","2.12%","0.813711%","0.714487%","1.06809%","-","-"
"Azerbaijan","By fixed (wired) broadband","-","-","-","55.2817%","55.3887%","56.952%","46.9926%","80.207%","80.4721%","75.1948%","-","-"
"Azerbaijan","By broadband","-","-","-","71.1%","87.3688%","88.8114%","82.68%","92.3318%","88.5968%","87.5005%","-","-"
"Azerbaijan","By mobile broadband network via a handset","-","-","-","27.9907%","27.8532%","27.685%","31.4145%","11.3111%","11.99%","12.0011%","-","-"
"Azerbaijan","By mobile broadband network via a card or USB modem","-","-","-","4.10798%","4.12693%","4.17443%","4.27288%","0.237533%","0.16078%","0.158557%","-","-"
"Azerbaijan","By satellite broadband network","-","-","-","-","-","-","-","0.576178%","0.147353%","0.146132%","-","-"
"Azerbaijan","By terrestrial fixed (wireless) broadband network","-","-","-","-","-","-","-","-","-","0.200016%","-","-"
"Azerbaijan","By fixed broadband network only","-","-","-","-","-","-","51.2655%","81.0207%","-","-","-","-"
"Azerbaijan","By mobile broadband network only","-","-","-","-","-","-","31.4145%","11.3111%","-","-","-","-"
"Azerbaijan","By fixed broadband and mobile broadband network","-","-","-","-","-","-","-","-","-","-","-","-"
"Bahrain","By fixed narrowband network","-","-","-","-","-","-","-","-","-","-","-","-"
"Bahrain","By fixed (wired) broadband","-","21.4045%","-","-","-","-","-","-","-","-","-","-"
"Bahrain","By broadband","-","88.7125%","-","-","98.6435%","-","-","-","-","-","-","-"
"Bahrain","By mobile broadband network via a handset","-","56.1875%","-","-","-","-","-","-","-","-","-","-"
"Bahrain","By mobile broadband network via a card or USB modem","-","46.7392%","-","-","-","-","-","-","-","-","-","-"
"Bahrain","By satellite broadband network","-","-","-","-","-","-","-","-","-","-","-","-"
"Bahrain","By terrestrial fixed (wireless) broadband network","-","18.6455%","-","-","-","-","-","-","-","-","-","-"
"Bahrain","By fixed broadband network only","-","-","-","-","-","-","-","-","-","-","-","-"
"Bahrain","By mobile broadband network only","-","-","-","-","-","-","-","-","-","-","-","-"
"Bahrain","By fixed broadband and mobile broadband network","-","-","-","-","-","-","-","-","-","-","-","-"
"Bangladesh","By fixed narrowband network","-","-","-","-","-","-","-","1.82698%","-","1.88939%","-","-"
"Bangladesh","By fixed (wired) broadband","-","-","-","-","-","-","-","13.2036%","-","14.829%","-","-"
"Bangladesh","By broadband","-","-","-","-","-","-","-","-","-","41.9494%","-","-"
"Bangladesh","By mobile broadband network via a handset","-","-","-","-","-","-","-","22.124%","-","26.1397%","-","-"
"Bangladesh","By mobile broadband network via a card or USB modem","-","-","-","-","-","-","-","5.84782%","-","3.43005%","-","-"
"Bangladesh","By satellite broadband network","-","-","-","-","-","-","-","-","-","-","-","-"
"Bangladesh","By terrestrial fixed (wireless) broadband network","-","-","-","-","-","-","-","-","-","-","-","-"
"Bangladesh","By fixed broadband network only","-","-","-","-","-","-","-","-","-","-","-","-"
"Bangladesh","By mobile broadband network only","-","-","-","-","-","-","-","-","-","-","-","-"
"Bangladesh","By fixed broadband and mobile broadband network","-","-","-","-","-","-","-","-","-","-","-","-"
"Belgium","By fixed narrowband network","-","-","1.50417%","-","-","-","-","-","-","-","-","-"
"Belgium","By fixed (wired) broadband","-","-","-","-","-","-","-","-","-","-","-","-"
"Belgium","By broadband","-","-","82.4122%","84.2533%","-","87.5729%","90.861%","92.2999%","-","-","-","-"
"Belgium","By mobile broadband network via a handset","-","-","-","-","-","-","-","-","-","-","-","-"
"Belgium","By mobile broadband network via a card or USB modem","-","-","-","-","-","-","-","-","-","-","-","-"
"Belgium","By satellite broadband network","-","-","-","-","-","-","-","-","-","-","-","-"
"Belgium","By terrestrial fixed (wireless) broadband network","-","-","-","-","-","-","-","-","-","-","-","-"
"Belgium","By fixed broadband network only","-","-","-","53.4926%","-","51.549%","48.5731%","44.1264%","-","-","-","-"
"Belgium","By mobile broadband network only","-","-","-","3.28406%","-","8.09457%","6.34052%","8.52163%","-","-","-","-"
"Belgium","By fixed broadband and mobile broadband network","-","-","-","27.4766%","-","27.9293%","35.9474%","39.6519%","-","-","-","-"
"Bermuda","By fixed narrowband network","-","5.00045%","9.25038%","-","-","-","-","-","-","-","-","-"
"Bermuda","By fixed (wired) broadband","-","-","-","-","-","-","-","-","-","-","-","-"
"Bermuda","By broadband","-","83.0003%","86.7499%","-","-","-","-","-","-","-","-","-"
"Bermuda","By mobile broadband network via a handset","-","-","-","-","-","-","-","-","-","-","-","-"
"Bermuda","By mobile broadband network via a card or USB modem","-","-","-","-","-","-","-","-","-","-","-","-"
"Bermuda","By satellite broadband network","-","-","-","-","-","-","-","-","-","-","-","-"
"Bermuda","By terrestrial fixed (wireless) broadband network","-","-","-","-","-","-","-","-","-","-","-","-"
"Bermuda","By fixed broadband network only","-","-","-","-","-","-","-","-","-","-","-","-"
"Bermuda","By mobile broadband network only","-","-","-","-","-","-","-","-","-","-","-","-"
"Bermuda","By fixed broadband and mobile broadband network","-","-","-","-","-","-","-","-","-","-","-","-"
"Bhutan","By fixed narrowband network","-","-","-","3.14109%","-","-","-","-","-","-","-","-"
"Bhutan","By fixed (wired) broadband","-","-","-","3.14109%","-","-","-","-","-","-","-","-"
"Bhutan","By broadband","-","-","-","44.3359%","-","-","-","94.3214%","-","-","-","-"
"Bhutan","By mobile broadband network via a handset","-","-","-","43.7457%","-","-","-","-","-","-","-","-"
"Bhutan","By mobile broadband network via a card or USB modem","-","-","-","-","-","-","-","-","-","-","-","-"
"Bhutan","By satellite broadband network","-","-","-","-","-","-","-","-","-","-","-","-"
"Bhutan","By terrestrial fixed (wireless) broadband network","-","-","-","-","-","-","-","-","-","-","-","-"
"Bhutan","By fixed broadband network only","-","-","-","-","-","-","-","-","-","-","-","-"
"Bhutan","By mobile broadband network only","-","-","-","-","-","-","-","93.0348%","-","-","-","-"
"Bhutan","By fixed broadband and mobile broadband network","-","-","-","-","-","-","-","1.28666%","-","-","-","-"
"Bosnia and Herzegovina","By fixed narrowband network","-","-","-","-","-","-","-","-","-","-","-","-"
"Bosnia and Herzegovina","By fixed (wired) broadband","-","-","-","-","-","-","-","-","-","-","-","-"
"Bosnia and Herzegovina","By broadband","-","-","-","-","-","72.0255%","72.8355%","75.4909%","-","81.5518%","84.1933%","-"
"Bosnia and Herzegovina","By mobile broadband network via a handset","-","-","-","-","-","-","-","-","-","-","-","-"
"Bosnia and Herzegovina","By mobile broadband network via a card or USB modem","-","-","-","-","-","-","-","-","-","-","-","-"
"Bosnia and Herzegovina","By satellite broadband network","-","-","-","-","-","-","-","-","-","-","-","-"
"Bosnia and Herzegovina","By terrestrial fixed (wireless) broadband network","-","-","-","-","-","-","-","-","-","-","-","-"
"Bosnia and Herzegovina","By fixed broadband network only","-","-","58.9522%","62.9114%","50.9384%","52.2242%","50.9121%","46.9397%","-","53.6226%","51.3637%","-"
"Bosnia and Herzegovina","By mobile broadband network only","-","-","1.18901%","11.6906%","6.14398%","4.62035%","5.88591%","5.77943%","-","6.40303%","6.37567%","-"
"Bosnia and Herzegovina","By fixed broadband and mobile broadband network","-","-","-","8.87904%","12.1117%","15.1809%","16.0375%","22.7718%","-","21.5261%","26.4539%","-"
"Botswana","By fixed narrowband network","-","-","-","-","-","-","-","-","-","-","-","-"
"Botswana","By fixed (wired) broadband","-","-","-","-","-","-","-","-","-","-","-","-"
"Botswana","By broadband","-","-","-","-","-","-","-","-","-","-","-","-"
"Botswana","By mobile broadband network via a handset","-","-","-","-","-","-","-","-","-","-","-","-"
"Botswana","By mobile broadband network via a card or USB modem","-","-","-","-","-","-","-","-","-","-","-","-"
"Botswana","By satellite broadband network","0.0953684%","-","-","-","-","-","-","-","-","-","-","-"
"Botswana","By terrestrial fixed (wireless) broadband network","3.95812%","-","-","-","-","-","-","-","-","-","-","-"
"Botswana","By fixed broadband network only","2.94586%","-","-","-","-","-","-","-","-","-","-","-"
"Botswana","By mobile broadband network only","38.2526%","-","-","-","-","-","-","-","-","-","-","-"
"Botswana","By fixed broadband and mobile broadband network","-","-","-","-","-","-","-","-","-","-","-","-"
"Brazil","By fixed narrowband network","1.0318%","-","0.553907%","0.797724%","0.443804%","0.449975%","0.775638%","0.327827%","0.346715%","0.365387%","0.265489%","-"
"Brazil","By fixed (wired) broadband","26.037%","-","25.2212%","29.1374%","32.4577%","35.8487%","50.9864%","51.7407%","52.1471%","56.3019%","54.8586%","-"
"Brazil","By broadband","48.5888%","-","48.0543%","53.8435%","59.3253%","62.9564%","75.606%","71.7604%","70.1668%","73.8413%","70.9309%","-"
"Brazil","By mobile broadband network via a handset","12.3411%","-","13.7091%","15.2084%","18.0423%","19.3478%","18.2552%","14.0798%","13.1088%","12.7987%","11.2868%","-"
"Brazil","By mobile broadband network via a card or USB modem","-","-","-","-","-","-","-","-","-","-","-","-"
"Brazil","By satellite broadband network","2.51295%","-","3.65735%","4.44855%","4.70406%","4.51762%","3.76286%","3.96518%","3.24162%","3.01572%","3.44228%","-"
"Brazil","By terrestrial fixed (wireless) broadband network","4.46163%","-","5.46664%","5.04913%","4.12122%","3.24228%","2.60165%","1.97477%","1.66937%","1.72491%","1.34329%","-"
"Brazil","By fixed broadband network only","-","-","30.6878%","34.1865%","36.5789%","39.0909%","53.588%","53.7154%","53.8164%","58.0268%","56.2019%","-"
"Brazil","By mobile broadband network only","-","-","17.3665%","19.657%","22.7463%","23.8654%","22.018%","18.045%","16.3504%","15.8145%","14.729%","-"
"Brazil","By fixed broadband and mobile broadband network","-","-","-","-","-","-","-","-","-","-","-","-"
"Brunei Darussalam","By fixed narrowband network","-","-","0.999859%","-","-","-","-","-","-","-","-","-"
"Brunei Darussalam","By fixed (wired) broadband","-","-","-","-","-","-","-","-","-","-","-","-"
"Brunei Darussalam","By broadband","-","-","48.9704%","-","53.5888%","-","-","-","-","-","-","-"
"Brunei Darussalam","By mobile broadband network via a handset","-","-","-","-","-","-","-","-","-","-","-","-"
"Brunei Darussalam","By mobile broadband network via a card or USB modem","-","-","-","-","-","-","-","-","-","-","-","-"
"Brunei Darussalam","By satellite broadband network","-","-","-","-","-","-","-","-","-","-","-","-"
"Brunei Darussalam","By terrestrial fixed (wireless) broadband network","-","-","-","-","-","-","-","-","-","-","-","-"
"Brunei Darussalam","By fixed broadband network only","-","-","33.8467%","-","37.7573%","-","-","-","-","-","-","-"
"Brunei Darussalam","By mobile broadband network only","-","-","15.1237%","-","12.5897%","-","-","-","-","-","-","-"
"Brunei Darussalam","By fixed broadband and mobile broadband network","-","-","-","-","3.24177%","-","-","-","-","-","-","-"
"Bulgaria","By fixed narrowband network","-","-","0.535087%","0.72987%","0.448151%","0.512377%","0.547916%","-","-","-","-","-"
"Bulgaria","By fixed (wired) broadband","-","-","-","-","-","-","-","-","-","-","-","-"
"Bulgaria","By broadband","-","-","62.8108%","66.8983%","71.4934%","74.9446%","78.6121%","83.5348%","-","-","-","-"
"Bulgaria","By mobile broadband network via a handset","-","-","-","-","-","-","-","-","-","-","-","-"
"Bulgaria","By mobile broadband network via a card or USB modem","-","-","-","-","-","-","-","-","-","-","-","-"
"Bulgaria","By satellite broadband network","-","-","-","-","-","-","-","-","-","-","-","-"
"Bulgaria","By terrestrial fixed (wireless) broadband network","-","-","-","-","-","-","-","-","-","-","-","-"
"Bulgaria","By fixed broadband network only","-","-","29.6709%","20.4656%","12.7366%","10.9356%","10.6556%","8.58322%","-","-","-","-"
"Bulgaria","By mobile broadband network only","-","-","6.09361%","8.21294%","13.5454%","17.1771%","19.1885%","20.7854%","-","-","-","-"
"Bulgaria","By fixed broadband and mobile broadband network","-","-","27.0463%","38.2197%","45.2114%","46.8319%","48.768%","54.1662%","-","-","-","-"
"Cabo Verde","By fixed narrowband network","-","-","-","-","-","-","-","-","-","-","-","-"
"Cabo Verde","By fixed (wired) broadband","-","-","-","-","7.2947%","8.73695%","-","-","-","-","-","-"
"Cabo Verde","By broadband","-","-","-","-","-","-","-","-","-","-","-","-"
"Cabo Verde","By mobile broadband network via a handset","-","-","-","-","67.8012%","62.2834%","-","-","-","-","-","-"
"Cabo Verde","By mobile broadband network via a card or USB modem","-","-","-","-","9.15319%","6.77189%","-","-","-","-","-","-"
"Cabo Verde","By satellite broadband network","-","-","-","-","-","-","-","-","-","-","-","-"
"Cabo Verde","By terrestrial fixed (wireless) broadband network","-","-","-","-","-","-","-","-","-","-","-","-"
"Cabo Verde","By fixed broadband network only","-","-","-","-","-","-","-","-","-","-","-","-"
"Cabo Verde","By mobile broadband network only","-","-","-","-","-","-","-","-","-","-","-","-"
"Cabo Verde","By fixed broadband and mobile broadband network","-","-","-","-","-","-","-","-","-","-","-","-"
"Chile","By fixed narrowband network","-","-","-","-","-","-","-","-","-","-","-","-"
"Chile","By fixed (wired) broadband","-","-","-","-","-","-","-","-","-","-","-","-"
"Chile","By broadband","-","-","-","-","-","-","-","-","-","94.3466%","-","-"
"Chile","By mobile broadband network via a handset","-","-","-","-","-","-","-","-","-","-","-","-"
"Chile","By mobile broadband network via a card or USB modem","-","-","-","-","-","-","-","-","-","-","-","-"
"Chile","By satellite broadband network","-","-","-","-","-","-","-","-","-","-","-","-"
"Chile","By terrestrial fixed (wireless) broadband network","-","-","-","-","-","-","-","-","-","-","-","-"
"Chile","By fixed broadband network only","-","-","-","-","-","-","-","-","-","16.3223%","-","-"
"Chile","By mobile broadband network only","-","-","-","-","-","-","-","-","-","22.3189%","-","-"
"Chile","By fixed broadband and mobile broadband network","-","-","-","-","-","-","-","-","-","53.7766%","-","-"
"Costa Rica","By fixed narrowband network","-","-","-","-","-","-","-","-","-","-","-","-"
"Costa Rica","By fixed (wired) broadband","-","31.0111%","-","-","-","-","-","-","-","67.5415%","-","-"
"Costa Rica","By broadband","-","-","64.8416%","67.3162%","-","-","84.693%","-","-","-","-","-"
"Costa Rica","By mobile broadband network via a handset","-","28.8074%","-","-","-","-","-","-","-","-","-","-"
"Costa Rica","By mobile broadband network via a card or USB modem","-","-","-","-","-","-","-","-","-","-","-","-"
"Costa Rica","By satellite broadband network","-","-","-","-","-","-","-","-","-","-","-","-"
"Costa Rica","By terrestrial fixed (wireless) broadband network","-","0.362644%","-","-","-","-","-","-","-","-","-","-"
"Costa Rica","By fixed broadband network only","-","-","33.6435%","39.3674%","-","-","54.6129%","61.1693%","67.1294%","-","-","-"
"Costa Rica","By mobile broadband network only","-","-","30.5644%","27.6551%","-","-","30.0002%","20.1039%","15.8917%","16.9072%","-","-"
"Costa Rica","By fixed broadband and mobile broadband network","-","-","0.633813%","0.29366%","-","-","0.0799198%","0.0375069%","0.232903%","0.216673%","-","-"
"Croatia","By fixed narrowband network","-","-","-","-","-","-","-","-","-","-","-","-"
"Croatia","By fixed (wired) broadband","-","-","-","-","-","-","-","-","-","-","-","-"
"Croatia","By broadband","-","-","76.872%","75.9943%","80.9253%","80.5224%","84.999%","86.2901%","85.5223%","89.5555%","88.3747%","-"
"Croatia","By mobile broadband network via a handset","-","-","-","-","-","-","-","-","-","-","-","-"
"Croatia","By mobile broadband network via a card or USB modem","-","-","-","-","-","-","-","-","-","-","-","-"
"Croatia","By satellite broadband network","-","-","-","-","-","-","-","-","-","-","-","-"
"Croatia","By terrestrial fixed (wireless) broadband network","-","-","-","-","-","-","-","-","-","-","-","-"
"Croatia","By fixed broadband network only","-","-","38.1529%","32.4495%","26.9161%","24.0803%","24.519%","13.7711%","18.7337%","11.9604%","-","-"
"Croatia","By mobile broadband network only","-","-","7.2069%","5.84669%","9.12016%","10.1682%","11.9533%","11.4406%","10.534%","14.1604%","-","-"
"Croatia","By fixed broadband and mobile broadband network","-","-","31.5122%","37.6981%","44.889%","46.2738%","48.5266%","61.0783%","56.2543%","63.4347%","-","-"
"Cyprus","By fixed narrowband network","-","-","-","-","-","-","0.169208%","-","-","-","-","-"
"Cyprus","By fixed (wired) broadband","-","-","-","-","-","-","-","-","-","-","-","-"
"Cyprus","By broadband","-","-","74.2031%","-","85.6493%","89.4389%","92.4878%","93.4091%","-","-","-","-"
"Cyprus","By mobile broadband network via a handset","-","-","-","-","-","-","-","-","-","-","-","-"
"Cyprus","By mobile broadband network via a card or USB modem","-","-","-","-","-","-","-","-","-","-","-","-"
"Cyprus","By satellite broadband network","-","-","-","-","-","-","-","-","-","-","-","-"
"Cyprus","By terrestrial fixed (wireless) broadband network","-","-","-","-","-","-","-","-","-","-","-","-"
"Cyprus","By fixed broadband network only","-","-","72.1537%","-","84.5104%","87.1079%","91.9386%","91.7509%","-","-","-","-"
"Cyprus","By mobile broadband network only","-","-","2.04937%","-","1.13892%","2.3309%","0.549208%","1.65821%","-","-","-","-"
"Cyprus","By fixed broadband and mobile broadband network","-","-","-","-","-","-","-","-","-","-","-","-"
"Czech Republic","By fixed narrowband network","-","-","0.696533%","-","-","-","-","-","-","-","-","-"
"Czech Republic","By fixed (wired) broadband","-","-","35.0335%","32.2752%","34.7114%","35.9279%","-","-","-","-","-","-"
"Czech Republic","By broadband","-","-","74.837%","76.1382%","79.9204%","81.1271%","81.6727%","83.0031%","-","-","-","-"
"Czech Republic","By mobile broadband network via a handset","-","-","-","-","-","-","-","-","-","-","-","-"
"Czech Republic","By mobile broadband network via a card or USB modem","-","-","-","-","-","-","-","-","-","-","-","-"
"Czech Republic","By satellite broadband network","-","-","-","-","-","-","-","-","-","-","-","-"
"Czech Republic","By terrestrial fixed (wireless) broadband network","-","-","36.1338%","39.0807%","35.9064%","33.2048%","-","-","-","-","-","-"
"Czech Republic","By fixed broadband network only","-","-","55.1226%","56.5119%","57.1961%","57.6352%","29.9582%","28.343%","-","-","-","-"
"Czech Republic","By mobile broadband network only","-","-","9.0077%","8.76668%","10.7496%","12.0448%","4.78221%","4.8932%","-","-","-","-"
"Czech Republic","By fixed broadband and mobile broadband network","-","-","10.7067%","10.8596%","11.9746%","11.4471%","46.9323%","49.7669%","-","-","-","-"
"Côte d'Ivoire","By fixed narrowband network","-","-","-","-","-","-","-","-","0.490706%","-","-","-"
"Côte d'Ivoire","By fixed (wired) broadband","-","-","-","-","-","0.0804255%","-","-","3.91544%","-","-","-"
"Côte d'Ivoire","By broadband","-","-","-","-","-","16.8757%","-","-","65.529%","-","-","-"
"Côte d'Ivoire","By mobile broadband network via a handset","-","-","-","-","-","15.4672%","-","-","65.529%","-","-","-"
"Côte d'Ivoire","By mobile broadband network via a card or USB modem","-","-","-","-","-","0.59004%","-","-","6.55396%","-","-","-"
"Côte d'Ivoire","By satellite broadband network","-","-","-","-","-","0.0318535%","-","-","0.0151018%","-","-","-"
"Côte d'Ivoire","By terrestrial fixed (wireless) broadband network","-","-","-","-","-","0.706203%","-","-","0.161065%","-","-","-"
"Côte d'Ivoire","By fixed broadband network only","-","-","-","-","-","0.786629%","-","-","-","-","-","-"
"Côte d'Ivoire","By mobile broadband network only","-","-","-","-","-","16.0572%","-","-","65.529%","-","-","-"
"Côte d'Ivoire","By fixed broadband and mobile broadband network","-","-","-","-","-","-","-","-","4.09161%","-","-","-"
"Denmark","By fixed narrowband network","-","-","-","-","81.8603%","-","-","84.1855%","-","-","-","-"
"Denmark","By fixed (wired) broadband","-","-","-","-","-","-","-","-","-","-","-","-"
"Denmark","By broadband","-","-","-","-","90.3042%","-","88.6401%","92.4658%","-","-","-","-"
"Denmark","By mobile broadband network via a handset","-","-","-","-","-","-","-","-","-","-","-","-"
"Denmark","By mobile broadband network via a card or USB modem","-","-","-","-","-","-","-","-","-","-","-","-"
"Denmark","By satellite broadband network","-","-","-","-","-","-","-","-","-","-","-","-"
"Denmark","By terrestrial fixed (wireless) broadband network","-","-","-","-","-","-","-","-","-","-","-","-"
"Denmark","By fixed broadband network only","-","-","-","-","36.278%","-","38.3569%","43.1125%","-","-","-","-"
"Denmark","By mobile broadband network only","-","-","-","-","8.44391%","-","7.34978%","8.28033%","-","-","-","-"
"Denmark","By fixed broadband and mobile broadband network","-","-","-","-","45.5823%","-","42.9333%","41.073%","-","-","-","-"
"Dominican Rep.","By fixed narrowband network","-","-","-","-","-","-","-","-","-","-","-","-"
"Dominican Rep.","By fixed (wired) broadband","-","-","-","-","-","-","-","-","-","-","-","-"
"Dominican Rep.","By broadband","-","-","-","-","-","-","-","-","20.8885%","-","-","-"
"Dominican Rep.","By mobile broadband network via a handset","-","-","-","-","-","-","-","-","-","-","-","-"
"Dominican Rep.","By mobile broadband network via a card or USB modem","-","-","-","-","-","-","-","-","9.67087%","-","-","-"
"Dominican Rep.","By satellite broadband network","-","-","-","-","-","-","-","-","0.299705%","-","-","-"
"Dominican Rep.","By terrestrial fixed (wireless) broadband network","-","-","-","-","-","-","-","-","-","-","-","-"
"Dominican Rep.","By fixed broadband network only","-","-","-","-","-","-","-","-","10.7495%","-","-","-"
"Dominican Rep.","By mobile broadband network only","-","-","-","-","-","-","-","-","9.67084%","-","-","-"
"Dominican Rep.","By fixed broadband and mobile broadband network","-","-","-","-","-","-","-","-","-","-","-","-"
"Egypt","By fixed narrowband network","0.298368%","-","-","-","-","-","-","-","-","-","-","-"
"Egypt","By fixed (wired) broadband","38.589%","42.3307%","46.0676%","-","43.8954%","49.1728%","62.3838%","-","43.7825%","-","-","-"
"Egypt","By broadband","39.214%","42.3307%","46.0676%","49.213%","53.9%","59.937%","73.0115%","-","73.224%","-","-","-"
"Egypt","By mobile broadband network via a handset","13.0546%","15.4075%","18.2825%","31.4304%","36.3517%","46.6665%","56.8462%","-","58.2337%","-","-","-"
"Egypt","By mobile broadband network via a card or USB modem","-","1.1726%","0.685931%","0.950181%","1.3417%","46.9349%","1.04401%","-","1.20679%","-","-","-"
"Egypt","By satellite broadband network","-","-","-","-","-","-","-","-","-","-","-","-"
"Egypt","By terrestrial fixed (wireless) broadband network","-","-","-","-","-","-","-","-","-","-","-","-"
"Egypt","By fixed broadband network only","-","26.184%","27.3423%","17.3123%","16.9228%","13.2706%","16.1654%","-","14.9465%","-","-","-"
"Egypt","By mobile broadband network only","-","-","-","3.05355%","10.0046%","8.72459%","10.6278%","-","29.4415%","-","-","-"
"Egypt","By fixed broadband and mobile broadband network","-","16.1467%","18.7253%","28.8472%","26.9725%","37.9419%","46.2184%","-","28.836%","-","-","-"
"Estonia","By fixed narrowband network","-","-","-","-","-","-","-","-","-","-","-","-"
"Estonia","By fixed (wired) broadband","-","-","-","-","-","-","-","-","-","-","-","-"
"Estonia","By broadband","-","-","85.2952%","87.3462%","-","-","-","-","-","-","-","-"
"Estonia","By mobile broadband network via a handset","-","-","-","-","-","-","-","-","-","-","-","-"
"Estonia","By mobile broadband network via a card or USB modem","-","-","-","-","-","-","-","-","-","-","-","-"
"Estonia","By satellite broadband network","-","-","-","-","-","-","-","-","-","-","-","-"
"Estonia","By terrestrial fixed (wireless) broadband network","-","-","-","-","-","-","-","-","-","-","-","-"
"Estonia","By fixed broadband network only","-","-","18.8776%","15.7208%","-","-","-","-","-","-","-","-"
"Estonia","By mobile broadband network only","-","-","8.14504%","9.71534%","-","-","-","-","-","-","-","-"
"Estonia","By fixed broadband and mobile broadband network","-","-","58.2544%","61.91%","-","-","-","-","-","-","92.8946%","-"
"Finland","By fixed narrowband network","-","-","-","-","-","-","-","-","-","-","-","-"
"Finland","By fixed (wired) broadband","-","-","-","-","-","-","-","-","-","-","-","-"
"Finland","By broadband","-","-","-","-","-","-","-","-","96.5952%","-","-","-"
"Finland","By mobile broadband network via a handset","-","-","-","-","-","-","-","-","90.2061%","90.9635%","-","-"
"Finland","By mobile broadband network via a card or USB modem","-","-","-","-","-","-","-","-","62.4458%","59.6607%","-","-"
"Finland","By satellite broadband network","-","-","-","-","-","-","-","-","-","-","-","-"
"Finland","By terrestrial fixed (wireless) broadband network","-","-","-","-","-","-","-","-","-","-","-","-"
"Finland","By fixed broadband network only","-","-","-","-","-","-","-","-","-","-","-","-"
"Finland","By mobile broadband network only","-","-","-","-","-","-","-","-","-","-","-","-"
"Finland","By fixed broadband and mobile broadband network","-","-","-","-","-","-","-","-","-","-","-","-"
"France","By fixed narrowband network","-","-","-","-","8.17032%","8.05768%","-","6.12611%","5.264%","3.90969%","3.17732%","-"
"France","By fixed (wired) broadband","-","-","-","-","-","-","-","-","-","-","-","-"
"France","By broadband","-","-","-","-","75.2982%","76.8845%","-","81.7326%","82.4102%","84.3093%","85.7809%","-"
"France","By mobile broadband network via a handset","-","-","-","-","-","-","-","-","-","-","-","-"
"France","By mobile broadband network via a card or USB modem","-","-","-","-","-","-","-","-","-","-","-","-"
"France","By satellite broadband network","-","-","-","-","-","-","-","-","-","-","-","-"
"France","By terrestrial fixed (wireless) broadband network","-","-","-","-","-","-","-","-","-","-","-","-"
"France","By fixed broadband network only","-","-","-","-","42.1841%","41.0989%","-","48.3247%","43.653%","44.8397%","56.4778%","-"
"France","By mobile broadband network only","-","-","-","-","8.27171%","11.5218%","-","8.135%","8.45121%","8.29525%","7.2723%","-"
"France","By fixed broadband and mobile broadband network","-","-","-","-","24.8425%","24.2639%","-","25.2729%","30.306%","31.1744%","22.0308%","-"
"Georgia","By fixed narrowband network","-","-","-","-","0.64412%","1.00934%","0.563705%","-","-","0.18497%","-","-"
"Georgia","By fixed (wired) broadband","-","-","44.8372%","42.3107%","51.7393%","55.6826%","59.8713%","63.7781%","59.2783%","64.5743%","-","-"
"Georgia","By broadband","-","-","69.5905%","70.3404%","75.6012%","78.7847%","83.8003%","85.9846%","88.3758%","88.9878%","-","-"
"Georgia","By mobile broadband network via a handset","-","-","32.6432%","46.797%","61.3232%","63.8857%","73.1667%","59.1525%","63.9831%","63.753%","-","-"
"Georgia","By mobile broadband network via a card or USB modem","-","-","8.22665%","6.80379%","4.6201%","3.57161%","4.95659%","-","-","0.077391%","-","-"
"Georgia","By satellite broadband network","-","-","-","-","-","-","-","-","-","-","-","-"
"Georgia","By terrestrial fixed (wireless) broadband network","-","-","16.8583%","12.9096%","8.37452%","11.2971%","7.85603%","9.91048%","11.504%","11.1464%","-","-"
"Georgia","By fixed broadband network only","-","-","29.0032%","20.8786%","12.6954%","14.3005%","9.97404%","24.7964%","23.646%","25.1829%","-","-"
"Georgia","By mobile broadband network only","-","-","11.0672%","12.3931%","14.9931%","13.0219%","16.251%","13.4533%","17.6294%","13.3664%","-","-"
"Georgia","By fixed broadband and mobile broadband network","-","-","27.2924%","37.0687%","47.9128%","51.4623%","57.5753%","47.735%","47.1003%","50.4385%","-","-"
"Germany","By fixed narrowband network","-","-","-","-","-","-","-","-","-","-","-","-"
"Germany","By fixed (wired) broadband","-","-","-","-","-","-","-","-","-","-","-","-"
"Germany","By broadband","-","-","-","-","-","89.873%","90.9812%","88.8377%","-","-","-","-"
"Germany","By mobile broadband network via a handset","-","-","-","-","-","-","-","-","-","-","-","-"
"Germany","By mobile broadband network via a card or USB modem","-","-","-","-","-","-","-","-","-","-","-","-"
"Germany","By satellite broadband network","-","-","-","-","-","-","-","-","-","-","-","-"
"Germany","By terrestrial fixed (wireless) broadband network","-","-","-","-","-","-","-","-","-","-","-","-"
"Germany","By fixed broadband network only","-","-","-","-","-","-","-","-","-","-","-","-"
"Germany","By mobile broadband network only","-","-","-","-","-","-","-","-","-","-","-","-"
"Germany","By fixed broadband and mobile broadband network","-","-","-","-","-","-","67.2905%","-","-","-","-","-"
"Hong Kong, China","By fixed narrowband network","0.371186%","-","-","-","-","-","-","-","-","-","-","-"
"Hong Kong, China","By fixed (wired) broadband","78.1612%","77.0244%","77.5096%","78.4452%","73.9109%","76.9234%","73.5559%","74.88%","73.7146%","73.6332%","-","-"
"Hong Kong, China","By broadband","-","78.9652%","79.4885%","80.1736%","92.2524%","94.1282%","93.8946%","94.4327%","96.0519%","96.6183%","-","-"
"Hong Kong, China","By mobile broadband network via a handset","4.48687%","3.08436%","7.06192%","1.46645%","10.034%","0.524815%","17.4375%","0.643817%","8.80432%","16.8607%","-","-"
"Hong Kong, China","By mobile broadband network via a card or USB modem","-","0.193276%","0.965528%","0.320663%","0.776302%","0.102681%","0.38509%","0.215846%","0.345268%","1.58987%","-","-"
"Hong Kong, China","By satellite broadband network","-","-","-","-","-","-","-","-","-","-","-","-"
"Hong Kong, China","By terrestrial fixed (wireless) broadband network","-","-","-","-","-","-","-","-","-","-","-","-"
"Hong Kong, China","By fixed broadband network only","-","75.6916%","71.5409%","78.4452%","64.5141%","76.9234%","57.6139%","-","66.0324%","57.3894%","-","-"
"Hong Kong, China","By mobile broadband network only","-","1.94081%","1.97893%","1.72454%","1.18956%","0.616087%","1.7759%","0.848498%","1.32102%","0.734349%","-","-"
"Hong Kong, China","By fixed broadband and mobile broadband network","-","1.33682%","5.97271%","-","9.39286%","-","15.9233%","-","7.6822%","16.2438%","-","-"
"Hungary","By fixed narrowband network","-","-","-","1.61163%","1.69443%","-","-","-","-","-","-","-"
"Hungary","By fixed (wired) broadband","-","-","-","77.639%","-","-","-","-","-","-","-","-"
"Hungary","By broadband","-","-","-","81.8854%","82.8661%","85.8946%","87.2307%","90.7809%","-","-","-","-"
"Hungary","By mobile broadband network via a handset","-","-","-","-","-","-","-","-","-","-","-","-"
"Hungary","By mobile broadband network via a card or USB modem","-","-","-","65.0887%","-","-","-","-","-","-","-","-"
"Hungary","By satellite broadband network","-","-","-","-","-","-","-","-","-","-","-","-"
"Hungary","By terrestrial fixed (wireless) broadband network","-","-","-","-","-","-","-","-","-","-","-","-"
"Hungary","By fixed broadband network only","-","-","-","-","18.0202%","14.4503%","26.7286%","28.3751%","-","-","-","-"
"Hungary","By mobile broadband network only","-","-","-","-","5.88135%","4.07166%","5.91553%","7.47381%","-","-","-","-"
"Hungary","By fixed broadband and mobile broadband network","-","-","-","-","58.9646%","67.3726%","54.5865%","54.932%","-","-","-","-"
"India","By fixed narrowband network","-","-","-","-","-","-","-","-","-","-","-","-"
"India","By fixed (wired) broadband","-","-","-","-","-","-","-","-","-","-","-","-"
"India","By broadband","-","-","-","-","-","-","-","-","-","-","-","86.3%"
"India","By mobile broadband network via a handset","-","-","-","-","-","-","-","-","-","-","-","-"
"India","By mobile broadband network via a card or USB modem","-","-","-","-","-","-","-","-","-","-","-","-"
"India","By satellite broadband network","-","-","-","-","-","-","-","-","-","-","-","-"
"India","By terrestrial fixed (wireless) broadband network","-","-","-","-","-","-","-","-","-","-","-","-"
"India","By fixed broadband network only","-","-","-","-","-","-","-","-","-","-","-","-"
"India","By mobile broadband network only","-","-","-","-","-","-","-","-","-","-","-","-"
"India","By fixed broadband and mobile broadband network","-","-","-","-","-","-","-","-","-","-","-","12.5135%"
"Iran (Islamic Republic of)","By fixed narrowband network","-","0.281572%","-","-","-","-","-","-","-","-","-","-"
"Iran (Islamic Republic of)","By fixed (wired) broadband","-","28.6332%","-","50.5007%","-","-","-","-","-","-","-","-"
"Iran (Islamic Republic of)","By broadband","-","54.7411%","-","72.7608%","-","-","-","-","-","-","-","-"
"Iran (Islamic Republic of)","By mobile broadband network via a handset","-","45.1452%","-","68.4453%","-","-","-","-","-","-","-","-"
"Iran (Islamic Republic of)","By mobile broadband network via a card or USB modem","-","0.386022%","-","0.813287%","-","-","-","-","-","-","-","-"
"Iran (Islamic Republic of)","By satellite broadband network","-","-","-","0.868829%","-","-","-","-","-","-","-","-"
"Iran (Islamic Republic of)","By terrestrial fixed (wireless) broadband network","-","1.15515%","-","4.13591%","-","-","-","-","-","-","-","-"
"Iran (Islamic Republic of)","By fixed broadband network only","-","9.59591%","-","4.09256%","-","-","-","-","-","-","-","-"
"Iran (Islamic Republic of)","By mobile broadband network only","-","25.0949%","-","17.8643%","-","-","-","-","-","-","-","-"
"Iran (Islamic Republic of)","By fixed broadband and mobile broadband network","-","20.0503%","-","50.8039%","-","-","-","-","-","-","-","-"
"Iraq","By fixed narrowband network","-","-","-","-","-","-","-","-","-","-","-","-"
"Iraq","By fixed (wired) broadband","-","-","-","-","-","-","-","-","5.4201%","-","-","-"
"Iraq","By broadband","-","-","-","-","-","-","-","-","-","-","-","-"
"Iraq","By mobile broadband network via a handset","-","-","-","-","-","-","-","-","22.7287%","-","-","-"
"Iraq","By mobile broadband network via a card or USB modem","-","-","-","-","-","-","-","-","76.8006%","-","-","-"
"Iraq","By satellite broadband network","-","-","-","-","-","-","-","-","-","-","-","-"
"Iraq","By terrestrial fixed (wireless) broadband network","-","-","-","-","-","-","-","-","1.93996%","-","-","-"
"Iraq","By fixed broadband network only","-","-","-","-","-","-","-","-","-","-","-","-"
"Iraq","By mobile broadband network only","-","-","-","-","-","-","-","-","-","-","-","-"
"Iraq","By fixed broadband and mobile broadband network","-","-","-","-","-","-","-","-","-","-","-","-"
"Italy","By fixed narrowband network","-","-","-","-","-","-","1.83888%","-","-","-","-","-"
"Italy","By fixed (wired) broadband","-","-","-","-","-","-","-","-","-","-","-","-"
"Italy","By broadband","-","-","-","70.2408%","-","-","77.7531%","-","-","-","-","-"
"Italy","By mobile broadband network via a handset","-","-","-","27.1731%","-","-","33.1136%","-","-","-","-","-"
"Italy","By mobile broadband network via a card or USB modem","-","-","-","10.2537%","-","-","8.30774%","-","-","-","-","-"
"Italy","By satellite broadband network","-","-","-","-","-","-","-","-","-","-","-","-"
"Italy","By terrestrial fixed (wireless) broadband network","-","-","-","-","-","-","-","-","-","-","-","-"
"Italy","By fixed broadband network only","-","-","-","36.0041%","-","-","39.2579%","-","-","-","-","-"
"Italy","By mobile broadband network only","-","-","-","19.6048%","-","-","23.225%","-","-","-","-","-"
"Italy","By fixed broadband and mobile broadband network","-","-","-","13.9231%","-","-","14.6138%","-","-","-","-","-"
"Jamaica","By fixed narrowband network","1.87902%","1.51399%","-","-","-","-","-","-","-","-","-","-"
"Jamaica","By fixed (wired) broadband","25.8873%","-","-","17.0043%","-","-","-","40.9988%","-","43.3966%","-","-"
"Jamaica","By broadband","25.8873%","33.8904%","-","-","-","-","-","-","-","-","-","-"
"Jamaica","By mobile broadband network via a handset","-","-","-","31.3857%","-","-","-","32.6768%","-","55.027%","-","-"
"Jamaica","By mobile broadband network via a card or USB modem","-","-","-","6.03014%","-","-","-","6.16654%","-","6.92953%","-","-"
"Jamaica","By satellite broadband network","-","-","-","-","-","-","-","-","-","-","-","-"
"Jamaica","By terrestrial fixed (wireless) broadband network","-","-","-","5.29385%","-","-","-","11.4753%","-","15.6292%","-","-"
"Jamaica","By fixed broadband network only","-","-","-","-","-","-","-","-","-","-","-","-"
"Jamaica","By mobile broadband network only","-","-","-","-","-","-","-","-","-","-","-","-"
"Jamaica","By fixed broadband and mobile broadband network","-","-","-","-","-","-","-","-","-","-","-","-"
"Japan","By fixed narrowband network","2.66882%","3.43661%","2.42266%","3.03866%","-","7.03927%","6.08384%","5.90507%","6.0675%","-","-","-"
"Japan","By fixed (wired) broadband","55.7944%","59.9872%","59.3097%","54.9168%","55.085%","70.3606%","70.5268%","71.7506%","72.8497%","-","-","-"
"Japan","By broadband","95.5079%","96.6353%","95.3809%","93.2976%","95.3909%","96.5993%","97.1469%","97.5456%","88.0617%","-","-","-"
"Japan","By mobile broadband network via a handset","94.9228%","96.2018%","94.8705%","92.7121%","94.7092%","96.1235%","96.79%","97.2532%","-","-","-","-"
"Japan","By mobile broadband network via a card or USB modem","-","-","-","-","-","-","-","-","-","-","-","-"
"Japan","By satellite broadband network","-","-","-","-","-","-","-","-","-","-","-","-"
"Japan","By terrestrial fixed (wireless) broadband network","34.7005%","32.7275%","32.0437%","30.1297%","30.119%","45.0623%","49.7734%","48.9316%","52.6638%","-","-","-"
"Japan","By fixed broadband network only","-","0.421802%","0.508507%","-","0.57213%","0.430514%","0.34932%","0.286952%","33.7791%","-","-","-"
"Japan","By mobile broadband network only","-","28.1246%","28.6369%","-","40.3078%","31.7787%","30.1832%","29.3016%","14.5118%","-","-","-"
"Japan","By fixed broadband and mobile broadband network","-","68.0889%","66.2355%","-","54.5128%","64.3882%","66.6144%","67.9589%","37.4517%","-","-","-"
"Jordan","By fixed narrowband network","-","-","-","-","-","-","-","-","-","-","-","-"
"Jordan","By fixed (wired) broadband","-","-","-","-","-","-","-","-","-","32.1579%","-","-"
"Jordan","By broadband","-","-","-","-","-","-","-","-","-","91.1372%","-","-"
"Jordan","By mobile broadband network via a handset","-","-","-","-","-","-","-","-","-","84.888%","-","-"
"Jordan","By mobile broadband network via a card or USB modem","-","-","-","-","-","-","-","-","-","23.7959%","-","-"
"Jordan","By satellite broadband network","-","-","-","-","-","-","-","-","-","-","-","-"
"Jordan","By terrestrial fixed (wireless) broadband network","-","-","-","-","-","-","-","-","-","-","-","-"
"Jordan","By fixed broadband network only","-","-","-","-","-","-","-","-","-","-","-","-"
"Jordan","By mobile broadband network only","-","-","-","-","-","-","-","-","-","-","-","-"
"Jordan","By fixed broadband and mobile broadband network","-","-","-","-","-","-","-","-","42.3198%","-","-","-"
"Kazakhstan","By fixed narrowband network","-","11.8191%","14.9893%","11.6704%","10.3471%","11.01%","9.9638%","4.1432%","3.03191%","1.2403%","-","-"
"Kazakhstan","By fixed (wired) broadband","-","48.4269%","35.5313%","36.565%","42.5116%","42.7149%","46.1834%","43.2642%","39.8306%","44.5016%","-","-"
"Kazakhstan","By broadband","-","72.9144%","77.797%","79.7931%","83.9347%","86.8284%","90.5672%","93.6867%","95.2945%","96.2722%","-","-"
"Kazakhstan","By mobile broadband network via a handset","-","-","53.4425%","63.2235%","69.5507%","73.0722%","76.4069%","80.1243%","82.1202%","80.2586%","-","-"
"Kazakhstan","By mobile broadband network via a card or USB modem","-","44.9913%","13.3512%","10.1314%","11.9824%","13.3854%","14.228%","17.1996%","9.27176%","9.56134%","-","-"
"Kazakhstan","By satellite broadband network","-","10.6215%","1.57187%","0.0600432%","0.0986288%","0.0843401%","0.312038%","0.227311%","0.740381%","0.276852%","-","-"
"Kazakhstan","By terrestrial fixed (wireless) broadband network","-","41.666%","4.60494%","1.47604%","1.64393%","2.10954%","3.55075%","3.32522%","4.62746%","1.39171%","-","-"
"Kazakhstan","By fixed broadband network only","-","33.4453%","16.2021%","16.5255%","12.5322%","10.1017%","11.3733%","10.7123%","11.2399%","14.8752%","-","-"
"Kazakhstan","By mobile broadband network only","-","4.78358%","36.0888%","36.809%","39.6805%","41.9195%","40.5209%","46.8699%","50.096%","50.102%","-","-"
"Kazakhstan","By fixed broadband and mobile broadband network","-","2.36984%","19.3292%","19.715%","31.722%","34.8072%","38.6729%","36.1045%","33.9585%","31.295%","-","-"
"Kenya","By fixed narrowband network","-","-","-","-","-","-","-","-","-","-","-","-"
"Kenya","By fixed (wired) broadband","-","-","-","-","-","-","-","-","-","-","-","-"
"Kenya","By broadband","-","-","-","-","-","20.4113%","-","-","-","-","47.4679%","-"
"Kenya","By mobile broadband network via a handset","-","28.1716%","-","-","-","-","-","-","-","-","-","-"
"Kenya","By mobile broadband network via a card or USB modem","-","3.23624%","-","-","-","-","-","-","-","-","-","-"
"Kenya","By satellite broadband network","-","-","-","-","-","-","-","-","-","-","-","-"
"Kenya","By terrestrial fixed (wireless) broadband network","-","0.229409%","-","-","-","-","-","-","-","-","-","-"
"Kenya","By fixed broadband network only","-","-","-","-","-","3.537%","-","-","-","-","7.04182%","-"
"Kenya","By mobile broadband network only","-","-","-","-","-","16.8743%","-","-","-","-","34.8543%","-"
"Kenya","By fixed broadband and mobile broadband network","-","-","-","-","-","-","-","-","-","-","5.57179%","-"
"Korea (Rep. of)","By fixed narrowband network","-","-","-","-","-","-","-","-","-","-","-","-"
"Korea (Rep. of)","By fixed (wired) broadband","78.7207%","82.9327%","84.2968%","85.2875%","83.631%","81.3308%","81.5356%","81.8893%","81.888%","82.4702%","82.4849%","-"
"Korea (Rep. of)","By broadband","98.4869%","98.7938%","99.1945%","99.5047%","99.4782%","99.6893%","99.7485%","99.9325%","99.9608%","99.9659%","100%","-"
"Korea (Rep. of)","By mobile broadband network via a handset","98.4587%","97.0025%","99.0781%","99.4871%","99.3537%","99.5521%","99.6322%","99.9086%","99.9346%","99.8463%","99.8802%","-"
"Korea (Rep. of)","By mobile broadband network via a card or USB modem","-","3.3581%","3.41986%","4.62595%","3.70114%","7.73399%","5.2024%","7.34383%","7.0132%","9.76468%","8.91439%","-"
"Korea (Rep. of)","By satellite broadband network","-","-","-","-","-","-","-","-","-","-","-","-"
"Korea (Rep. of)","By terrestrial fixed (wireless) broadband network","86.3302%","98.6142%","99.1821%","99.4733%","99.4329%","99.6565%","99.7285%","99.8985%","99.9149%","99.8741%","99.8727%","-"
"Korea (Rep. of)","By fixed broadband network only","-","0.0462572%","0.00829259%","-","0.0154214%","0.0346989%","0.00316387%","-","0.0261984%","-","0.103099%","-"
"Korea (Rep. of)","By mobile broadband network only","-","15.8612%","14.8445%","13.9188%","15.8472%","18.3038%","18.1796%","18.0432%","18.0727%","17.4931%","0.0741898%","-"
"Korea (Rep. of)","By fixed broadband and mobile broadband network","-","82.8864%","84.2885%","85.2875%","83.6156%","81.2929%","81.5325%","81.8893%","81.8618%","82.4702%","99.8227%","-"
"Kuwait","By fixed narrowband network","-","-","-","-","-","-","-","-","-","-","-","-"
"Kuwait","By fixed (wired) broadband","-","-","-","-","24.2503%","-","26.7703%","26.7702%","-","19%","-","-"
"Kuwait","By broadband","-","-","-","-","100%","-","99.3955%","99.3955%","-","100%","-","-"
"Kuwait","By mobile broadband network via a handset","-","-","-","-","70.2085%","-","84.3696%","84.3696%","-","-","-","-"
"Kuwait","By mobile broadband network via a card or USB modem","-","-","-","-","-","-","75.5613%","75.5613%","-","-","-","-"
"Kuwait","By satellite broadband network","-","-","-","-","10.3649%","-","-","-","-","-","-","-"
"Kuwait","By terrestrial fixed (wireless) broadband network","-","-","-","-","81.8122%","-","11.1584%","11.1584%","-","-","-","-"
"Kuwait","By fixed broadband network only","-","-","-","-","-","-","0.944132%","0.944156%","-","19%","-","-"
"Kuwait","By mobile broadband network only","-","-","-","-","-","-","67.2079%","67.2079%","-","75%","-","-"
"Kuwait","By fixed broadband and mobile broadband network","-","-","-","-","-","-","30.6427%","30.6426%","-","100%","-","-"
"Latvia","By fixed narrowband network","-","-","-","-","-","-","-","-","-","-","-","-"
"Latvia","By fixed (wired) broadband","-","-","-","-","-","-","-","-","-","-","-","-"
"Latvia","By broadband","-","-","75.0843%","76.4972%","-","83.3024%","87.5546%","89.4787%","-","-","-","-"
"Latvia","By mobile broadband network via a handset","-","-","-","-","-","-","-","-","-","-","-","-"
"Latvia","By mobile broadband network via a card or USB modem","-","-","-","-","-","-","-","-","-","-","-","-"
"Latvia","By satellite broadband network","-","-","-","-","-","-","-","-","-","-","-","-"
"Latvia","By terrestrial fixed (wireless) broadband network","-","-","-","-","-","-","-","-","-","-","-","-"
"Latvia","By fixed broadband network only","-","-","-","-","-","-","-","-","-","-","-","-"
"Latvia","By mobile broadband network only","-","-","-","-","-","-","-","-","-","-","-","-"
"Latvia","By fixed broadband and mobile broadband network","-","-","-","-","-","-","-","-","-","-","-","-"
"Lesotho","By fixed narrowband network","-","-","-","-","-","-","-","-","-","-","-","-"
"Lesotho","By fixed (wired) broadband","-","-","0.0874851%","-","-","-","-","-","-","-","-","-"
"Lesotho","By broadband","-","-","3.56896%","-","-","-","-","-","-","-","-","-"
"Lesotho","By mobile broadband network via a handset","-","-","2.98669%","-","-","-","-","-","-","-","-","-"
"Lesotho","By mobile broadband network via a card or USB modem","-","-","0.494793%","-","-","-","-","-","-","-","-","-"
"Lesotho","By satellite broadband network","-","-","-","-","-","-","-","-","-","-","-","-"
"Lesotho","By terrestrial fixed (wireless) broadband network","-","-","-","-","-","-","-","-","-","-","-","-"
"Lesotho","By fixed broadband network only","-","-","0.0874851%","-","-","-","-","-","-","-","-","-"
"Lesotho","By mobile broadband network only","-","-","3.48148%","-","-","-","-","-","-","-","-","-"
"Lesotho","By fixed broadband and mobile broadband network","-","-","-","-","-","-","-","-","-","-","-","-"
"Lithuania","By fixed narrowband network","-","-","-","-","-","-","-","-","-","-","-","-"
"Lithuania","By fixed (wired) broadband","-","-","-","-","-","-","-","-","-","-","-","-"
"Lithuania","By broadband","-","-","71.0244%","74.6719%","-","81.3552%","81.8329%","85.9496%","-","-","-","-"
"Lithuania","By mobile broadband network via a handset","-","-","-","-","-","-","-","-","-","-","-","-"
"Lithuania","By mobile broadband network via a card or USB modem","-","-","-","-","-","-","-","-","-","-","-","-"
"Lithuania","By satellite broadband network","-","-","-","-","-","-","-","-","-","-","-","-"
"Lithuania","By terrestrial fixed (wireless) broadband network","-","-","-","-","-","-","-","-","-","-","-","-"
"Lithuania","By fixed broadband network only","-","-","40.16%","40.1875%","-","33.2978%","27.2853%","27.9959%","-","-","-","-"
"Lithuania","By mobile broadband network only","-","-","7.98708%","10.158%","-","13.3986%","17.2246%","18.6638%","-","-","-","-"
"Lithuania","By fixed broadband and mobile broadband network","-","-","21.6625%","24.3264%","-","34.6208%","36.997%","38.2337%","-","-","-","-"
"Luxembourg","By fixed narrowband network","-","-","2.31893%","7.20657%","-","-","-","-","-","-","-","-"
"Luxembourg","By fixed (wired) broadband","-","-","-","-","-","-","-","-","-","-","-","-"
"Luxembourg","By broadband","-","-","96.7751%","91.7316%","-","-","-","97.3511%","-","-","-","-"
"Luxembourg","By mobile broadband network via a handset","-","-","-","-","-","-","-","-","-","-","-","-"
"Luxembourg","By mobile broadband network via a card or USB modem","-","-","-","-","-","-","-","-","-","-","-","-"
"Luxembourg","By satellite broadband network","-","-","-","-","-","-","-","-","-","-","-","-"
"Luxembourg","By terrestrial fixed (wireless) broadband network","-","-","-","-","-","-","-","-","-","-","-","-"
"Luxembourg","By fixed broadband network only","-","-","60.9844%","65.3174%","-","-","-","65.1573%","-","-","-","-"
"Luxembourg","By mobile broadband network only","-","-","1.08171%","2.67234%","-","-","-","6.58085%","-","-","-","-"
"Luxembourg","By fixed broadband and mobile broadband network","-","-","34.709%","23.7419%","-","-","-","25.613%","-","-","-","-"
"Macao, China","By fixed narrowband network","-","-","-","-","-","-","-","-","-","-","-","-"
"Macao, China","By fixed (wired) broadband","67.3523%","-","-","-","-","-","-","-","-","-","-","-"
"Macao, China","By broadband","84.3354%","86.2999%","88.5835%","88.1462%","90.2263%","-","-","94.6226%","-","-","-","-"
"Macao, China","By mobile broadband network via a handset","-","-","-","-","-","-","-","-","-","-","-","-"
"Macao, China","By mobile broadband network via a card or USB modem","-","-","-","-","-","-","-","-","-","-","-","-"
"Macao, China","By satellite broadband network","-","-","-","-","-","-","-","-","-","-","-","-"
"Macao, China","By terrestrial fixed (wireless) broadband network","-","-","-","-","-","-","-","-","-","-","-","-"
"Macao, China","By fixed broadband network only","-","57.9139%","-","4.64752%","5.04115%","-","-","1.82536%","-","-","-","-"
"Macao, China","By mobile broadband network only","-","73.3783%","-","7.5718%","8.48765%","-","-","9.27479%","-","-","-","-"
"Macao, China","By fixed broadband and mobile broadband network","-","-","-","75.8747%","76.6975%","-","-","83.5224%","-","-","-","-"
"Malawi","By fixed narrowband network","-","-","-","-","-","-","-","-","-","-","-","-"
"Malawi","By fixed (wired) broadband","-","-","-","-","-","-","-","-","-","-","-","-"
"Malawi","By broadband","-","-","-","-","-","-","-","-","-","-","-","-"
"Malawi","By mobile broadband network via a handset","-","-","-","-","-","-","-","-","-","-","-","-"
"Malawi","By mobile broadband network via a card or USB modem","-","-","-","-","-","-","-","-","-","-","-","-"
"Malawi","By satellite broadband network","-","-","-","-","-","-","-","-","-","-","-","-"
"Malawi","By terrestrial fixed (wireless) broadband network","-","-","-","-","-","-","-","-","-","-","-","-"
"Malawi","By fixed broadband network only","-","-","-","-","-","-","-","-","-","0.59722%","-","-"
"Malawi","By mobile broadband network only","-","-","-","-","-","-","-","-","-","17.7832%","-","-"
"Malawi","By fixed broadband and mobile broadband network","-","-","-","-","-","-","-","-","-","18.3804%","-","-"
"Malaysia","By fixed narrowband network","-","-","-","-","-","-","-","-","-","-","-","-"
"Malaysia","By fixed (wired) broadband","-","-","-","-","-","-","-","-","-","-","-","-"
"Malaysia","By broadband","-","70.0554%","-","85.652%","86.9757%","90.1045%","91.7062%","95.4263%","95.5769%","96.417%","-","-"
"Malaysia","By mobile broadband network via a handset","-","-","-","-","-","-","-","-","-","-","-","-"
"Malaysia","By mobile broadband network via a card or USB modem","-","-","-","-","-","-","-","-","-","-","-","-"
"Malaysia","By satellite broadband network","-","-","-","-","-","-","-","-","-","-","-","-"
"Malaysia","By terrestrial fixed (wireless) broadband network","-","-","-","-","-","-","-","-","-","-","-","-"
"Malaysia","By fixed broadband network only","-","-","-","1.47815%","1.4504%","2.97793%","1.7088%","1.43551%","1.03922%","1.0978%","1.08041%","-"
"Malaysia","By mobile broadband network only","-","-","-","56.5096%","59.4982%","59.432%","57.307%","54.1997%","49.3699%","49.2967%","49.2418%","-"
"Malaysia","By fixed broadband and mobile broadband network","-","-","-","27.6643%","26.027%","27.6946%","32.442%","39.7828%","45.1677%","46.0226%","46.4819%","-"
"Malta","By fixed narrowband network","-","-","-","-","-","-","-","-","-","-","-","-"
"Malta","By fixed (wired) broadband","-","-","-","-","-","-","-","-","-","-","-","-"
"Malta","By broadband","-","-","76.5261%","78.611%","84.1448%","86.0799%","90.3624%","90.542%","-","-","-","-"
"Malta","By mobile broadband network via a handset","-","-","-","-","-","-","-","-","-","-","-","-"
"Malta","By mobile broadband network via a card or USB modem","-","-","-","-","-","-","-","-","-","-","-","-"
"Malta","By satellite broadband network","-","-","-","-","-","-","-","-","-","-","-","-"
"Malta","By terrestrial fixed (wireless) broadband network","-","-","-","-","-","-","-","-","-","-","-","-"
"Malta","By fixed broadband network only","-","-","29.2694%","33.4755%","36.1607%","36.995%","34.2649%","34.4504%","-","-","-","-"
"Malta","By mobile broadband network only","-","-","1.67802%","1.64321%","1.23625%","2.05898%","4.1016%","2.49865%","-","-","-","-"
"Malta","By fixed broadband and mobile broadband network","-","-","45.5787%","43.4923%","46.7479%","47.0259%","51.9959%","53.593%","-","-","-","-"
"Mexico","By fixed narrowband network","0.824536%","0.264542%","0.0873922%","0.0503145%","0.0687523%","0.00771967%","0.0557252%","0.0220366%","0.0768092%","0.0343151%","-","-"
"Mexico","By fixed (wired) broadband","28.5151%","32.0993%","35.8377%","39.5368%","42.8835%","45.9943%","50.4078%","54.1496%","56.7744%","60.7311%","-","-"
"Mexico","By broadband","33.6492%","38.7378%","46.7641%","50.5064%","52.2821%","55.6245%","59.5434%","66.1684%","68.2334%","71.5123%","-","-"
"Mexico","By mobile broadband network via a handset","3.05351%","15.1881%","24.0848%","26.6607%","27.1934%","26.1949%","21.426%","28.2026%","25.5522%","25.0775%","-","-"
"Mexico","By mobile broadband network via a card or USB modem","-","6.26836%","5.29902%","4.58828%","2.18973%","0.87143%","0.945829%","1.78069%","1.24342%","5.63773%","-","-"
"Mexico","By satellite broadband network","0.253444%","0.649922%","1.01838%","1.21536%","1.6131%","1.99525%","3.7499%","5.49129%","5.46901%","5.35602%","-","-"
"Mexico","By terrestrial fixed (wireless) broadband network","4.91704%","3.19255%","2.10786%","1.85876%","1.40394%","1.51301%","1.51141%","1.73055%","2.09608%","2.34741%","-","-"
"Mexico","By fixed broadband network only","-","23.0275%","22.4916%","23.8034%","24.9304%","29.2191%","37.8251%","37.6188%","42.3419%","45.3146%","-","-"
"Mexico","By mobile broadband network only","-","4.17135%","8.42639%","8.62541%","6.75528%","6.22925%","4.08154%","5.04586%","4.10237%","3.45711%","-","-"
"Mexico","By fixed broadband and mobile broadband network","-","11.539%","15.8462%","18.0744%","20.5964%","20.1761%","17.6368%","23.5037%","21.7892%","22.7405%","-","-"
"Montenegro","By fixed narrowband network","-","0.700319%","2.6288%","4.31127%","0.803896%","0.147248%","0.428784%","0.306869%","-","-","-","-"
"Montenegro","By fixed (wired) broadband","-","-","-","-","-","-","-","-","-","-","-","-"
"Montenegro","By broadband","-","65.779%","60.373%","65.3283%","69.3935%","72.3665%","78.722%","77.8234%","80.6685%","-","84.3664%","-"
"Montenegro","By mobile broadband network via a handset","-","-","-","-","-","-","-","-","-","-","-","-"
"Montenegro","By mobile broadband network via a card or USB modem","-","-","-","-","-","-","-","-","-","-","-","-"
"Montenegro","By satellite broadband network","-","-","-","-","-","-","-","-","-","-","-","-"
"Montenegro","By terrestrial fixed (wireless) broadband network","-","-","-","-","-","-","-","-","-","-","-","-"
"Montenegro","By fixed broadband network only","-","42.6962%","32.6359%","32.5559%","32.8646%","32.9586%","32.0773%","28.4508%","26.0529%","-","23.8607%","-"
"Montenegro","By mobile broadband network only","-","8.99423%","10.2856%","13.1078%","12.7058%","13.069%","13.7502%","11.9822%","13.2549%","-","12.6977%","-"
"Montenegro","By fixed broadband and mobile broadband network","-","14.0885%","17.4515%","18.8278%","21.1566%","26.339%","32.8938%","37.3904%","41.36%","-","47.808%","-"
"Morocco","By fixed narrowband network","-","-","-","-","-","-","-","-","-","-","-","-"
"Morocco","By fixed (wired) broadband","14.4254%","16.2434%","20.7%","19.4542%","20.2083%","-","-","22.5777%","-","-","-","-"
"Morocco","By broadband","50.1763%","66.4929%","68.5%","70.2184%","74.1668%","-","-","86.211%","-","-","-","-"
"Morocco","By mobile broadband network via a handset","29.0763%","62.5453%","62.9514%","64.8969%","73.3935%","-","-","52.9618%","-","-","-","-"
"Morocco","By mobile broadband network via a card or USB modem","-","9.10871%","8.44357%","2.52797%","4.41804%","-","-","3.61862%","-","-","-","-"
"Morocco","By satellite broadband network","-","-","-","-","-","-","-","-","-","-","-","-"
"Morocco","By terrestrial fixed (wireless) broadband network","-","-","-","-","-","-","-","-","-","-","-","-"
"Morocco","By fixed broadband network only","-","1.49155%","2%","3.74979%","1.46678%","-","-","-","-","-","-","-"
"Morocco","By mobile broadband network only","-","50.2496%","47.8%","50.7643%","53.9584%","-","-","61.8851%","-","-","-","-"
"Morocco","By fixed broadband and mobile broadband network","-","14.7518%","18.7%","15.7044%","18.7416%","-","-","24.326%","-","-","-","-"
"Niger","By fixed narrowband network","-","-","-","-","3.15948%","-","-","-","-","-","-","-"
"Niger","By fixed (wired) broadband","-","-","-","-","0.206504%","-","-","-","-","-","-","-"
"Niger","By broadband","-","-","-","-","4.1385%","-","-","-","-","-","-","-"
"Niger","By mobile broadband network via a handset","-","-","-","-","0.715083%","-","-","-","-","-","-","-"
"Niger","By mobile broadband network via a card or USB modem","-","-","-","-","2.64683%","-","-","-","-","-","-","-"
"Niger","By satellite broadband network","-","-","-","-","0.310805%","-","-","-","-","-","-","-"
"Niger","By terrestrial fixed (wireless) broadband network","-","-","-","-","0.259276%","-","-","-","-","-","-","-"
"Niger","By fixed broadband network only","-","-","-","-","0.776586%","-","-","-","-","-","-","-"
"Niger","By mobile broadband network only","-","-","-","-","2.58533%","-","-","-","-","-","-","-"
"Niger","By fixed broadband and mobile broadband network","-","-","-","-","0.776586%","-","-","-","-","-","-","-"
"North Macedonia","By fixed narrowband network","-","-","-","-","-","-","-","-","-","-","-","-"
"North Macedonia","By fixed (wired) broadband","-","-","-","-","-","-","-","-","-","-","-","-"
"North Macedonia","By broadband","-","-","-","67.14%","78.2065%","-","-","-","-","-","-","-"
"North Macedonia","By mobile broadband network via a handset","-","-","-","-","-","-","-","-","-","-","-","-"
"North Macedonia","By mobile broadband network via a card or USB modem","-","-","-","-","-","-","-","-","-","-","-","-"
"North Macedonia","By satellite broadband network","-","-","-","-","-","-","-","-","-","-","-","-"
"North Macedonia","By terrestrial fixed (wireless) broadband network","-","-","-","-","-","-","-","-","-","-","-","-"
"North Macedonia","By fixed broadband network only","-","-","-","30.3394%","21.9757%","-","-","-","-","-","-","-"
"North Macedonia","By mobile broadband network only","-","-","-","5.49184%","7.81037%","-","-","-","-","-","-","-"
"North Macedonia","By fixed broadband and mobile broadband network","-","-","-","31.3088%","48.4204%","-","-","-","-","-","-","-"
"Norway","By fixed narrowband network","-","-","-","-","-","-","-","-","-","-","-","-"
"Norway","By fixed (wired) broadband","-","-","-","-","-","-","-","-","-","-","-","-"
"Norway","By broadband","-","-","-","94%","-","-","96.1225%","99%","-","-","-","-"
"Norway","By mobile broadband network via a handset","-","-","-","-","-","-","-","-","-","-","-","-"
"Norway","By mobile broadband network via a card or USB modem","-","-","-","-","-","-","-","-","-","-","-","-"
"Norway","By satellite broadband network","-","-","-","-","-","-","-","-","-","-","-","-"
"Norway","By terrestrial fixed (wireless) broadband network","-","-","-","-","-","-","-","-","-","-","-","-"
"Norway","By fixed broadband network only","-","-","-","39%","-","-","-","-","-","-","-","-"
"Norway","By mobile broadband network only","-","-","-","3%","-","-","-","-","-","-","-","-"
"Norway","By fixed broadband and mobile broadband network","-","-","-","48%","-","-","24%","33%","-","-","-","-"
"Paraguay","By fixed narrowband network","-","-","-","-","-","-","-","-","-","-","-","-"
"Paraguay","By fixed (wired) broadband","-","-","-","-","-","-","-","-","-","-","-","-"
"Paraguay","By broadband","-","24.5438%","-","20.3913%","24.408%","28.2693%","36.5336%","-","50.4487%","55.7853%","63.7916%","-"
"Paraguay","By mobile broadband network via a handset","-","-","-","-","-","-","-","-","-","-","-","-"
"Paraguay","By mobile broadband network via a card or USB modem","-","-","-","-","-","-","-","-","-","-","-","-"
"Paraguay","By satellite broadband network","-","-","-","-","-","-","-","-","-","-","-","-"
"Paraguay","By terrestrial fixed (wireless) broadband network","-","-","-","-","-","-","-","-","-","-","-","-"
"Paraguay","By fixed broadband network only","-","13.7574%","-","13.7533%","18.3099%","21.8994%","30.5686%","-","44.2869%","49.6122%","56.7846%","-"
"Paraguay","By mobile broadband network only","-","11.8174%","-","5.51335%","5.21211%","5.38342%","5.96496%","-","4.51044%","5.1806%","5.31987%","-"
"Paraguay","By fixed broadband and mobile broadband network","-","1.03094%","-","1.12471%","0.886019%","0.986487%","-","-","1.65131%","0.992553%","1.68713%","-"
"Philippines","By fixed narrowband network","-","-","-","-","-","-","-","-","-","-","-","-"
"Philippines","By fixed (wired) broadband","-","-","-","-","-","-","-","-","28.1427%","-","-","-"
"Philippines","By broadband","-","-","-","-","-","-","-","-","76.9715%","-","-","-"
"Philippines","By mobile broadband network via a handset","-","-","-","-","-","-","-","-","-","-","-","-"
"Philippines","By mobile broadband network via a card or USB modem","-","-","-","-","-","-","-","-","-","-","-","-"
"Philippines","By satellite broadband network","-","-","-","-","-","-","-","-","0.826159%","-","-","-"
"Philippines","By terrestrial fixed (wireless) broadband network","-","-","-","-","-","-","-","-","6.58536%","-","-","-"
"Philippines","By fixed broadband network only","-","-","-","-","-","-","-","-","17.5012%","-","-","-"
"Philippines","By mobile broadband network only","-","-","-","-","-","-","-","-","42.6909%","-","-","-"
"Philippines","By fixed broadband and mobile broadband network","-","-","-","-","-","-","-","-","9.83623%","-","-","-"
"Poland","By fixed narrowband network","-","-","3.03928%","3.04973%","-","2.90067%","-","-","-","-","-","-"
"Poland","By fixed (wired) broadband","-","-","-","-","-","-","-","-","-","-","-","-"
"Poland","By broadband","-","-","75.7073%","77.6367%","-","83.3001%","89.5686%","91.7202%","92.6307%","92.7988%","94.69%","-"
"Poland","By mobile broadband network via a handset","-","-","-","-","-","-","-","-","-","-","-","-"
"Poland","By mobile broadband network via a card or USB modem","-","-","-","-","-","-","-","-","-","-","-","-"
"Poland","By satellite broadband network","-","-","-","-","-","-","-","-","-","-","-","-"
"Poland","By terrestrial fixed (wireless) broadband network","-","-","-","-","-","-","-","-","-","-","-","-"
"Poland","By fixed broadband network only","-","-","-","-","-","-","-","-","-","19.1213%","18.7694%","-"
"Poland","By mobile broadband network only","-","-","-","-","-","-","-","-","-","23.2978%","22.6219%","-"
"Poland","By fixed broadband and mobile broadband network","-","-","-","-","-","-","-","-","-","-","-","-"
"Portugal","By fixed narrowband network","-","-","-","4.82319%","2.99904%","3.14121%","5.07492%","3.67575%","3.08621%","3.48054%","2.53256%","-"
"Portugal","By fixed (wired) broadband","-","-","-","-","-","-","-","-","-","-","-","-"
"Portugal","By broadband","-","-","-","76.3632%","76.9263%","77.953%","81.6655%","84.1039%","84.5683%","85.7951%","86.9616%","-"
"Portugal","By mobile broadband network via a handset","-","-","-","-","-","-","-","-","-","-","-","-"
"Portugal","By mobile broadband network via a card or USB modem","-","-","-","-","-","-","-","-","-","-","-","-"
"Portugal","By satellite broadband network","-","-","-","-","-","-","-","-","-","-","-","-"
"Portugal","By terrestrial fixed (wireless) broadband network","-","-","-","-","-","-","-","-","-","-","-","-"
"Portugal","By fixed broadband network only","-","-","-","29.998%","39.1385%","33.5701%","33.5189%","37.0768%","42.551%","43.3605%","43.504%","-"
"Portugal","By mobile broadband network only","-","-","-","4.28649%","3.27775%","3.3755%","2.64186%","2.61076%","2.23286%","2.23098%","2.46155%","-"
"Portugal","By fixed broadband and mobile broadband network","-","-","-","42.0787%","34.5101%","41.0075%","45.5048%","44.4163%","39.7844%","40.2037%","40.9961%","-"
"Puerto Rico","By fixed narrowband network","0.961418%","0.352744%","0.990428%","1.03654%","1.07403%","1.29268%","-","-","0.589617%","-","-","-"
"Puerto Rico","By fixed (wired) broadband","16.9932%","17.4454%","35.4671%","35.2116%","30.4309%","35.147%","-","-","51.8023%","-","-","-"
"Puerto Rico","By broadband","48.0806%","-","59.2727%","60.0606%","61.5558%","68.206%","-","-","80.8478%","-","-","-"
"Puerto Rico","By mobile broadband network via a handset","-","-","-","-","-","-","-","-","-","-","-","-"
"Puerto Rico","By mobile broadband network via a card or USB modem","-","14.5599%","-","-","-","-","-","-","-","-","-","-"
"Puerto Rico","By satellite broadband network","2.24785%","3.08033%","4.73732%","4.07642%","4.59186%","6.11393%","-","-","7.98186%","-","-","-"
"Puerto Rico","By terrestrial fixed (wireless) broadband network","15.1465%","16.7427%","19.908%","21.2555%","27.4653%","29.2648%","-","-","21.3823%","-","-","-"
"Puerto Rico","By fixed broadband network only","-","-","-","-","-","-","-","-","-","-","-","-"
"Puerto Rico","By mobile broadband network only","-","-","-","-","-","-","-","-","-","-","-","-"
"Puerto Rico","By fixed broadband and mobile broadband network","-","-","-","-","-","-","-","-","-","-","-","-"
"Qatar","By fixed narrowband network","-","-","-","-","-","-","-","-","-","-","-","-"
"Qatar","By fixed (wired) broadband","-","82.82%","84.6694%","86.5487%","88.428%","90.2617%","91.9847%","-","-","-","-","-"
"Qatar","By broadband","-","95.7648%","86.4459%","88.1423%","89.8375%","91.7876%","93.7078%","-","-","-","-","-"
"Qatar","By mobile broadband network via a handset","-","41.2268%","47.2204%","53.2154%","59.2107%","65.0998%","71.0956%","-","-","-","-","-"
"Qatar","By mobile broadband network via a card or USB modem","-","-","8.22779%","5.58794%","2.94771%","0.504155%","-","-","-","-","-","-"
"Qatar","By satellite broadband network","-","0.442333%","0.294623%","0.147315%","-","-","-","-","-","-","-","-"
"Qatar","By terrestrial fixed (wireless) broadband network","-","5.76026%","4.70153%","3.63499%","2.56915%","1.70951%","1.70951%","-","-","-","-","-"
"Qatar","By fixed broadband network only","-","-","-","-","33.2345%","-","-","-","-","-","-","-"
"Qatar","By mobile broadband network only","-","-","-","-","4.8006%","-","-","-","-","-","-","-"
"Qatar","By fixed broadband and mobile broadband network","-","-","-","-","51.8024%","-","-","-","-","-","-","-"
"Romania","By fixed narrowband network","-","-","-","-","3.33632%","3.07602%","3.88046%","-","-","-","-","-"
"Romania","By fixed (wired) broadband","-","-","-","-","-","-","-","-","-","-","-","-"
"Romania","By broadband","-","-","-","-","78.851%","81.8274%","83.5828%","88.204%","-","-","-","-"
"Romania","By mobile broadband network via a handset","-","-","-","-","-","-","-","-","-","-","-","-"
"Romania","By mobile broadband network via a card or USB modem","-","-","-","-","-","-","-","-","-","-","-","-"
"Romania","By satellite broadband network","-","-","-","-","-","-","-","-","-","-","-","-"
"Romania","By terrestrial fixed (wireless) broadband network","-","-","-","-","-","-","-","-","-","-","-","-"
"Romania","By fixed broadband network only","-","-","-","-","32.4247%","27.9475%","26.2561%","15.4603%","-","-","-","-"
"Romania","By mobile broadband network only","-","-","-","-","12.4014%","16.1561%","16.6017%","22.2297%","-","-","-","-"
"Romania","By fixed broadband and mobile broadband network","-","-","-","-","34.0249%","37.7238%","40.725%","50.514%","-","-","-","-"
"Russian Federation","By fixed narrowband network","-","-","-","-","-","-","-","-","-","-","-","-"
"Russian Federation","By fixed (wired) broadband","-","-","-","-","-","-","-","-","-","-","-","-"
"Russian Federation","By broadband","64.0655%","66.7725%","70.7144%","72.5535%","73.2414%","73.5512%","76.9774%","82.6324%","85.5115%","87.2975%","89.8029%","-"
"Russian Federation","By mobile broadband network via a handset","-","-","-","-","-","-","-","-","-","-","-","-"
"Russian Federation","By mobile broadband network via a card or USB modem","-","-","-","-","-","-","-","-","-","-","-","-"
"Russian Federation","By satellite broadband network","-","-","-","-","-","-","-","-","-","-","-","-"
"Russian Federation","By terrestrial fixed (wireless) broadband network","-","-","-","-","-","-","-","-","-","-","-","-"
"Russian Federation","By fixed broadband network only","-","-","-","-","-","-","-","61.7112%","63.65%","64.4068%","67.8837%","-"
"Russian Federation","By mobile broadband network only","-","-","-","-","-","-","-","57.6543%","61.5747%","70.9079%","75.1126%","-"
"Russian Federation","By fixed broadband and mobile broadband network","-","-","-","-","-","-","-","36.7331%","39.7133%","48.0172%","53.1934%","-"
"Rwanda","By fixed narrowband network","-","-","-","-","-","-","-","-","-","-","-","-"
"Rwanda","By fixed (wired) broadband","-","-","-","-","-","-","-","-","-","-","-","-"
"Rwanda","By broadband","-","-","-","-","-","-","-","-","-","-","-","-"
"Rwanda","By mobile broadband network via a handset","-","-","-","-","-","-","-","-","-","-","-","-"
"Rwanda","By mobile broadband network via a card or USB modem","-","-","1.63679%","-","-","-","-","-","-","-","-","-"
"Rwanda","By satellite broadband network","-","-","-","-","-","-","-","-","-","-","-","-"
"Rwanda","By terrestrial fixed (wireless) broadband network","-","-","-","-","-","-","-","-","-","-","-","-"
"Rwanda","By fixed broadband network only","-","-","0.0279124%","-","-","-","-","-","-","-","-","-"
"Rwanda","By mobile broadband network only","-","-","9.2721%","-","-","-","-","-","-","-","-","-"
"Rwanda","By fixed broadband and mobile broadband network","-","-","-","-","-","-","-","-","-","-","-","-"
"Saudi Arabia","By fixed narrowband network","-","-","-","-","-","0.0758728%","-","-","-","-","-","-"
"Saudi Arabia","By fixed (wired) broadband","-","-","23.1488%","39.3696%","43.1773%","39.9064%","50.9176%","-","-","-","-","-"
"Saudi Arabia","By broadband","-","-","70.7505%","80.7612%","94.531%","99.182%","99.5%","99.85%","100%","100%","100%","-"
"Saudi Arabia","By mobile broadband network via a handset","-","-","23.9639%","75.9441%","-","-","-","-","-","-","-","-"
"Saudi Arabia","By mobile broadband network via a card or USB modem","-","-","0.0815008%","52.81%","-","-","-","-","-","-","-","-"
"Saudi Arabia","By satellite broadband network","-","-","-","-","-","0.0922231%","0.843877%","-","-","-","-","-"
"Saudi Arabia","By terrestrial fixed (wireless) broadband network","-","-","0.733575%","0.981266%","0.0628997%","0.184464%","1.86858%","-","-","-","-","-"
"Saudi Arabia","By fixed broadband network only","-","-","3.50491%","28.5459%","30.0323%","23.7348%","38.1904%","38.0485%","-","-","-","-"
"Saudi Arabia","By mobile broadband network only","-","-","43.2817%","40.678%","51.2908%","58.9988%","47.8962%","46.6876%","-","-","-","-"
"Saudi Arabia","By fixed broadband and mobile broadband network","-","-","23.9639%","11.5373%","13.2079%","16.4484%","13.4134%","15.1139%","-","-","-","-"
"Serbia","By fixed narrowband network","-","-","-","-","-","-","-","-","-","-","-","-"
"Serbia","By fixed (wired) broadband","-","-","-","-","-","-","-","-","-","-","-","-"
"Serbia","By broadband","-","-","61.261%","65.1828%","72.5392%","-","80.7572%","81.4233%","83.2354%","85.3922%","88.8465%","-"
"Serbia","By mobile broadband network via a handset","-","-","-","-","-","-","-","-","-","-","-","-"
"Serbia","By mobile broadband network via a card or USB modem","-","-","-","-","-","-","-","-","-","-","-","-"
"Serbia","By satellite broadband network","-","-","-","-","-","-","-","-","-","-","-","-"
"Serbia","By terrestrial fixed (wireless) broadband network","-","-","-","-","-","-","-","-","-","-","-","-"
"Serbia","By fixed broadband network only","-","-","31.3369%","28.7086%","23.3589%","-","22.5341%","21.6916%","21.3034%","19.5618%","19.9991%","-"
"Serbia","By mobile broadband network only","-","-","3.43111%","3.30231%","4.68165%","-","7.48584%","6.68203%","7.59891%","8.99497%","9.19064%","-"
"Serbia","By fixed broadband and mobile broadband network","-","-","26.493%","33.1718%","44.4986%","-","50.7372%","53.0496%","54.3331%","56.8354%","59.6568%","-"
"Singapore","By fixed narrowband network","0.0863693%","0.329628%","-","0.0875785%","-","-","-","-","-","-","-","-"
"Singapore","By fixed (wired) broadband","76.2249%","79.747%","-","80.8276%","-","-","-","-","-","-","-","-"
"Singapore","By broadband","82.6947%","86.8992%","-","89.0381%","-","-","-","98.3358%","98.6757%","98.4603%","98.5241%","-"
"Singapore","By mobile broadband network via a handset","-","-","-","-","-","-","-","-","-","-","-","-"
"Singapore","By mobile broadband network via a card or USB modem","-","-","-","-","-","-","-","-","-","-","-","-"
"Singapore","By satellite broadband network","-","-","-","-","-","-","-","-","-","-","-","-"
"Singapore","By terrestrial fixed (wireless) broadband network","48.3982%","19.2871%","-","15.8371%","-","-","-","-","-","-","-","-"
"Singapore","By fixed broadband network only","-","65.3047%","-","71.0699%","-","-","-","60.4186%","54.6445%","-","7.99785%","-"
"Singapore","By mobile broadband network only","-","4.84477%","-","6.01372%","-","-","-","1.64269%","22.2651%","2.52476%","5.70525%","-"
"Singapore","By fixed broadband and mobile broadband network","-","14.4423%","-","9.70661%","-","-","-","33.9644%","17.1172%","95.9355%","84.821%","-"
"Slovakia","By fixed narrowband network","-","-","-","-","-","-","-","-","-","-","-","-"
"Slovakia","By fixed (wired) broadband","-","-","-","-","-","-","-","-","-","-","-","-"
"Slovakia","By broadband","-","-","-","-","-","-","-","89.9268%","-","-","-","-"
"Slovakia","By mobile broadband network via a handset","-","-","-","-","-","-","-","-","-","-","-","-"
"Slovakia","By mobile broadband network via a card or USB modem","-","-","-","-","-","-","-","-","-","-","-","-"
"Slovakia","By satellite broadband network","-","-","-","-","-","-","-","-","-","-","-","-"
"Slovakia","By terrestrial fixed (wireless) broadband network","-","-","-","-","-","-","-","-","-","-","-","-"
"Slovakia","By fixed broadband network only","-","-","-","-","-","71.7281%","77.6631%","42.7406%","-","-","-","-"
"Slovakia","By mobile broadband network only","-","-","-","-","-","44.4743%","54.3862%","8.57494%","-","-","-","-"
"Slovakia","By fixed broadband and mobile broadband network","-","-","-","-","-","-","-","38.6112%","-","-","-","-"
"Slovenia","By fixed narrowband network","-","-","-","-","-","-","-","-","-","-","-","-"
"Slovenia","By fixed (wired) broadband","-","-","-","76.8967%","84.7206%","83.4489%","79.7589%","77.0091%","-","-","-","-"
"Slovenia","By broadband","-","-","78.4211%","81.7368%","86.6821%","88.9611%","89.9749%","93.0421%","-","-","-","-"
"Slovenia","By mobile broadband network via a handset","-","-","52.951%","69.5254%","81.2296%","84.608%","88.134%","91.8943%","-","-","-","-"
"Slovenia","By mobile broadband network via a card or USB modem","-","-","14.3111%","19.6685%","23.9885%","22.5958%","32.9274%","34.4466%","-","-","-","-"
"Slovenia","By satellite broadband network","-","-","-","-","-","-","-","-","-","-","-","-"
"Slovenia","By terrestrial fixed (wireless) broadband network","-","-","-","-","-","-","-","-","-","-","-","-"
"Slovenia","By fixed broadband network only","-","-","-","-","-","-","-","-","-","-","-","-"
"Slovenia","By mobile broadband network only","-","-","-","-","-","-","-","-","-","-","-","-"
"Slovenia","By fixed broadband and mobile broadband network","-","-","-","81.7368%","86.6821%","-","89.9749%","93.0421%","-","-","-","-"
"South Africa","By fixed narrowband network","-","-","-","-","-","-","-","-","-","-","-","-"
"South Africa","By fixed (wired) broadband","10.9376%","-","-","-","-","-","-","-","-","-","-","-"
"South Africa","By broadband","-","-","-","-","-","-","-","-","-","-","-","-"
"South Africa","By mobile broadband network via a handset","-","-","-","-","-","-","-","-","-","-","-","-"
"South Africa","By mobile broadband network via a card or USB modem","-","-","-","-","-","-","-","-","-","-","-","-"
"South Africa","By satellite broadband network","-","-","-","-","-","-","-","-","-","-","-","-"
"South Africa","By terrestrial fixed (wireless) broadband network","-","45.6302%","-","-","-","-","-","-","-","-","-","-"
"South Africa","By fixed broadband network only","-","9.33648%","-","-","-","-","-","-","-","-","-","-"
"South Africa","By mobile broadband network only","-","-","-","-","-","-","-","-","-","-","-","-"
"South Africa","By fixed broadband and mobile broadband network","-","-","-","-","-","-","-","-","-","-","-","-"
"Spain","By fixed narrowband network","-","-","0.88792%","0.739638%","-","0.392727%","-","-","-","-","-","-"
"Spain","By fixed (wired) broadband","-","-","68.4842%","70.9001%","-","-","-","-","-","-","-","-"
"Spain","By broadband","-","-","81.1554%","82.6833%","-","91.1694%","95.2835%","95.9109%","96.0847%","83.0606%","85.7207%","-"
"Spain","By mobile broadband network via a handset","-","-","65.1376%","63.0579%","-","-","-","-","-","-","-","-"
"Spain","By mobile broadband network via a card or USB modem","-","-","5.38599%","6.29377%","-","-","-","-","-","-","-","-"
"Spain","By satellite broadband network","-","-","6.58622%","6.14686%","-","-","-","-","-","-","-","-"
"Spain","By terrestrial fixed (wireless) broadband network","-","-","-","-","-","-","-","-","-","-","-","-"
"Spain","By fixed broadband network only","-","-","15.0419%","18.7056%","-","14.4288%","15.2786%","11.9671%","17.3059%","-","-","-"
"Spain","By mobile broadband network only","-","-","9.93428%","9.36811%","-","13.2547%","13.2063%","12.9937%","13.088%","13.3545%","11.1104%","-"
"Spain","By fixed broadband and mobile broadband network","-","-","56.1793%","54.6096%","-","63.4859%","66.7986%","70.9501%","65.6908%","-","-","-"
"State of Palestine","By fixed narrowband network","2.20943%","-","-","-","-","-","-","-","-","-","-","-"
"State of Palestine","By fixed (wired) broadband","13.9651%","-","-","-","-","-","-","-","-","-","-","-"
"State of Palestine","By broadband","17.8769%","-","-","-","-","-","-","-","-","-","-","-"
"State of Palestine","By mobile broadband network via a handset","12.2972%","-","-","-","-","-","-","-","-","-","-","-"
"State of Palestine","By mobile broadband network via a card or USB modem","-","-","-","-","-","-","-","-","-","-","-","-"
"State of Palestine","By satellite broadband network","1.9361%","-","-","-","-","-","-","-","-","-","-","-"
"State of Palestine","By terrestrial fixed (wireless) broadband network","-","-","-","-","-","-","-","-","-","-","-","-"
"State of Palestine","By fixed broadband network only","-","-","-","-","-","-","-","-","-","-","-","-"
"State of Palestine","By mobile broadband network only","-","-","-","-","-","-","-","-","-","-","-","-"
"State of Palestine","By fixed broadband and mobile broadband network","-","-","-","-","-","-","-","-","-","-","-","-"
"Switzerland","By fixed narrowband network","-","-","-","-","-","-","-","-","-","-","-","-"
"Switzerland","By fixed (wired) broadband","77.2233%","-","-","72.1763%","-","81.3481%","-","83.7903%","-","-","-","-"
"Switzerland","By broadband","79.3522%","-","-","85.0338%","-","91.5519%","-","96.1761%","-","-","-","-"
"Switzerland","By mobile broadband network via a handset","49.2187%","-","-","-","-","-","-","-","-","-","-","-"
"Switzerland","By mobile broadband network via a card or USB modem","-","-","-","-","-","-","-","-","-","-","-","-"
"Switzerland","By satellite broadband network","-","-","-","-","-","-","-","-","-","-","-","-"
"Switzerland","By terrestrial fixed (wireless) broadband network","-","-","-","-","-","-","-","-","-","-","-","-"
"Switzerland","By fixed broadband network only","-","-","-","15.964%","-","18.8183%","-","22.8047%","-","-","-","-"
"Switzerland","By mobile broadband network only","-","-","-","12.8575%","-","9.9858%","-","11.4696%","-","-","-","-"
"Switzerland","By fixed broadband and mobile broadband network","-","-","-","56.2123%","-","62.5298%","-","61.9017%","-","-","-","-"
"Taiwan, Province of China","By fixed narrowband network","-","-","0.0299971%","-","-","-","-","-","-","-","-","-"
"Taiwan, Province of China","By fixed (wired) broadband","-","-","70.77%","72.1%","72%","61.37%","65.79%","-","61.37%","61.3536%","60.502%","-"
"Taiwan, Province of China","By broadband","-","-","81.97%","89.9%","89%","86.2%","88.9%","-","89.7%","92.4%","89.5%","-"
"Taiwan, Province of China","By mobile broadband network via a handset","-","-","72.07%","79.5%","78.4644%","83.4081%","80.3264%","-","84.5%","-","-","-"
"Taiwan, Province of China","By mobile broadband network via a card or USB modem","-","-","-","-","-","-","-","-","-","-","-","-"
"Taiwan, Province of China","By satellite broadband network","-","-","-","-","-","-","-","-","-","-","-","-"
"Taiwan, Province of China","By terrestrial fixed (wireless) broadband network","-","-","-","-","-","-","-","-","-","-","-","-"
"Taiwan, Province of China","By fixed broadband network only","-","-","9.9%","10.4%","10.5356%","2.79193%","8.57362%","-","5.2%","-","-","-"
"Taiwan, Province of China","By mobile broadband network only","-","-","11.2%","17.8%","17%","24.83%","23.11%","-","28.33%","-","-","-"
"Taiwan, Province of China","By fixed broadband and mobile broadband network","-","-","60.87%","61.7%","61.4644%","58.5781%","57.2164%","-","56.17%","-","-","-"
"Thailand","By fixed narrowband network","4.24869%","0.709774%","0.628482%","0.755613%","0.649315%","0.300168%","0.2379%","-","-","-","-","-"
"Thailand","By fixed (wired) broadband","29.563%","8.7422%","8.96018%","-","-","-","-","-","-","-","-","-"
"Thailand","By broadband","29.563%","-","58.2901%","-","64.2454%","71.3028%","80.8571%","-","-","-","-","-"
"Thailand","By mobile broadband network via a handset","-","36.7728%","44.3583%","-","-","-","-","-","-","-","-","-"
"Thailand","By mobile broadband network via a card or USB modem","-","-","-","-","-","-","-","-","-","-","-","-"
"Thailand","By satellite broadband network","-","4.74208%","-","-","-","-","-","-","-","-","-","-"
"Thailand","By terrestrial fixed (wireless) broadband network","-","4.74208%","4.97164%","-","-","-","-","-","-","-","-","-"
"Thailand","By fixed broadband network only","-","-","-","13.9656%","14.2405%","15.5759%","22.208%","-","-","-","-","-"
"Thailand","By mobile broadband network only","-","-","-","48.9186%","50.0049%","55.7269%","58.6491%","-","-","-","-","-"
"Thailand","By fixed broadband and mobile broadband network","-","-","-","-","-","-","-","-","-","-","-","-"
"Türkiye","By fixed narrowband network","-","-","0.024717%","2.41996%","0.406296%","0.746354%","0.254025%","0.0227246%","-","-","-","-"
"Türkiye","By fixed (wired) broadband","-","-","39.4938%","40.0499%","44.475%","49.0528%","50.7786%","-","-","-","-","-"
"Türkiye","By broadband","-","-","73.0548%","78.3229%","82.4887%","87.8955%","89.8608%","91.9526%","-","-","-","-"
"Türkiye","By mobile broadband network via a handset","-","-","-","-","-","-","-","-","-","-","-","-"
"Türkiye","By mobile broadband network via a card or USB modem","-","-","-","-","-","-","-","-","-","-","-","-"
"Türkiye","By satellite broadband network","-","-","-","-","-","-","-","-","-","-","-","-"
"Türkiye","By terrestrial fixed (wireless) broadband network","-","-","-","-","-","-","-","-","-","-","-","-"
"Türkiye","By fixed broadband network only","-","-","7.85006%","5.89092%","3.04904%","0.999184%","2.96047%","3.45145%","-","-","-","-"
"Türkiye","By mobile broadband network only","-","-","33.5611%","38.273%","38.0137%","38.8427%","39.0822%","30.0784%","-","-","-","-"
"Türkiye","By fixed broadband and mobile broadband network","-","-","31.6437%","34.159%","41.4259%","48.0536%","47.8182%","58.4227%","-","-","-","-"
"Ukraine","By fixed narrowband network","-","-","-","-","-","-","0.329573%","0.432929%","-","-","-","-"
"Ukraine","By fixed (wired) broadband","-","-","-","-","-","-","-","-","-","-","-","-"
"Ukraine","By broadband","-","-","-","-","-","-","79.2061%","82.3472%","-","-","-","-"
"Ukraine","By mobile broadband network via a handset","-","-","-","-","-","-","-","-","-","-","-","-"
"Ukraine","By mobile broadband network via a card or USB modem","-","-","-","-","-","-","-","-","-","-","-","-"
"Ukraine","By satellite broadband network","-","-","-","-","-","-","-","-","-","-","-","-"
"Ukraine","By terrestrial fixed (wireless) broadband network","-","-","-","-","-","-","-","-","-","-","-","-"
"Ukraine","By fixed broadband network only","-","-","-","-","-","-","11.6212%","7.17961%","-","-","-","-"
"Ukraine","By mobile broadband network only","-","-","-","-","-","-","13.579%","14.4297%","-","-","-","-"
"Ukraine","By fixed broadband and mobile broadband network","-","-","-","-","-","-","54.0059%","60.7379%","-","-","-","-"
"United Arab Emirates","By fixed narrowband network","8.49998%","-","6.78957%","-","-","-","-","-","-","-","-","-"
"United Arab Emirates","By fixed (wired) broadband","84.9%","-","84.5871%","-","91.6%","91.6916%","98%","98%","94.7%","98%","99.5955%","-"
"United Arab Emirates","By broadband","-","-","94.3%","96.9375%","98.4%","98.4984%","99.8%","99.9%","100%","100%","100%","-"
"United Arab Emirates","By mobile broadband network via a handset","-","-","7.82685%","-","36.7%","36.7367%","9.5%","9.5%","40.5%","64.8%","74.52%","-"
"United Arab Emirates","By mobile broadband network via a card or USB modem","-","-","1.60307%","-","19%","19.019%","3%","3%","6.4%","7.04004%","8.4%","-"
"United Arab Emirates","By satellite broadband network","-","-","-","-","-","-","-","-","-","-","-","-"
"United Arab Emirates","By terrestrial fixed (wireless) broadband network","-","-","-","-","-","-","-","-","-","-","-","-"
"United Arab Emirates","By fixed broadband network only","-","-","-","-","91.6%","91.6916%","-","-","-","-","-","-"
"United Arab Emirates","By mobile broadband network only","-","-","-","-","-","-","-","-","-","-","-","-"
"United Arab Emirates","By fixed broadband and mobile broadband network","-","-","94.3%","-","-","-","99.8%","99.8%","-","-","-","-"
"United Kingdom","By fixed narrowband network","-","-","-","-","-","-","-","-","-","-","-","-"
"United Kingdom","By fixed (wired) broadband","-","-","-","-","-","-","-","-","-","-","-","-"
"United Kingdom","By broadband","-","-","-","-","-","-","95.2443%","-","-","-","-","-"
"United Kingdom","By mobile broadband network via a handset","-","-","-","-","-","-","-","-","-","-","-","-"
"United Kingdom","By mobile broadband network via a card or USB modem","-","-","-","-","-","-","-","-","-","-","-","-"
"United Kingdom","By satellite broadband network","-","-","-","-","-","-","-","-","-","-","-","-"
"United Kingdom","By terrestrial fixed (wireless) broadband network","-","-","-","-","-","-","-","-","-","-","-","-"
"United Kingdom","By fixed broadband network only","-","-","-","-","-","-","50.8539%","-","-","-","-","-"
"United Kingdom","By mobile broadband network only","-","-","-","-","-","-","1.58961%","-","-","-","-","-"
"United Kingdom","By fixed broadband and mobile broadband network","-","-","-","-","-","-","42.8008%","-","-","-","-","-"
"United States","By fixed narrowband network","-","0.56483%","-","-","-","-","-","-","-","0.124418%","-","-"
"United States","By fixed (wired) broadband","-","-","-","-","-","70.7689%","-","-","-","4.64519%","-","-"
"United States","By broadband","-","76.683%","-","83.5017%","85.0809%","86.4001%","-","-","-","92.1205%","-","-"
"United States","By mobile broadband network via a handset","-","-","-","72.5217%","75.6903%","77.9925%","-","-","-","86.7936%","-","-"
"United States","By mobile broadband network via a card or USB modem","-","-","-","-","-","-","-","-","-","-","-","-"
"United States","By satellite broadband network","-","2.83907%","-","6.65845%","6.92493%","6.53224%","-","-","-","0.359367%","-","-"
"United States","By terrestrial fixed (wireless) broadband network","-","-","-","-","-","-","-","-","-","-","-","-"
"United States","By fixed broadband network only","-","38.5877%","-","-","-","8.40758%","-","-","-","-","-","-"
"United States","By mobile broadband network only","-","6.10261%","-","72.5217%","11.5738%","11.8401%","-","-","-","11.9098%","-","-"
"United States","By fixed broadband and mobile broadband network","-","31.9927%","-","-","-","66.1524%","-","-","-","-","-","-"
"Uruguay","By fixed narrowband network","0.461714%","-","-","0.321004%","-","-","-","-","-","-","-","-"
"Uruguay","By fixed (wired) broadband","-","-","-","-","-","-","-","-","-","-","72.6848%","-"
"Uruguay","By broadband","60.9783%","-","-","70.0943%","72.9106%","76.7645%","-","-","75.4815%","-","90.4967%","-"
"Uruguay","By mobile broadband network via a handset","-","-","-","-","-","-","-","-","-","-","72.1821%","-"
"Uruguay","By mobile broadband network via a card or USB modem","-","-","-","-","-","-","-","-","-","-","-","-"
"Uruguay","By satellite broadband network","-","-","-","-","-","-","-","-","-","-","-","-"
"Uruguay","By terrestrial fixed (wireless) broadband network","-","-","-","-","-","-","-","-","-","-","-","-"
"Uruguay","By fixed broadband network only","-","-","-","-","-","-","-","-","20.1366%","-","17.5053%","-"
"Uruguay","By mobile broadband network only","-","-","-","-","-","-","-","-","8.16992%","-","17.0027%","-"
"Uruguay","By fixed broadband and mobile broadband network","-","-","-","-","-","-","-","-","-","-","55.1795%","-"
"Uzbekistan","By fixed narrowband network","-","-","-","-","1.13143%","-","0.550004%","1.01001%","-","-","-","-"
"Uzbekistan","By fixed (wired) broadband","-","-","-","-","2.39595%","-","1.23%","1.79%","-","-","-","-"
"Uzbekistan","By broadband","-","-","-","-","80.054%","-","92.33%","94.1%","-","-","-","-"
"Uzbekistan","By mobile broadband network via a handset","-","-","-","-","68.21%","-","86.13%","78.28%","-","-","-","-"
"Uzbekistan","By mobile broadband network via a card or USB modem","-","-","-","-","9.66001%","-","0.240002%","6.63%","-","-","-","-"
"Uzbekistan","By satellite broadband network","-","-","-","-","0.0100064%","-","5.13%","3.62%","-","-","-","-"
"Uzbekistan","By terrestrial fixed (wireless) broadband network","-","-","-","-","5.27%","-","8.06%","11.65%","-","-","-","-"
"Uzbekistan","By fixed broadband network only","-","-","-","-","5.80405%","-","14.05%","14.7771%","-","-","-","-"
"Uzbekistan","By mobile broadband network only","-","-","-","-","71.05%","-","70.33%","70.6442%","-","-","-","-"
"Uzbekistan","By fixed broadband and mobile broadband network","-","-","-","-","3.2%","-","7.95%","8.67867%","-","-","-","-"
"Viet Nam","By fixed narrowband network","-","-","-","-","-","-","-","-","-","-","-","-"
"Viet Nam","By fixed (wired) broadband","-","-","-","-","-","-","-","-","-","79.6134%","79.8211%","-"
"Viet Nam","By broadband","-","-","-","-","-","-","-","-","-","87.7%","-","-"
"Viet Nam","By mobile broadband network via a handset","-","-","-","-","-","-","-","-","-","16.04%","17.73%","-"
"Viet Nam","By mobile broadband network via a card or USB modem","-","-","-","-","-","-","-","-","-","-","-","-"
"Viet Nam","By satellite broadband network","-","-","-","-","-","-","-","-","-","-","-","-"
"Viet Nam","By terrestrial fixed (wireless) broadband network","-","-","-","-","-","-","-","-","-","-","-","-"
"Viet Nam","By fixed broadband network only","-","-","-","-","-","-","-","-","-","-","-","-"
"Viet Nam","By mobile broadband network only","-","-","-","-","-","-","-","-","-","8.83%","10.27%","-"
"Viet Nam","By fixed broadband and mobile broadband network","-","-","-","-","-","-","-","-","-","-","-","-"
"Zimbabwe","By fixed narrowband network","18.5759%","-","-","-","-","-","0.284641%","-","-","-","-","-"
"Zimbabwe","By fixed (wired) broadband","0.663456%","-","-","-","-","-","1.29542%","-","-","-","-","-"
"Zimbabwe","By broadband","27.6357%","-","-","-","-","-","-","-","-","-","-","-"
"Zimbabwe","By mobile broadband network via a handset","22.1369%","-","-","-","-","-","46.6374%","-","-","-","-","-"
"Zimbabwe","By mobile broadband network via a card or USB modem","0.696689%","-","-","-","-","-","3.6789%","-","-","-","-","-"
"Zimbabwe","By satellite broadband network","0.00672058%","-","-","-","-","-","-","-","-","-","-","-"
"Zimbabwe","By terrestrial fixed (wireless) broadband network","0.225756%","-","-","-","-","-","0.878379%","-","-","-","-","-"
"Zimbabwe","By fixed broadband network only","-","-","-","-","-","-","-","-","-","-","-","-"
"Zimbabwe","By mobile broadband network only","-","-","-","-","-","-","-","-","-","-","-","-"
"Zimbabwe","By fixed broadband and mobile broadband network","-","-","-","-","-","-","-","-","-","-","-","-"