"Economy","2014","2015","2016","2017","2018","2019","2020","2021","2022","2023","2024","2025"
"Afghanistan","-","-","-","-","There is no framework in place for the time being","There is no framework in place for the time being","There is no framework in place for the time being","There is no framework in place for the time being","-","-","-","-"
"Albania","-","Public ICT accessibility (e.g. payphones and telecentres)","Public ICT accessibility (e.g. payphones and telecentres)","Public ICT accessibility (e.g. payphones and telecentres)","Public ICT accessibility (e.g. payphones and telecentres)","Public ICT accessibility (e.g. payphones and telecentres)","There is no framework in place for the time being","There is no framework in place for the time being","There is no framework in place for the time being","-","Other","-"
"Algeria","-","-","There is no framework in place for the time being","Web accessibility, Other","Web accessibility, Other","Other, Web accessibility","Web accessibility, Other","Other, Web accessibility","Other","-","-","-"
"Andorra","-","-","There is no framework in place for the time being","-","-","-","-","-","-","-","-","-"
"Argentina","-","-","-","-","-","There is no framework in place for the time being","Other, Television/video programming accessibility, Mobile communications accessibility, Public ICT accessibility (e.g. payphones and telecentres), Public procurement of accessible ICTs","Television/video programming accessibility, Mobile communications accessibility, Public ICT accessibility (e.g. payphones and telecentres), Public procurement of accessible ICTs, Other","Other, Public procurement of accessible ICTs, Public ICT accessibility (e.g. payphones and telecentres), Mobile communications accessibility, Television/video programming accessibility, Web accessibility","-","-","-"
"Armenia","-","Television/video programming accessibility","Television/video programming accessibility","-","Television/video programming accessibility","Television/video programming accessibility","Television/video programming accessibility","Television/video programming accessibility","Television/video programming accessibility","-","-","-"
"Australia","-","Television/video programming accessibility, Web accessibility, Public procurement of accessible ICTs","-","Web accessibility, Television/video programming accessibility, Public procurement of accessible ICTs","Web accessibility, Television/video programming accessibility, Public procurement of accessible ICTs","Web accessibility, Television/video programming accessibility, Public procurement of accessible ICTs","Web accessibility, Television/video programming accessibility, Public procurement of accessible ICTs","Television/video programming accessibility, Web accessibility, Public procurement of accessible ICTs","Television/video programming accessibility, Web accessibility, Public procurement of accessible ICTs","-","Television/video programming accessibility","-"
"Austria","-","-","Other","Other","Other","Other","-","-","Web accessibility","-","-","-"
"Azerbaijan","-","Television/video programming accessibility, Web accessibility, Mobile communications accessibility, Public ICT accessibility (e.g. payphones and telecentres)","Web accessibility, Public ICT accessibility (e.g. payphones and telecentres), Mobile communications accessibility, Television/video programming accessibility","Mobile communications accessibility, Web accessibility, Television/video programming accessibility, Public ICT accessibility (e.g. payphones and telecentres)","Web accessibility, Television/video programming accessibility, Mobile communications accessibility, Public ICT accessibility (e.g. payphones and telecentres)","Television/video programming accessibility, Web accessibility, Mobile communications accessibility, Public ICT accessibility (e.g. payphones and telecentres)","Television/video programming accessibility, Mobile communications accessibility, Public ICT accessibility (e.g. payphones and telecentres), Web accessibility","Public ICT accessibility (e.g. payphones and telecentres), Web accessibility, Television/video programming accessibility, Mobile communications accessibility","Public ICT accessibility (e.g. payphones and telecentres), Web accessibility, Television/video programming accessibility, Mobile communications accessibility","-","-","-"
"Bahamas","-","-","Public ICT accessibility (e.g. payphones and telecentres), Public procurement of accessible ICTs","Public procurement of accessible ICTs, Public ICT accessibility (e.g. payphones and telecentres)","Public procurement of accessible ICTs, Public ICT accessibility (e.g. payphones and telecentres)","Public ICT accessibility (e.g. payphones and telecentres), Public procurement of accessible ICTs","Public ICT accessibility (e.g. payphones and telecentres), Public procurement of accessible ICTs","Public ICT accessibility (e.g. payphones and telecentres), Public procurement of accessible ICTs","Public ICT accessibility (e.g. payphones and telecentres), Public procurement of accessible ICTs","-","There is no framework in place for the time being","-"
"Bangladesh","-","Public ICT accessibility (e.g. payphones and telecentres), Public procurement of accessible ICTs, Web accessibility, Mobile communications accessibility, Television/video programming accessibility","-","-","There is no framework in place for the time being","-","-","-","-","-","-","-"
"Belarus","-","-","-","-","-","There is no framework in place for the time being","There is no framework in place for the time being","There is no framework in place for the time being","There is no framework in place for the time being","-","-","-"
"Belgium","-","Mobile communications accessibility, Web accessibility","Mobile communications accessibility, Web accessibility","Web accessibility, Mobile communications accessibility","Web accessibility, Mobile communications accessibility","Web accessibility, Mobile communications accessibility","Mobile communications accessibility, Web accessibility","Web accessibility, Mobile communications accessibility","Web accessibility, Mobile communications accessibility","-","Other, Web accessibility, Public ICT accessibility (e.g. payphones and telecentres), Mobile communications accessibility, Television/video programming accessibility","-"
"Benin","-","-","There is no framework in place for the time being","There is no framework in place for the time being","Mobile communications accessibility","There is no framework in place for the time being","There is no framework in place for the time being","There is no framework in place for the time being","Mobile communications accessibility, Other","-","-","-"
"Bhutan","-","-","There is no framework in place for the time being","-","-","-","-","-","-","-","-","-"
"Bolivia (Plurinational State of)","-","-","-","-","-","Other, Mobile communications accessibility","-","-","There is no framework in place for the time being","-","-","-"
"Bosnia and Herzegovina","-","-","-","-","There is no framework in place for the time being","There is no framework in place for the time being","There is no framework in place for the time being","There is no framework in place for the time being","Other","-","-","-"
"Botswana","-","-","-","-","-","There is no framework in place for the time being","There is no framework in place for the time being","There is no framework in place for the time being","There is no framework in place for the time being","-","There is no framework in place for the time being","-"
"Brazil","-","Other","Other","Other","Other","Other","Other","Other","Other","-","Television/video programming accessibility, Mobile communications accessibility, Web accessibility, Other","-"
"Brunei Darussalam","-","-","-","-","There is no framework in place for the time being","There is no framework in place for the time being","-","-","There is no framework in place for the time being","-","-","-"
"Bulgaria","-","-","Public ICT accessibility (e.g. payphones and telecentres), Television/video programming accessibility","Public ICT accessibility (e.g. payphones and telecentres), Television/video programming accessibility","Television/video programming accessibility, Public ICT accessibility (e.g. payphones and telecentres)","Public ICT accessibility (e.g. payphones and telecentres), Television/video programming accessibility","Public ICT accessibility (e.g. payphones and telecentres), Television/video programming accessibility","Television/video programming accessibility, Public ICT accessibility (e.g. payphones and telecentres)","Public ICT accessibility (e.g. payphones and telecentres), Television/video programming accessibility","-","-","-"
"Burkina Faso","-","-","-","There is no framework in place for the time being","There is no framework in place for the time being","There is no framework in place for the time being","-","-","Other","-","-","-"
"Burundi","-","-","There is no framework in place for the time being","-","There is no framework in place for the time being","There is no framework in place for the time being","There is no framework in place for the time being","There is no framework in place for the time being","There is no framework in place for the time being","-","-","-"
"Cabo Verde","-","-","-","-","-","There is no framework in place for the time being","There is no framework in place for the time being","There is no framework in place for the time being","There is no framework in place for the time being","-","-","-"
"Cambodia","-","-","-","-","-","There is no framework in place for the time being","There is no framework in place for the time being","There is no framework in place for the time being","There is no framework in place for the time being","-","-","-"
"Cameroon","-","-","-","-","-","There is no framework in place for the time being","There is no framework in place for the time being","There is no framework in place for the time being","-","-","Mobile communications accessibility","-"
"Canada","-","Mobile communications accessibility, Television/video programming accessibility","Television/video programming accessibility, Mobile communications accessibility, Other","Television/video programming accessibility, Mobile communications accessibility, Other","Mobile communications accessibility, Television/video programming accessibility, Other","Other, Television/video programming accessibility, Mobile communications accessibility","Mobile communications accessibility, Television/video programming accessibility, Other","Television/video programming accessibility, Mobile communications accessibility, Other","Other, Television/video programming accessibility, Mobile communications accessibility","-","Other, Television/video programming accessibility, Mobile communications accessibility","-"
"Chad","-","-","There is no framework in place for the time being","-","-","-","-","-","-","-","-","-"
"Chile","-","-","-","-","Other, There is no framework in place for the time being","There is no framework in place for the time being, Other","There is no framework in place for the time being, Other","There is no framework in place for the time being, Other","There is no framework in place for the time being","-","There is no framework in place for the time being","-"
"China","-","-","-","-","Public ICT accessibility (e.g. payphones and telecentres)","-","-","-","-","-","Mobile communications accessibility, Television/video programming accessibility, Web accessibility, Public ICT accessibility (e.g. payphones and telecentres)","-"
"Colombia","-","-","-","-","Mobile communications accessibility, Television/video programming accessibility, Public procurement of accessible ICTs, Public ICT accessibility (e.g. payphones and telecentres), Web accessibility, Other","Other, Television/video programming accessibility, Mobile communications accessibility, Public ICT accessibility (e.g. payphones and telecentres), Public procurement of accessible ICTs, Web accessibility","Other, Public procurement of accessible ICTs, Public ICT accessibility (e.g. payphones and telecentres), Web accessibility, Mobile communications accessibility, Television/video programming accessibility","Other, Mobile communications accessibility, Television/video programming accessibility, Public ICT accessibility (e.g. payphones and telecentres), Public procurement of accessible ICTs, Web accessibility","Other, Mobile communications accessibility, Television/video programming accessibility, Web accessibility, Public ICT accessibility (e.g. payphones and telecentres), Public procurement of accessible ICTs","-","-","-"
"Comoros","-","-","There is no framework in place for the time being","-","There is no framework in place for the time being","There is no framework in place for the time being","There is no framework in place for the time being","There is no framework in place for the time being","-","-","-","-"
"Congo (Rep. of the)","-","-","-","There is no framework in place for the time being","There is no framework in place for the time being","There is no framework in place for the time being","There is no framework in place for the time being","There is no framework in place for the time being","There is no framework in place for the time being","-","There is no framework in place for the time being","-"
"Costa Rica","-","-","There is no framework in place for the time being","There is no framework in place for the time being","There is no framework in place for the time being","Public ICT accessibility (e.g. payphones and telecentres), Mobile communications accessibility, Web accessibility","Mobile communications accessibility, Web accessibility, Public ICT accessibility (e.g. payphones and telecentres)","Public ICT accessibility (e.g. payphones and telecentres), Web accessibility, Mobile communications accessibility","Public ICT accessibility (e.g. payphones and telecentres), Public procurement of accessible ICTs, Web accessibility, Mobile communications accessibility","-","Mobile communications accessibility, Public ICT accessibility (e.g. payphones and telecentres), Web accessibility","-"
"Croatia","-","Public ICT accessibility (e.g. payphones and telecentres)","Public ICT accessibility (e.g. payphones and telecentres)","Public ICT accessibility (e.g. payphones and telecentres)","Public ICT accessibility (e.g. payphones and telecentres)","Public ICT accessibility (e.g. payphones and telecentres)","Public ICT accessibility (e.g. payphones and telecentres)","Public ICT accessibility (e.g. payphones and telecentres)","Public ICT accessibility (e.g. payphones and telecentres)","-","-","-"
"Cuba","-","-","-","-","Public ICT accessibility (e.g. payphones and telecentres)","Public ICT accessibility (e.g. payphones and telecentres)","Public ICT accessibility (e.g. payphones and telecentres)","Public ICT accessibility (e.g. payphones and telecentres)","Public ICT accessibility (e.g. payphones and telecentres)","-","-","-"
"Cyprus","-","Other","Other","Other","Other","Other","Other","Other","Other","-","Other","-"
"Czech Republic","-","Public ICT accessibility (e.g. payphones and telecentres), Other","-","-","There is no framework in place for the time being","There is no framework in place for the time being","There is no framework in place for the time being","There is no framework in place for the time being","There is no framework in place for the time being","-","Mobile communications accessibility, Web accessibility","-"
"Denmark","-","-","-","-","-","Other","-","-","-","-","-","-"
"Dominican Rep.","-","-","There is no framework in place for the time being","There is no framework in place for the time being","There is no framework in place for the time being","Other, Web accessibility","Web accessibility, Other","Other, Web accessibility","Other, Web accessibility","-","Web accessibility","-"
"Ecuador","-","-","-","-","Television/video programming accessibility, Public ICT accessibility (e.g. payphones and telecentres)","Public ICT accessibility (e.g. payphones and telecentres), Television/video programming accessibility","Public ICT accessibility (e.g. payphones and telecentres), Television/video programming accessibility","Television/video programming accessibility, Public ICT accessibility (e.g. payphones and telecentres)","-","-","-","-"
"Egypt","-","-","-","-","Other, Web accessibility, Mobile communications accessibility","Mobile communications accessibility, Web accessibility","Mobile communications accessibility, Web accessibility","Web accessibility, Mobile communications accessibility","Web accessibility, Mobile communications accessibility","-","Web accessibility, Public ICT accessibility (e.g. payphones and telecentres), Mobile communications accessibility","-"
"Equatorial Guinea","-","Mobile communications accessibility, Television/video programming accessibility, Web accessibility, Public procurement of accessible ICTs, Public ICT accessibility (e.g. payphones and telecentres)","There is no framework in place for the time being","-","There is no framework in place for the time being","There is no framework in place for the time being","There is no framework in place for the time being","There is no framework in place for the time being","There is no framework in place for the time being","-","-","-"
"Estonia","-","Web accessibility, Other","Other","Other","Other","Other","Other","Other","Other","-","-","-"
"Eswatini","-","-","-","-","Public ICT accessibility (e.g. payphones and telecentres), Mobile communications accessibility, Television/video programming accessibility","Public ICT accessibility (e.g. payphones and telecentres)","-","-","-","-","-","-"
"Ethiopia","-","-","-","-","Public ICT accessibility (e.g. payphones and telecentres)","-","-","-","-","-","-","-"
"Finland","-","Mobile communications accessibility, Television/video programming accessibility","Television/video programming accessibility, Mobile communications accessibility","Mobile communications accessibility, Television/video programming accessibility","Television/video programming accessibility, Mobile communications accessibility","Television/video programming accessibility, Mobile communications accessibility","Web accessibility, Television/video programming accessibility, Mobile communications accessibility","Mobile communications accessibility, Television/video programming accessibility, Web accessibility","Mobile communications accessibility, Television/video programming accessibility, Web accessibility","-","Mobile communications accessibility, Television/video programming accessibility, Web accessibility","-"
"France","-","Mobile communications accessibility, Other","Other, Mobile communications accessibility","Mobile communications accessibility, Other","Other, Mobile communications accessibility","Mobile communications accessibility, Other","Other, Mobile communications accessibility","Other, Mobile communications accessibility","Mobile communications accessibility, Other","-","Mobile communications accessibility, Other","-"
"Gabon","-","-","-","There is no framework in place for the time being","There is no framework in place for the time being","There is no framework in place for the time being","There is no framework in place for the time being","There is no framework in place for the time being","There is no framework in place for the time being","-","-","-"
"Gambia","-","-","-","-","-","-","-","-","-","-","Public ICT accessibility (e.g. payphones and telecentres)","-"
"Georgia","-","-","There is no framework in place for the time being","There is no framework in place for the time being","There is no framework in place for the time being","There is no framework in place for the time being","-","-","-","-","Television/video programming accessibility, Mobile communications accessibility","-"
"Germany","-","Other","Other","-","Other","Other","Other","Other","Other","-","Other","-"
"Ghana","-","-","-","-","-","-","-","-","-","-","There is no framework in place for the time being","-"
"Greece","-","Public ICT accessibility (e.g. payphones and telecentres)","Public ICT accessibility (e.g. payphones and telecentres)","Public ICT accessibility (e.g. payphones and telecentres)","Public ICT accessibility (e.g. payphones and telecentres)","Public ICT accessibility (e.g. payphones and telecentres)","Public ICT accessibility (e.g. payphones and telecentres)","Public ICT accessibility (e.g. payphones and telecentres)","There is no framework in place for the time being","-","-","-"
"Grenada","-","-","-","-","-","-","Other","Other","Other","-","-","-"
"Guatemala","-","-","Mobile communications accessibility, Television/video programming accessibility, Web accessibility","Web accessibility, Television/video programming accessibility, Mobile communications accessibility","There is no framework in place for the time being","There is no framework in place for the time being","There is no framework in place for the time being","There is no framework in place for the time being","There is no framework in place for the time being","-","There is no framework in place for the time being","-"
"Guinea","-","-","There is no framework in place for the time being","Mobile communications accessibility, Web accessibility, Other","Web accessibility, Mobile communications accessibility, Other","-","-","-","-","-","-","-"
"Guyana","-","-","-","-","There is no framework in place for the time being","There is no framework in place for the time being","There is no framework in place for the time being","There is no framework in place for the time being","-","-","-","-"
"Haiti","-","-","-","-","-","Television/video programming accessibility","-","-","-","-","-","-"
"Honduras","-","-","-","-","There is no framework in place for the time being","There is no framework in place for the time being","There is no framework in place for the time being","There is no framework in place for the time being","-","-","-","-"
"Hong Kong, China","-","-","-","-","Mobile communications accessibility, Web accessibility","Mobile communications accessibility, Web accessibility","Mobile communications accessibility, Web accessibility","Web accessibility, Mobile communications accessibility","Mobile communications accessibility, Web accessibility","-","Web accessibility, Mobile communications accessibility","-"
"Hungary","-","-","-","-","Public ICT accessibility (e.g. payphones and telecentres), Television/video programming accessibility","Public ICT accessibility (e.g. payphones and telecentres), Television/video programming accessibility","Public ICT accessibility (e.g. payphones and telecentres), Television/video programming accessibility","Television/video programming accessibility, Public ICT accessibility (e.g. payphones and telecentres)","Television/video programming accessibility, Public ICT accessibility (e.g. payphones and telecentres)","-","-","-"
"India","-","Television/video programming accessibility","-","-","-","-","Other","Other","Other","-","Other","-"
"Indonesia","-","-","There is no framework in place for the time being","Other","Other, Mobile communications accessibility","-","There is no framework in place for the time being","There is no framework in place for the time being","There is no framework in place for the time being","-","Television/video programming accessibility, Web accessibility, Public ICT accessibility (e.g. payphones and telecentres)","-"
"Iran (Islamic Republic of)","-","Other, Television/video programming accessibility","Other, Television/video programming accessibility","Television/video programming accessibility, Other","Other, Television/video programming accessibility","Television/video programming accessibility, Other","Other, Television/video programming accessibility","Television/video programming accessibility, Other","Television/video programming accessibility, Other","-","-","-"
"Iraq","-","-","-","-","There is no framework in place for the time being","There is no framework in place for the time being","There is no framework in place for the time being","There is no framework in place for the time being","There is no framework in place for the time being","-","Public ICT accessibility (e.g. payphones and telecentres), Television/video programming accessibility, Web accessibility, Mobile communications accessibility, Other","-"
"Ireland","-","Other, Web accessibility","Web accessibility, Other","-","-","-","Web accessibility, Mobile communications accessibility, Other","Other, Web accessibility, Mobile communications accessibility","Other, Web accessibility, Mobile communications accessibility","-","-","-"
"Israel","-","Mobile communications accessibility, Television/video programming accessibility, Web accessibility","-","-","Other, Mobile communications accessibility, Television/video programming accessibility","Other, Television/video programming accessibility, Mobile communications accessibility, Web accessibility","Other, Television/video programming accessibility, Web accessibility, Mobile communications accessibility","Other, Television/video programming accessibility, Mobile communications accessibility, Web accessibility","Other, Television/video programming accessibility, Mobile communications accessibility, Web accessibility","-","Mobile communications accessibility, Television/video programming accessibility","-"
"Jamaica","-","-","-","There is no framework in place for the time being","There is no framework in place for the time being","There is no framework in place for the time being","There is no framework in place for the time being","There is no framework in place for the time being","-","-","-","-"
"Japan","-","Television/video programming accessibility","Television/video programming accessibility","Television/video programming accessibility","Television/video programming accessibility","Television/video programming accessibility","Television/video programming accessibility","Television/video programming accessibility","Television/video programming accessibility","-","Television/video programming accessibility","-"
"Jordan","-","-","-","-","There is no framework in place for the time being","-","There is no framework in place for the time being","There is no framework in place for the time being","-","-","-","-"
"Kenya","-","Public procurement of accessible ICTs, Public ICT accessibility (e.g. payphones and telecentres), Web accessibility, Television/video programming accessibility, Mobile communications accessibility","-","-","-","Television/video programming accessibility","Television/video programming accessibility","Television/video programming accessibility","Television/video programming accessibility","-","-","-"
"Korea (Rep. of)","-","-","-","-","-","Public procurement of accessible ICTs, Public ICT accessibility (e.g. payphones and telecentres), Web accessibility, Mobile communications accessibility, Television/video programming accessibility","Television/video programming accessibility, Mobile communications accessibility, Web accessibility, Public ICT accessibility (e.g. payphones and telecentres), Public procurement of accessible ICTs","Television/video programming accessibility, Web accessibility, Mobile communications accessibility, Public procurement of accessible ICTs, Public ICT accessibility (e.g. payphones and telecentres)","-","-","-","-"
"Kuwait","-","-","Television/video programming accessibility, Mobile communications accessibility, Public ICT accessibility (e.g. payphones and telecentres)","There is no framework in place for the time being","Mobile communications accessibility, Other, Public procurement of accessible ICTs, Web accessibility, Public ICT accessibility (e.g. payphones and telecentres)","Television/video programming accessibility, Web accessibility, Mobile communications accessibility, Public ICT accessibility (e.g. payphones and telecentres), Public procurement of accessible ICTs, Other","Public procurement of accessible ICTs, Other, Web accessibility, Public ICT accessibility (e.g. payphones and telecentres), Mobile communications accessibility, Television/video programming accessibility","Other, Public procurement of accessible ICTs, Web accessibility, Public ICT accessibility (e.g. payphones and telecentres), Mobile communications accessibility, Television/video programming accessibility","Mobile communications accessibility, Television/video programming accessibility, Other, Public procurement of accessible ICTs, Public ICT accessibility (e.g. payphones and telecentres), Web accessibility","-","Other","-"
"Kyrgyzstan","-","-","-","-","-","-","There is no framework in place for the time being","There is no framework in place for the time being","-","-","-","-"
"Latvia","-","-","Other","Other","Other","Other","Other","Other","Other","-","Other","-"
"Lesotho","-","Other","-","-","There is no framework in place for the time being","-","-","-","-","-","-","-"
"Liberia","-","-","-","-","There is no framework in place for the time being","There is no framework in place for the time being","-","-","-","-","There is no framework in place for the time being","-"
"Libya","-","-","-","-","-","-","There is no framework in place for the time being","There is no framework in place for the time being","-","-","-","-"
"Liechtenstein","-","-","There is no framework in place for the time being","There is no framework in place for the time being","Web accessibility, There is no framework in place for the time being","Public ICT accessibility (e.g. payphones and telecentres)","Web accessibility, Public ICT accessibility (e.g. payphones and telecentres)","Public ICT accessibility (e.g. payphones and telecentres), Web accessibility","Web accessibility, Mobile communications accessibility","-","Web accessibility, Mobile communications accessibility","-"
"Lithuania","-","-","-","-","-","Public ICT accessibility (e.g. payphones and telecentres), Web accessibility","Web accessibility, Public ICT accessibility (e.g. payphones and telecentres)","Web accessibility, Public ICT accessibility (e.g. payphones and telecentres)","Web accessibility, Public ICT accessibility (e.g. payphones and telecentres)","-","Mobile communications accessibility, Web accessibility","-"
"Luxembourg","-","-","-","-","-","Web accessibility, Public ICT accessibility (e.g. payphones and telecentres)","Public ICT accessibility (e.g. payphones and telecentres), Web accessibility","Public ICT accessibility (e.g. payphones and telecentres), Web accessibility","Public ICT accessibility (e.g. payphones and telecentres), Web accessibility","-","-","-"
"Madagascar","-","-","-","-","There is no framework in place for the time being","There is no framework in place for the time being","There is no framework in place for the time being","There is no framework in place for the time being","-","-","-","-"
"Malawi","-","Television/video programming accessibility","Television/video programming accessibility","-","There is no framework in place for the time being, Other","Other, There is no framework in place for the time being","There is no framework in place for the time being, Other","Other, There is no framework in place for the time being","Other, There is no framework in place for the time being","-","-","-"
"Malaysia","-","Other","Other","-","-","There is no framework in place for the time being, Television/video programming accessibility","There is no framework in place for the time being","There is no framework in place for the time being","-","-","-","-"
"Mali","-","-","-","-","There is no framework in place for the time being","There is no framework in place for the time being","There is no framework in place for the time being","There is no framework in place for the time being","-","-","-","-"
"Marshall Islands","-","-","-","-","There is no framework in place for the time being","-","-","-","-","-","There is no framework in place for the time being","-"
"Mauritania","-","-","-","-","Public procurement of accessible ICTs, Web accessibility, Television/video programming accessibility, Mobile communications accessibility","-","-","-","-","-","-","-"
"Mauritius","-","-","-","-","There is no framework in place for the time being","There is no framework in place for the time being","There is no framework in place for the time being","There is no framework in place for the time being","There is no framework in place for the time being","-","There is no framework in place for the time being","-"
"Mexico","-","Other","Other, Public ICT accessibility (e.g. payphones and telecentres), Web accessibility, Mobile communications accessibility","Mobile communications accessibility, Other, Public ICT accessibility (e.g. payphones and telecentres), Web accessibility","Public ICT accessibility (e.g. payphones and telecentres), Mobile communications accessibility, Web accessibility, Other","Television/video programming accessibility, Mobile communications accessibility, Public ICT accessibility (e.g. payphones and telecentres), Web accessibility, Other","Other, Public ICT accessibility (e.g. payphones and telecentres), Web accessibility, Television/video programming accessibility, Mobile communications accessibility","Other, Web accessibility, Public ICT accessibility (e.g. payphones and telecentres), Television/video programming accessibility, Mobile communications accessibility","Television/video programming accessibility, Mobile communications accessibility, Web accessibility, Public ICT accessibility (e.g. payphones and telecentres), Other","-","Web accessibility, Public ICT accessibility (e.g. payphones and telecentres), Mobile communications accessibility, Television/video programming accessibility","-"
"Micronesia","-","-","There is no framework in place for the time being","-","-","There is no framework in place for the time being","There is no framework in place for the time being","There is no framework in place for the time being","-","-","-","-"
"Moldova","-","-","-","There is no framework in place for the time being","There is no framework in place for the time being","There is no framework in place for the time being","There is no framework in place for the time being","There is no framework in place for the time being","There is no framework in place for the time being","-","-","-"
"Mongolia","-","-","-","-","Television/video programming accessibility","Web accessibility, Mobile communications accessibility, Television/video programming accessibility","Mobile communications accessibility, Television/video programming accessibility, Web accessibility","Mobile communications accessibility, Web accessibility, Television/video programming accessibility","Public procurement of accessible ICTs, Public ICT accessibility (e.g. payphones and telecentres), Web accessibility, Television/video programming accessibility","-","Television/video programming accessibility, Web accessibility","-"
"Montenegro","-","Other","Other","Other","Other","Other","Other","Other","Other","-","-","-"
"Morocco","-","-","Public ICT accessibility (e.g. payphones and telecentres), Web accessibility, Television/video programming accessibility, Mobile communications accessibility","Web accessibility, Public ICT accessibility (e.g. payphones and telecentres), Mobile communications accessibility, Television/video programming accessibility","Web accessibility, Public ICT accessibility (e.g. payphones and telecentres), Television/video programming accessibility, Mobile communications accessibility","Mobile communications accessibility, Web accessibility, Television/video programming accessibility, Public ICT accessibility (e.g. payphones and telecentres)","Web accessibility, Public ICT accessibility (e.g. payphones and telecentres), Television/video programming accessibility, Mobile communications accessibility","Television/video programming accessibility, Mobile communications accessibility, Public ICT accessibility (e.g. payphones and telecentres), Web accessibility","Web accessibility, Television/video programming accessibility, Mobile communications accessibility","-","Web accessibility, Television/video programming accessibility, Mobile communications accessibility","-"
"Mozambique","-","-","-","-","-","-","There is no framework in place for the time being","There is no framework in place for the time being","-","-","-","-"
"Myanmar","-","-","-","There is no framework in place for the time being","There is no framework in place for the time being","There is no framework in place for the time being","-","-","There is no framework in place for the time being","-","-","-"
"Namibia","-","-","There is no framework in place for the time being","-","There is no framework in place for the time being","There is no framework in place for the time being","There is no framework in place for the time being","There is no framework in place for the time being","-","-","There is no framework in place for the time being","-"
"Nauru","-","Television/video programming accessibility, Web accessibility, Mobile communications accessibility","-","-","-","-","-","-","-","-","-","-"
"Netherlands","-","-","-","-","Other","Other","-","-","-","-","-","-"
"New Zealand","-","-","-","-","Other","Other","Other","Other","Other","-","There is no framework in place for the time being","-"
"Nicaragua","-","-","-","-","-","-","There is no framework in place for the time being","There is no framework in place for the time being","There is no framework in place for the time being","-","-","-"
"Niger","-","-","-","-","There is no framework in place for the time being","There is no framework in place for the time being","There is no framework in place for the time being","There is no framework in place for the time being","-","-","-","-"
"Nigeria","-","-","-","-","-","There is no framework in place for the time being","There is no framework in place for the time being","There is no framework in place for the time being","-","-","-","-"
"North Macedonia","-","-","-","-","Other","Other","Other","Other","Other","-","-","-"
"Norway","-","Web accessibility, Public procurement of accessible ICTs, Other","-","-","Other","Other","There is no framework in place for the time being","There is no framework in place for the time being","There is no framework in place for the time being","-","-","-"
"Oman","-","Mobile communications accessibility","-","Mobile communications accessibility","Mobile communications accessibility","Mobile communications accessibility","Mobile communications accessibility","Mobile communications accessibility","Mobile communications accessibility","-","Mobile communications accessibility","-"
"Pakistan","-","Web accessibility, Mobile communications accessibility","Public procurement of accessible ICTs, Web accessibility, Public ICT accessibility (e.g. payphones and telecentres), Mobile communications accessibility","Mobile communications accessibility, Public ICT accessibility (e.g. payphones and telecentres), Web accessibility, Public procurement of accessible ICTs","Public ICT accessibility (e.g. payphones and telecentres), Public procurement of accessible ICTs, Mobile communications accessibility, Web accessibility","Mobile communications accessibility, Public procurement of accessible ICTs, Web accessibility, Public ICT accessibility (e.g. payphones and telecentres)","Mobile communications accessibility, Public procurement of accessible ICTs, Public ICT accessibility (e.g. payphones and telecentres), Web accessibility","Mobile communications accessibility, Public procurement of accessible ICTs, Web accessibility, Public ICT accessibility (e.g. payphones and telecentres)","Mobile communications accessibility, Web accessibility, Public ICT accessibility (e.g. payphones and telecentres), Public procurement of accessible ICTs","-","Mobile communications accessibility, Web accessibility, Public ICT accessibility (e.g. payphones and telecentres)","-"
"Panama","-","-","Web accessibility, Other","Web accessibility, Other","-","-","There is no framework in place for the time being","There is no framework in place for the time being","There is no framework in place for the time being","-","Other","-"
"Papua New Guinea","-","-","-","-","There is no framework in place for the time being","There is no framework in place for the time being","-","-","-","-","-","-"
"Paraguay","-","-","-","-","There is no framework in place for the time being","There is no framework in place for the time being","There is no framework in place for the time being","There is no framework in place for the time being","-","-","-","-"
"Peru","-","Web accessibility","-","-","-","There is no framework in place for the time being","There is no framework in place for the time being","There is no framework in place for the time being","There is no framework in place for the time being","-","There is no framework in place for the time being","-"
"Philippines","-","-","-","-","There is no framework in place for the time being","There is no framework in place for the time being","There is no framework in place for the time being","There is no framework in place for the time being","-","-","-","-"
"Poland","-","-","-","Web accessibility, Public ICT accessibility (e.g. payphones and telecentres)","Public ICT accessibility (e.g. payphones and telecentres), Web accessibility","Public ICT accessibility (e.g. payphones and telecentres), Web accessibility","Public ICT accessibility (e.g. payphones and telecentres), Web accessibility","Public ICT accessibility (e.g. payphones and telecentres), Web accessibility","Public ICT accessibility (e.g. payphones and telecentres), Web accessibility","-","Other, Public ICT accessibility (e.g. payphones and telecentres), Web accessibility, Mobile communications accessibility, Television/video programming accessibility","-"
"Portugal","-","-","-","-","-","Other","Other","Other","Other","-","Other","-"
"Qatar","-","Mobile communications accessibility, Television/video programming accessibility, Web accessibility, Public ICT accessibility (e.g. payphones and telecentres)","-","-","Public ICT accessibility (e.g. payphones and telecentres), Web accessibility","Web accessibility, Public ICT accessibility (e.g. payphones and telecentres), Other","Public ICT accessibility (e.g. payphones and telecentres), Web accessibility, Other","Other, Web accessibility, Public ICT accessibility (e.g. payphones and telecentres)","Web accessibility, Public ICT accessibility (e.g. payphones and telecentres), Other","-","Other, Web accessibility, Public ICT accessibility (e.g. payphones and telecentres)","-"
"Romania","-","-","Mobile communications accessibility, Web accessibility, Other","-","-","-","Television/video programming accessibility, Mobile communications accessibility, Web accessibility, Public ICT accessibility (e.g. payphones and telecentres)","Public ICT accessibility (e.g. payphones and telecentres), Web accessibility, Mobile communications accessibility, Television/video programming accessibility","Television/video programming accessibility, Web accessibility, Mobile communications accessibility, Public ICT accessibility (e.g. payphones and telecentres)","-","Web accessibility, Television/video programming accessibility, Mobile communications accessibility","-"
"Russian Federation","-","-","-","Web accessibility","Web accessibility","Web accessibility","Public ICT accessibility (e.g. payphones and telecentres), Web accessibility, Television/video programming accessibility","Public ICT accessibility (e.g. payphones and telecentres), Web accessibility, Television/video programming accessibility","Public ICT accessibility (e.g. payphones and telecentres), Web accessibility, Television/video programming accessibility","-","Public ICT accessibility (e.g. payphones and telecentres), Web accessibility, Television/video programming accessibility","-"
"Rwanda","-","-","Public ICT accessibility (e.g. payphones and telecentres), Television/video programming accessibility, Mobile communications accessibility","Public ICT accessibility (e.g. payphones and telecentres), Mobile communications accessibility, Television/video programming accessibility","-","Web accessibility, Public ICT accessibility (e.g. payphones and telecentres), Television/video programming accessibility, Mobile communications accessibility","Public ICT accessibility (e.g. payphones and telecentres), Mobile communications accessibility, Television/video programming accessibility, Web accessibility","Television/video programming accessibility, Mobile communications accessibility, Web accessibility, Public ICT accessibility (e.g. payphones and telecentres)","Mobile communications accessibility, Television/video programming accessibility, Web accessibility, Public ICT accessibility (e.g. payphones and telecentres)","-","Mobile communications accessibility, Television/video programming accessibility, Web accessibility, Public ICT accessibility (e.g. payphones and telecentres)","-"
"Saint Lucia","-","-","Mobile communications accessibility, Web accessibility, Television/video programming accessibility, Public ICT accessibility (e.g. payphones and telecentres)","-","-","-","-","-","-","-","-","-"
"Saint Vincent and the Grenadines","-","-","There is no framework in place for the time being","-","-","-","There is no framework in place for the time being","There is no framework in place for the time being","There is no framework in place for the time being","-","-","-"
"Samoa","-","-","-","-","Web accessibility, Mobile communications accessibility, Television/video programming accessibility","Television/video programming accessibility, Mobile communications accessibility, Web accessibility","Television/video programming accessibility, Mobile communications accessibility, Web accessibility","Mobile communications accessibility, Television/video programming accessibility, Web accessibility","Web accessibility, Television/video programming accessibility, Mobile communications accessibility","-","-","-"
"Sao Tome and Principe","-","-","-","-","There is no framework in place for the time being","There is no framework in place for the time being","There is no framework in place for the time being","There is no framework in place for the time being","There is no framework in place for the time being","-","-","-"
"Saudi Arabia","-","-","Other","Other, There is no framework in place for the time being","There is no framework in place for the time being, Other","Other, There is no framework in place for the time being","Other","Other","Other","-","Other, Mobile communications accessibility, Web accessibility, Television/video programming accessibility, Public ICT accessibility (e.g. payphones and telecentres)","-"
"Senegal","-","Web accessibility, Public ICT accessibility (e.g. payphones and telecentres), Mobile communications accessibility","-","-","-","-","Mobile communications accessibility","Mobile communications accessibility","Mobile communications accessibility","-","-","-"
"Serbia","-","-","There is no framework in place for the time being","There is no framework in place for the time being","There is no framework in place for the time being","Other, There is no framework in place for the time being","There is no framework in place for the time being, Other","There is no framework in place for the time being, Other","-","-","-","-"
"Seychelles","-","-","There is no framework in place for the time being","There is no framework in place for the time being","There is no framework in place for the time being","There is no framework in place for the time being","There is no framework in place for the time being","There is no framework in place for the time being","There is no framework in place for the time being","-","There is no framework in place for the time being","-"
"Sierra Leone","-","-","-","-","There is no framework in place for the time being","There is no framework in place for the time being","-","-","Public ICT accessibility (e.g. payphones and telecentres), Mobile communications accessibility, Television/video programming accessibility","-","-","-"
"Singapore","-","-","Other","-","Other","Other","Other","Other","Other","-","-","-"
"Slovakia","-","-","Public ICT accessibility (e.g. payphones and telecentres), Mobile communications accessibility","Public ICT accessibility (e.g. payphones and telecentres), Mobile communications accessibility","Other","Other","Other","Other","Other","-","-","-"
"Slovenia","-","Public ICT accessibility (e.g. payphones and telecentres), Web accessibility, Television/video programming accessibility, Mobile communications accessibility","Television/video programming accessibility, Mobile communications accessibility, Public ICT accessibility (e.g. payphones and telecentres), Web accessibility","Television/video programming accessibility, Mobile communications accessibility, Public ICT accessibility (e.g. payphones and telecentres), Web accessibility","Television/video programming accessibility, Web accessibility, Mobile communications accessibility, Public ICT accessibility (e.g. payphones and telecentres)","Public ICT accessibility (e.g. payphones and telecentres), Web accessibility, Mobile communications accessibility, Television/video programming accessibility","Public ICT accessibility (e.g. payphones and telecentres), Web accessibility, Television/video programming accessibility, Mobile communications accessibility","Television/video programming accessibility, Mobile communications accessibility, Public ICT accessibility (e.g. payphones and telecentres), Web accessibility","Mobile communications accessibility, Television/video programming accessibility, Web accessibility, Public ICT accessibility (e.g. payphones and telecentres)","-","Public ICT accessibility (e.g. payphones and telecentres), Web accessibility, Mobile communications accessibility, Television/video programming accessibility","-"
"Solomon Islands","-","-","-","-","-","There is no framework in place for the time being","-","-","-","-","-","-"
"Somalia","-","Other","-","-","Mobile communications accessibility","Mobile communications accessibility","-","-","-","-","-","-"
"South Africa","-","Public ICT accessibility (e.g. payphones and telecentres), Public procurement of accessible ICTs, Mobile communications accessibility, Web accessibility, Television/video programming accessibility","Mobile communications accessibility, Television/video programming accessibility, Web accessibility, Public ICT accessibility (e.g. payphones and telecentres), Public procurement of accessible ICTs","Public ICT accessibility (e.g. payphones and telecentres), Public procurement of accessible ICTs, Mobile communications accessibility, Television/video programming accessibility, Web accessibility","Public procurement of accessible ICTs, Public ICT accessibility (e.g. payphones and telecentres), Mobile communications accessibility, Television/video programming accessibility, Web accessibility","Television/video programming accessibility, Web accessibility, Mobile communications accessibility, Public ICT accessibility (e.g. payphones and telecentres), Public procurement of accessible ICTs","Public procurement of accessible ICTs, Public ICT accessibility (e.g. payphones and telecentres), Mobile communications accessibility, Television/video programming accessibility, Web accessibility","Public procurement of accessible ICTs, Public ICT accessibility (e.g. payphones and telecentres), Mobile communications accessibility, Television/video programming accessibility, Web accessibility","Public ICT accessibility (e.g. payphones and telecentres), Public procurement of accessible ICTs, Mobile communications accessibility, Web accessibility, Television/video programming accessibility","-","Mobile communications accessibility","-"
"South Sudan","-","-","-","-","Mobile communications accessibility, Other","Other","-","-","-","-","-","-"
"Spain","-","Television/video programming accessibility, Public ICT accessibility (e.g. payphones and telecentres), Other","Other, Television/video programming accessibility, Public ICT accessibility (e.g. payphones and telecentres)","Other, Television/video programming accessibility, Public ICT accessibility (e.g. payphones and telecentres)","Web accessibility, Public ICT accessibility (e.g. payphones and telecentres), Television/video programming accessibility","Web accessibility, Television/video programming accessibility, Public ICT accessibility (e.g. payphones and telecentres)","Television/video programming accessibility, Public ICT accessibility (e.g. payphones and telecentres), Public procurement of accessible ICTs, Web accessibility","Web accessibility, Public ICT accessibility (e.g. payphones and telecentres), Public procurement of accessible ICTs, Television/video programming accessibility","Public procurement of accessible ICTs, Public ICT accessibility (e.g. payphones and telecentres), Web accessibility, Television/video programming accessibility","-","-","-"
"Sri Lanka","-","-","-","-","-","Public ICT accessibility (e.g. payphones and telecentres)","Public ICT accessibility (e.g. payphones and telecentres)","Public ICT accessibility (e.g. payphones and telecentres)","Public ICT accessibility (e.g. payphones and telecentres)","-","Public ICT accessibility (e.g. payphones and telecentres)","-"
"State of Palestine","-","-","-","-","Mobile communications accessibility, Other","Other, Mobile communications accessibility","Mobile communications accessibility, Other","Mobile communications accessibility, Other","-","-","Mobile communications accessibility, Other","-"
"Sudan","-","-","-","Web accessibility, Mobile communications accessibility","Web accessibility, Mobile communications accessibility","Web accessibility, Mobile communications accessibility","-","-","Web accessibility, Mobile communications accessibility, Public ICT accessibility (e.g. payphones and telecentres)","-","Mobile communications accessibility, Web accessibility, Public ICT accessibility (e.g. payphones and telecentres)","-"
"Suriname","-","-","-","There is no framework in place for the time being","There is no framework in place for the time being","There is no framework in place for the time being","There is no framework in place for the time being","There is no framework in place for the time being","There is no framework in place for the time being","-","There is no framework in place for the time being","-"
"Sweden","-","-","-","-","-","There is no framework in place for the time being","Other","Other","Other","-","-","-"
"Switzerland","-","Public ICT accessibility (e.g. payphones and telecentres), Television/video programming accessibility","Public ICT accessibility (e.g. payphones and telecentres), Television/video programming accessibility","Television/video programming accessibility, Public ICT accessibility (e.g. payphones and telecentres)","Television/video programming accessibility, Public ICT accessibility (e.g. payphones and telecentres)","Television/video programming accessibility, Public ICT accessibility (e.g. payphones and telecentres)","Public ICT accessibility (e.g. payphones and telecentres), Television/video programming accessibility","Public ICT accessibility (e.g. payphones and telecentres), Television/video programming accessibility","Television/video programming accessibility","-","Other","-"
"Syrian Arab Republic","-","Public procurement of accessible ICTs, Public ICT accessibility (e.g. payphones and telecentres), Web accessibility, Mobile communications accessibility","-","-","There is no framework in place for the time being","There is no framework in place for the time being","There is no framework in place for the time being","There is no framework in place for the time being","There is no framework in place for the time being","-","-","-"
"Tanzania","-","-","-","-","-","There is no framework in place for the time being","There is no framework in place for the time being","There is no framework in place for the time being","There is no framework in place for the time being","-","Television/video programming accessibility","-"
"Thailand","-","-","-","-","-","Public ICT accessibility (e.g. payphones and telecentres), Television/video programming accessibility, Mobile communications accessibility","Public ICT accessibility (e.g. payphones and telecentres), Television/video programming accessibility, Mobile communications accessibility","Public ICT accessibility (e.g. payphones and telecentres), Mobile communications accessibility, Television/video programming accessibility","Public ICT accessibility (e.g. payphones and telecentres), Television/video programming accessibility, Mobile communications accessibility","-","Other","-"
"Timor-Leste","-","-","-","-","-","-","Television/video programming accessibility","Television/video programming accessibility","-","-","-","-"
"Togo","-","-","There is no framework in place for the time being","There is no framework in place for the time being","There is no framework in place for the time being","There is no framework in place for the time being","There is no framework in place for the time being","There is no framework in place for the time being","-","-","-","-"
"Tonga","-","-","-","-","There is no framework in place for the time being","-","-","-","-","-","There is no framework in place for the time being","-"
"Trinidad and Tobago","-","Mobile communications accessibility, Public procurement of accessible ICTs, Other","Mobile communications accessibility","Mobile communications accessibility","-","-","-","-","Mobile communications accessibility","-","Mobile communications accessibility","-"
"Tunisia","-","-","-","-","-","Mobile communications accessibility, Web accessibility","Mobile communications accessibility, Web accessibility","Mobile communications accessibility, Web accessibility","Mobile communications accessibility, Web accessibility","-","-","-"
"Türkiye","-","Mobile communications accessibility, Web accessibility, Public ICT accessibility (e.g. payphones and telecentres)","Public ICT accessibility (e.g. payphones and telecentres), Web accessibility, Mobile communications accessibility","Mobile communications accessibility, Public ICT accessibility (e.g. payphones and telecentres), Web accessibility","Public ICT accessibility (e.g. payphones and telecentres), Mobile communications accessibility, Web accessibility","Other, Web accessibility, Public ICT accessibility (e.g. payphones and telecentres), Mobile communications accessibility","Web accessibility, Public ICT accessibility (e.g. payphones and telecentres), Other, Mobile communications accessibility","Web accessibility, Public ICT accessibility (e.g. payphones and telecentres), Other, Mobile communications accessibility","Web accessibility, Public ICT accessibility (e.g. payphones and telecentres), Other, Mobile communications accessibility","-","Mobile communications accessibility, Other, Web accessibility, Public ICT accessibility (e.g. payphones and telecentres)","-"
"Ukraine","-","-","-","-","Other","Other","Other","Other","-","-","-","-"
"United Arab Emirates","-","-","-","Web accessibility, Mobile communications accessibility","Web accessibility, Mobile communications accessibility","Mobile communications accessibility, Television/video programming accessibility, Web accessibility","Mobile communications accessibility, Web accessibility, Television/video programming accessibility","Mobile communications accessibility, Television/video programming accessibility, Web accessibility","Television/video programming accessibility, Mobile communications accessibility, Web accessibility","-","Mobile communications accessibility, Television/video programming accessibility, Web accessibility","-"
"United Kingdom","-","-","-","-","-","-","-","-","-","-","Television/video programming accessibility, Mobile communications accessibility, Other","-"
"United States","-","Web accessibility, Public procurement of accessible ICTs, Television/video programming accessibility, Mobile communications accessibility","Mobile communications accessibility, Television/video programming accessibility, Web accessibility, Public procurement of accessible ICTs","Mobile communications accessibility, Television/video programming accessibility, Web accessibility, Public procurement of accessible ICTs","Television/video programming accessibility, Web accessibility, Mobile communications accessibility, Public procurement of accessible ICTs","Public procurement of accessible ICTs, Web accessibility, Television/video programming accessibility, Mobile communications accessibility","Television/video programming accessibility, Mobile communications accessibility, Public procurement of accessible ICTs, Web accessibility","Television/video programming accessibility, Mobile communications accessibility, Web accessibility, Public procurement of accessible ICTs","Television/video programming accessibility, Mobile communications accessibility, Public procurement of accessible ICTs, Web accessibility","-","Television/video programming accessibility, Mobile communications accessibility, Web accessibility, Public ICT accessibility (e.g. payphones and telecentres)","-"
"Uruguay","-","-","-","-","-","-","Television/video programming accessibility","Television/video programming accessibility","Television/video programming accessibility, Web accessibility","-","Television/video programming accessibility","-"
"Uzbekistan","-","-","-","-","-","-","-","-","Mobile communications accessibility, Television/video programming accessibility, Web accessibility, Public ICT accessibility (e.g. payphones and telecentres)","-","Public ICT accessibility (e.g. payphones and telecentres), Mobile communications accessibility, Television/video programming accessibility, Web accessibility","-"
"Vanuatu","-","-","-","-","There is no framework in place for the time being","There is no framework in place for the time being","There is no framework in place for the time being","There is no framework in place for the time being","There is no framework in place for the time being","-","-","-"
"Venezuela","-","Other","-","-","-","-","-","-","-","-","-","-"
"Viet Nam","-","-","-","-","Television/video programming accessibility, Web accessibility","Web accessibility, Television/video programming accessibility","Mobile communications accessibility, Television/video programming accessibility, Web accessibility, Public ICT accessibility (e.g. payphones and telecentres), Public procurement of accessible ICTs","Public ICT accessibility (e.g. payphones and telecentres), Public procurement of accessible ICTs, Mobile communications accessibility, Web accessibility, Television/video programming accessibility","-","-","-","-"
"Zambia","-","Mobile communications accessibility, Web accessibility, Public ICT accessibility (e.g. payphones and telecentres)","Public ICT accessibility (e.g. payphones and telecentres), Web accessibility, Mobile communications accessibility","Mobile communications accessibility, Public ICT accessibility (e.g. payphones and telecentres), Web accessibility","Mobile communications accessibility, Web accessibility, Public ICT accessibility (e.g. payphones and telecentres)","Mobile communications accessibility, Web accessibility, Public ICT accessibility (e.g. payphones and telecentres)","Public ICT accessibility (e.g. payphones and telecentres), Web accessibility, Mobile communications accessibility","Public ICT accessibility (e.g. payphones and telecentres), Web accessibility, Mobile communications accessibility","Public ICT accessibility (e.g. payphones and telecentres), Web accessibility, Mobile communications accessibility","-","Public ICT accessibility (e.g. payphones and telecentres)","-"
"Zimbabwe","-","-","-","-","-","Public ICT accessibility (e.g. payphones and telecentres), Mobile communications accessibility","Mobile communications accessibility, Public ICT accessibility (e.g. payphones and telecentres)","Mobile communications accessibility, Public ICT accessibility (e.g. payphones and telecentres)","Public ICT accessibility (e.g. payphones and telecentres), Web accessibility, Mobile communications accessibility","-","-","-"