"Economy","Indicator","2014","2015","2016","2017","2018","2019","2020","2021","2022","2023","2024","2025"
"Albania","Using copy and paste tools within a document","-","-","-","-","-","16.1205%","19.2036%","22.0341%","26.7801%","28.9158%","-","-"
"Albania","Using basic arithmetic formula in a spreadsheet","-","-","-","-","-","-","-","-","12.7066%","16.2155%","-","-"
"Albania","Creating electronic presentations with presentation software","-","-","-","-","-","9.0473%","12.4746%","14.841%","20.3921%","22.4413%","-","-"
"Albania","Writing a computer program using a programming language","-","-","-","-","-","1.56061%","3.67419%","5.65271%","6.58558%","6.92073%","-","-"
"Albania","Using software run over the Internet for editing text documents, spreadsheets or presentations","-","-","-","-","-","-","-","-","-","-","-","-"
"Albania","Digital content creation","-","-","-","-","-","18.9092%","21.654%","-","-","-","-","-"
"Algeria","Using copy and paste tools within a document","-","-","-","-","17.72%","-","-","-","-","-","-","-"
"Algeria","Using basic arithmetic formula in a spreadsheet","-","-","-","-","9.40813%","-","-","-","-","-","-","-"
"Algeria","Creating electronic presentations with presentation software","-","-","-","-","7.21477%","-","-","-","-","-","-","-"
"Algeria","Writing a computer program using a programming language","-","-","-","-","6.89336%","-","-","-","-","-","-","-"
"Algeria","Using software run over the Internet for editing text documents, spreadsheets or presentations","-","-","-","-","4.515%","-","-","-","-","-","-","-"
"Algeria","Digital content creation","-","-","-","-","7.00534%","-","-","-","-","-","-","-"
"Andorra","Using copy and paste tools within a document","-","-","-","-","-","-","-","-","-","-","-","-"
"Andorra","Using basic arithmetic formula in a spreadsheet","-","-","-","-","-","-","-","-","-","-","-","-"
"Andorra","Creating electronic presentations with presentation software","-","-","-","45.1167%","-","-","-","-","-","-","-","-"
"Andorra","Writing a computer program using a programming language","-","-","-","5.97734%","-","-","-","-","-","-","-","-"
"Andorra","Using software run over the Internet for editing text documents, spreadsheets or presentations","-","-","-","-","-","-","-","-","-","-","-","-"
"Andorra","Digital content creation","-","-","-","-","-","-","-","-","-","-","-","-"
"Austria","Using copy and paste tools within a document","68.5016%","63.4999%","-","-","-","-","-","64.9646%","-","68.3488%","-","-"
"Austria","Using basic arithmetic formula in a spreadsheet","48.6779%","45.5441%","-","-","-","-","-","-","-","-","-","-"
"Austria","Creating electronic presentations with presentation software","39.6165%","42.0549%","44.1132%","44.587%","-","45.717%","-","-","-","-","-","-"
"Austria","Writing a computer program using a programming language","11.8757%","7.91422%","6.10346%","7.26629%","-","8.75676%","-","9.8217%","-","9.17287%","-","-"
"Austria","Using software run over the Internet for editing text documents, spreadsheets or presentations","-","-","-","-","-","-","-","-","-","-","-","-"
"Austria","Digital content creation","20.9493%","28.9269%","19.3251%","22.9066%","-","-","-","-","-","-","-","-"
"Azerbaijan","Using copy and paste tools within a document","56.6787%","57.8171%","57.3905%","64.3722%","63.5716%","66.5269%","73.47%","74.214%","75.795%","76.818%","-","-"
"Azerbaijan","Using basic arithmetic formula in a spreadsheet","18.4952%","18.8666%","18.7253%","21.0117%","20.7524%","21.715%","24.8%","24.738%","33.415%","33.866%","-","-"
"Azerbaijan","Creating electronic presentations with presentation software","5.66787%","5.78171%","5.73798%","6.43609%","6.35857%","6.65152%","7.3625%","7.4214%","7.5795%","7.68181%","-","-"
"Azerbaijan","Writing a computer program using a programming language","0.59662%","0.608597%","0.604067%","0.686449%","0.686437%","-","-","-","-","-","-","-"
"Azerbaijan","Using software run over the Internet for editing text documents, spreadsheets or presentations","-","-","-","2.9941%","3.02442%","3.0818%","3.05406%","3.05299%","3.124%","3.1595%","-","-"
"Azerbaijan","Digital content creation","-","-","-","0.0165887%","0.0167591%","0.0202772%","0.0126941%","0.0171948%","0.0176032%","0.017795%","-","-"
"Bahrain","Using copy and paste tools within a document","-","54%","56%","61.8718%","54.3562%","57.8507%","68.0263%","68.2764%","-","93.7995%","-","-"
"Bahrain","Using basic arithmetic formula in a spreadsheet","-","33%","49%","44.2521%","45.8523%","36%","46.1842%","46.1842%","-","55.0132%","-","-"
"Bahrain","Creating electronic presentations with presentation software","-","36%","52%","41.4103%","42.7832%","36%","38.3553%","38.6258%","-","60.686%","-","-"
"Bahrain","Writing a computer program using a programming language","-","13%","14%","20.3803%","9.80722%","18.0896%","17.1711%","-","-","-","-","-"
"Bahrain","Using software run over the Internet for editing text documents, spreadsheets or presentations","6.66861%","14.9666%","20.6662%","18.3279%","28.4782%","-","31.25%","31.25%","40.1201%","67.81%","-","-"
"Bahrain","Digital content creation","11.2588%","15.1338%","12.4614%","10.0296%","25.1727%","-","24.3421%","24.3421%","27.6276%","63.3245%","-","-"
"Bangladesh","Using copy and paste tools within a document","-","-","-","-","-","-","-","33.7819%","-","35.708%","-","-"
"Bangladesh","Using basic arithmetic formula in a spreadsheet","-","-","-","-","-","-","-","14.2163%","-","13.7235%","-","-"
"Bangladesh","Creating electronic presentations with presentation software","-","-","-","-","-","-","-","1.04582%","-","1.11724%","-","-"
"Bangladesh","Writing a computer program using a programming language","-","-","-","-","-","-","-","0.558573%","-","0.45981%","-","-"
"Bangladesh","Using software run over the Internet for editing text documents, spreadsheets or presentations","-","-","-","-","-","-","-","0.105497%","-","3.62437%","-","-"
"Bangladesh","Digital content creation","-","-","-","-","-","-","-","1.17579%","-","0.0512466%","-","-"
"Belarus","Using copy and paste tools within a document","-","-","-","-","36.5678%","40.9997%","38.8928%","37.5246%","40.2905%","41.443%","52.6517%","-"
"Belarus","Using basic arithmetic formula in a spreadsheet","-","-","-","-","17.6014%","19.7073%","17.9915%","18.3577%","20.3053%","21.4782%","22.5399%","-"
"Belarus","Creating electronic presentations with presentation software","-","-","-","-","12.2135%","12.4278%","10.3216%","10.2992%","11.5438%","12.1822%","13.1476%","-"
"Belarus","Writing a computer program using a programming language","-","-","-","-","2.38893%","2.0369%","1.32221%","1.40474%","1.19868%","1.53886%","1.824%","-"
"Belarus","Using software run over the Internet for editing text documents, spreadsheets or presentations","-","-","-","-","-","-","-","-","-","-","-","-"
"Belarus","Digital content creation","-","-","-","-","-","-","-","-","-","-","-","-"
"Belgium","Using copy and paste tools within a document","64.1078%","63.223%","-","60.3739%","-","57.0746%","-","-","-","65.9566%","-","-"
"Belgium","Using basic arithmetic formula in a spreadsheet","42.5321%","42.4524%","44.1356%","-","-","44.7784%","-","44.2499%","-","18.5195%","-","-"
"Belgium","Creating electronic presentations with presentation software","35.9531%","33.0081%","34.4874%","-","-","34.2022%","-","45.0505%","-","51.9563%","-","-"
"Belgium","Writing a computer program using a programming language","9.20008%","9.71241%","5.08215%","5.22923%","-","4.47006%","-","4.64854%","-","5.77545%","-","-"
"Belgium","Using software run over the Internet for editing text documents, spreadsheets or presentations","-","-","-","-","-","-","-","45.0505%","-","61.7406%","-","-"
"Belgium","Digital content creation","22.172%","21.7641%","25.1776%","21.7147%","-","22.8326%","35.0984%","23.7971%","-","-","-","-"
"Bhutan","Using copy and paste tools within a document","-","-","-","-","-","-","-","9.84792%","-","-","-","-"
"Bhutan","Using basic arithmetic formula in a spreadsheet","-","-","-","-","-","-","-","5.54179%","-","-","-","-"
"Bhutan","Creating electronic presentations with presentation software","-","-","-","-","-","-","-","5.87189%","-","-","-","-"
"Bhutan","Writing a computer program using a programming language","-","-","-","-","-","-","-","1.41998%","-","-","-","-"
"Bhutan","Using software run over the Internet for editing text documents, spreadsheets or presentations","-","-","-","-","-","-","-","-","-","-","-","-"
"Bhutan","Digital content creation","-","-","-","-","-","-","-","42.2428%","-","-","-","-"
"Bosnia and Herzegovina","Using copy and paste tools within a document","-","-","-","28.1461%","-","22.4644%","-","55.3102%","-","51.8104%","50.5285%","-"
"Bosnia and Herzegovina","Using basic arithmetic formula in a spreadsheet","-","-","-","9.16614%","-","7.52968%","-","18.0404%","-","-","-","-"
"Bosnia and Herzegovina","Creating electronic presentations with presentation software","-","-","-","12.4585%","-","11.0905%","-","16.2998%","-","-","12.4182%","-"
"Bosnia and Herzegovina","Writing a computer program using a programming language","-","-","-","2.08691%","-","2.13639%","-","2.09164%","-","-","2.20053%","-"
"Bosnia and Herzegovina","Using software run over the Internet for editing text documents, spreadsheets or presentations","-","-","-","-","-","-","-","-","-","-","-","-"
"Bosnia and Herzegovina","Digital content creation","-","-","-","16.5539%","-","8.71159%","17.0969%","-","-","-","-","-"
"Botswana","Using copy and paste tools within a document","31.2715%","-","-","-","-","-","-","-","-","-","-","-"
"Botswana","Using basic arithmetic formula in a spreadsheet","19.6581%","-","-","-","-","-","-","-","-","-","-","-"
"Botswana","Creating electronic presentations with presentation software","11.6219%","-","-","-","-","-","-","-","-","-","-","-"
"Botswana","Writing a computer program using a programming language","4.76648%","-","-","-","-","-","-","-","-","-","-","-"
"Botswana","Using software run over the Internet for editing text documents, spreadsheets or presentations","-","-","-","-","-","-","-","-","-","-","-","-"
"Botswana","Digital content creation","-","-","-","-","-","-","-","-","-","-","-","-"
"Brazil","Using copy and paste tools within a document","23.9953%","22.8901%","21.1873%","20.8096%","20.0164%","24.0595%","23.4075%","23.8774%","39.3444%","43.8742%","40.6441%","-"
"Brazil","Using basic arithmetic formula in a spreadsheet","15.4387%","13.1871%","13.2703%","11.8451%","12.4146%","11.6318%","13.6795%","12.9035%","11.7583%","14.2429%","16.2599%","-"
"Brazil","Creating electronic presentations with presentation software","12.0865%","12.0041%","11.6513%","9.88038%","11.121%","9.98769%","10.5206%","10.2278%","12.2435%","12.7569%","14.7212%","-"
"Brazil","Writing a computer program using a programming language","5.63489%","3.21525%","3.34111%","2.94369%","2.8063%","2.68502%","2.96168%","2.26769%","3.43776%","4.1831%","6.36148%","-"
"Brazil","Using software run over the Internet for editing text documents, spreadsheets or presentations","-","-","-","-","-","-","-","-","-","16.1287%","-","-"
"Brazil","Digital content creation","21.9254%","-","23.3838%","24.994%","13.1191%","26.3166%","16.2852%","25.0253%","34.8948%","29.5233%","34.44%","-"
"Brunei Darussalam","Using copy and paste tools within a document","-","-","68%","-","59.4584%","59.5348%","-","-","95.0451%","-","-","-"
"Brunei Darussalam","Using basic arithmetic formula in a spreadsheet","-","-","25%","-","56.4835%","42.4485%","-","-","73.166%","-","-","-"
"Brunei Darussalam","Creating electronic presentations with presentation software","-","-","34%","-","42.601%","37.5287%","-","-","71.8147%","-","-","-"
"Brunei Darussalam","Writing a computer program using a programming language","-","-","17%","-","-","27.6887%","-","-","31.9177%","-","-","-"
"Brunei Darussalam","Using software run over the Internet for editing text documents, spreadsheets or presentations","-","-","-","-","-","-","-","-","-","-","-","-"
"Brunei Darussalam","Digital content creation","-","-","-","-","-","-","-","-","35.0064%","-","-","-"
"Bulgaria","Using copy and paste tools within a document","45.7539%","-","-","-","-","44.0783%","-","39.1018%","-","41.5239%","-","-"
"Bulgaria","Using basic arithmetic formula in a spreadsheet","27.4568%","-","-","-","-","-","-","-","-","16.9916%","-","-"
"Bulgaria","Creating electronic presentations with presentation software","9.10239%","17.7739%","13.9578%","14.9968%","-","14.5483%","-","20.0387%","-","23.2468%","-","-"
"Bulgaria","Writing a computer program using a programming language","4.51442%","1.99747%","1.04047%","1.23109%","-","1.08986%","-","1.09877%","-","1.40948%","-","-"
"Bulgaria","Using software run over the Internet for editing text documents, spreadsheets or presentations","-","-","-","-","-","-","-","-","-","-","-","-"
"Bulgaria","Digital content creation","19.4771%","-","21.013%","29.082%","-","19.5997%","23.4777%","-","-","-","-","-"
"Cabo Verde","Using copy and paste tools within a document","-","38.4936%","-","-","-","18.3059%","-","-","-","-","-","-"
"Cabo Verde","Using basic arithmetic formula in a spreadsheet","-","22.5116%","-","-","-","5.99986%","-","-","-","-","-","-"
"Cabo Verde","Creating electronic presentations with presentation software","-","19.5868%","-","-","-","8.87256%","-","-","-","-","-","-"
"Cabo Verde","Writing a computer program using a programming language","-","5.27406%","-","-","-","-","-","-","-","-","-","-"
"Cabo Verde","Using software run over the Internet for editing text documents, spreadsheets or presentations","-","-","-","-","-","-","-","-","-","-","-","-"
"Cabo Verde","Digital content creation","-","-","-","-","-","-","-","-","-","-","-","-"
"Cambodia","Using copy and paste tools within a document","-","-","-","27.1483%","-","-","-","-","-","-","-","-"
"Cambodia","Using basic arithmetic formula in a spreadsheet","-","-","-","9.10463%","-","-","-","-","-","-","-","-"
"Cambodia","Creating electronic presentations with presentation software","-","-","-","2.54596%","-","-","-","-","-","-","-","-"
"Cambodia","Writing a computer program using a programming language","-","-","-","0.146676%","-","-","-","-","-","-","-","-"
"Cambodia","Using software run over the Internet for editing text documents, spreadsheets or presentations","-","-","-","-","-","-","-","-","-","-","-","-"
"Cambodia","Digital content creation","-","-","-","-","-","-","-","-","-","-","-","-"
"Canada","Using copy and paste tools within a document","-","-","-","-","-","-","-","-","60%","-","-","-"
"Canada","Using basic arithmetic formula in a spreadsheet","-","-","-","-","-","-","-","-","47%","-","-","-"
"Canada","Creating electronic presentations with presentation software","-","-","-","-","-","-","-","-","40%","-","-","-"
"Canada","Writing a computer program using a programming language","-","-","-","-","-","-","-","-","9%","-","-","-"
"Canada","Using software run over the Internet for editing text documents, spreadsheets or presentations","-","-","-","-","-","-","-","-","66%","-","-","-"
"Canada","Digital content creation","-","-","-","-","-","-","-","-","13%","-","-","-"
"Chile","Using copy and paste tools within a document","-","-","-","-","-","-","-","-","-","-","-","-"
"Chile","Using basic arithmetic formula in a spreadsheet","-","-","-","43.0058%","-","-","-","-","-","45.2597%","-","-"
"Chile","Creating electronic presentations with presentation software","-","-","-","42.8738%","-","-","-","-","-","45.8962%","-","-"
"Chile","Writing a computer program using a programming language","-","-","-","11.5562%","-","-","-","-","-","16.1273%","-","-"
"Chile","Using software run over the Internet for editing text documents, spreadsheets or presentations","-","-","-","-","-","-","-","-","-","-","-","-"
"Chile","Digital content creation","-","-","-","-","-","-","-","-","-","41.2666%","-","-"
"China","Using copy and paste tools within a document","-","-","-","-","-","-","-","-","-","-","-","-"
"China","Using basic arithmetic formula in a spreadsheet","-","-","-","-","-","-","-","-","32.0865%","-","-","-"
"China","Creating electronic presentations with presentation software","-","-","-","-","-","-","-","-","35.2132%","-","-","-"
"China","Writing a computer program using a programming language","-","-","-","-","-","-","-","-","9.38027%","-","-","-"
"China","Using software run over the Internet for editing text documents, spreadsheets or presentations","-","-","-","-","-","-","-","-","-","-","-","-"
"China","Digital content creation","-","-","-","-","-","-","-","-","-","-","-","-"
"Colombia","Using copy and paste tools within a document","-","-","37.5262%","38.3448%","35.85%","33.311%","29.7928%","27.3465%","35.6416%","37.6329%","-","-"
"Colombia","Using basic arithmetic formula in a spreadsheet","-","-","26.9267%","25.3139%","24.6533%","23.0053%","21.3458%","19.6852%","21.9407%","23.8904%","-","-"
"Colombia","Creating electronic presentations with presentation software","-","-","28.8084%","26.1834%","25.6021%","23.7298%","21.5613%","20.6748%","21.6399%","24.3122%","-","-"
"Colombia","Writing a computer program using a programming language","-","-","-","7.47071%","6.01389%","4.57819%","4.71008%","4.95347%","7.09802%","7.25113%","-","-"
"Colombia","Using software run over the Internet for editing text documents, spreadsheets or presentations","-","-","-","-","-","-","4.03141%","6.10897%","6.65149%","9.76374%","-","-"
"Colombia","Digital content creation","-","-","-","-","-","-","-","-","-","8.96735%","-","-"
"Costa Rica","Using copy and paste tools within a document","-","-","-","-","-","-","-","-","-","-","-","-"
"Costa Rica","Using basic arithmetic formula in a spreadsheet","-","-","-","-","-","-","-","-","-","-","-","-"
"Costa Rica","Creating electronic presentations with presentation software","-","-","-","-","-","-","-","-","-","-","-","-"
"Costa Rica","Writing a computer program using a programming language","-","-","-","-","-","-","-","-","-","10.2204%","-","-"
"Costa Rica","Using software run over the Internet for editing text documents, spreadsheets or presentations","-","-","-","-","-","-","-","-","-","-","-","-"
"Costa Rica","Digital content creation","-","-","-","-","-","-","-","-","-","3.20764%","-","-"
"Croatia","Using copy and paste tools within a document","44.2077%","54.0461%","56.4885%","41.68%","-","58.7898%","-","81.0837%","-","78.5958%","-","-"
"Croatia","Using basic arithmetic formula in a spreadsheet","37.1045%","45.7798%","47.7896%","32.1451%","-","43.1358%","-","46.2876%","-","34.6125%","-","-"
"Croatia","Creating electronic presentations with presentation software","24.1182%","43.6046%","41.1481%","41.7284%","-","41.408%","-","26.7058%","-","31.9737%","-","-"
"Croatia","Writing a computer program using a programming language","11.3559%","10.1439%","7.08264%","4.83304%","-","8.563%","-","3.57057%","-","5.98305%","-","-"
"Croatia","Using software run over the Internet for editing text documents, spreadsheets or presentations","-","-","-","-","-","-","-","-","-","-","-","-"
"Croatia","Digital content creation","14.4738%","18.3138%","19.0218%","24.5992%","-","30.663%","-","-","-","-","-","-"
"Cuba","Using copy and paste tools within a document","-","-","-","17.1245%","20.4942%","22.3272%","23.9166%","-","-","-","-","-"
"Cuba","Using basic arithmetic formula in a spreadsheet","-","-","-","17.1245%","20.4942%","22.3272%","24.6528%","-","-","-","-","-"
"Cuba","Creating electronic presentations with presentation software","-","-","-","2.09112%","10.7182%","12.0486%","13.8761%","-","-","-","-","-"
"Cuba","Writing a computer program using a programming language","-","-","-","0.144494%","5.16411%","5.64578%","5.75092%","-","-","-","-","-"
"Cuba","Using software run over the Internet for editing text documents, spreadsheets or presentations","-","-","-","-","-","-","-","-","-","-","-","-"
"Cuba","Digital content creation","-","-","-","-","-","-","-","-","-","-","-","-"
"Curacao","Using copy and paste tools within a document","-","-","-","29.35%","-","-","-","-","-","-","-","-"
"Curacao","Using basic arithmetic formula in a spreadsheet","-","-","-","21.186%","-","-","-","-","-","-","-","-"
"Curacao","Creating electronic presentations with presentation software","-","-","-","15.6024%","-","-","-","-","-","-","-","-"
"Curacao","Writing a computer program using a programming language","-","-","-","4.10058%","-","-","-","-","-","-","-","-"
"Curacao","Using software run over the Internet for editing text documents, spreadsheets or presentations","-","-","-","-","-","-","-","-","-","-","-","-"
"Curacao","Digital content creation","-","-","-","-","-","-","-","-","-","-","-","-"
"Cyprus","Using copy and paste tools within a document","58.8599%","44.5838%","-","-","-","47.9209%","-","-","-","-","-","-"
"Cyprus","Using basic arithmetic formula in a spreadsheet","36.9357%","27.5742%","21.3286%","23.5231%","-","28.3846%","-","39.7438%","-","37.3676%","-","-"
"Cyprus","Creating electronic presentations with presentation software","28.4312%","22.5643%","25.5502%","19.9573%","-","27.0427%","-","-","-","-","-","-"
"Cyprus","Writing a computer program using a programming language","6.67646%","2.2496%","2.85351%","2.79455%","-","3.73653%","-","5.17216%","-","5.1712%","-","-"
"Cyprus","Using software run over the Internet for editing text documents, spreadsheets or presentations","-","-","-","-","-","-","-","-","-","-","-","-"
"Cyprus","Digital content creation","42.5237%","40.5917%","45.7631%","-","-","38.9317%","54.2766%","-","-","-","-","-"
"Czech Republic","Using copy and paste tools within a document","55.4282%","56.2992%","-","-","-","58.7767%","-","46.5695%","-","55.3261%","-","-"
"Czech Republic","Using basic arithmetic formula in a spreadsheet","39.7537%","40.9521%","-","40.7336%","-","44.8657%","-","36.8106%","-","40.4612%","-","-"
"Czech Republic","Creating electronic presentations with presentation software","21.5751%","28.9494%","-","24.3867%","-","18.0426%","-","16.5152%","-","20.225%","-","-"
"Czech Republic","Writing a computer program using a programming language","4.10176%","3.27471%","-","3.92779%","-","5.67037%","-","4.86836%","-","5.79291%","-","-"
"Czech Republic","Using software run over the Internet for editing text documents, spreadsheets or presentations","-","-","-","-","-","-","-","-","-","-","-","-"
"Czech Republic","Digital content creation","14.2359%","17.53%","30.554%","32.1965%","-","37.7951%","37.6878%","-","-","-","-","-"
"Côte d'Ivoire","Using copy and paste tools within a document","-","10.4453%","10.5433%","10.6366%","10.7336%","11.8582%","-","-","18.9499%","12.0444%","-","-"
"Côte d'Ivoire","Using basic arithmetic formula in a spreadsheet","-","2.03%","2.36056%","2.67491%","3.07082%","3.26214%","-","-","13.5986%","6.48375%","-","-"
"Côte d'Ivoire","Creating electronic presentations with presentation software","-","1.65%","1.90687%","2.15115%","1.79156%","1.50722%","-","-","11.0364%","4.61184%","-","-"
"Côte d'Ivoire","Writing a computer program using a programming language","-","-","-","0.599116%","0.640743%","0.662863%","-","-","1.30611%","4.93543%","-","-"
"Côte d'Ivoire","Using software run over the Internet for editing text documents, spreadsheets or presentations","-","-","-","-","-","1.25293%","-","-","2.67887%","0.63168%","-","-"
"Côte d'Ivoire","Digital content creation","-","-","-","-","-","2.19563%","-","-","10.4177%","1.59529%","-","-"
"Denmark","Using copy and paste tools within a document","74.7978%","69.8318%","68.453%","-","-","-","-","-","-","-","-","-"
"Denmark","Using basic arithmetic formula in a spreadsheet","58.0004%","63.408%","59.5642%","56.3481%","-","54.4787%","-","48.1893%","-","48.7024%","-","-"
"Denmark","Creating electronic presentations with presentation software","49.4401%","57.465%","59.5642%","51.8135%","-","48.7879%","-","57.9175%","-","49.3554%","-","-"
"Denmark","Writing a computer program using a programming language","11.6576%","13.2328%","14.2311%","13.8517%","-","14.2994%","-","10.9189%","-","11.4519%","-","-"
"Denmark","Using software run over the Internet for editing text documents, spreadsheets or presentations","-","-","-","-","-","-","-","-","-","-","-","-"
"Denmark","Digital content creation","51.1535%","50.9723%","42.2305%","50.1999%","-","-","55.8743%","-","49.6433%","-","-","-"
"Djibouti","Using copy and paste tools within a document","-","-","-","16.1555%","-","-","-","-","-","-","-","-"
"Djibouti","Using basic arithmetic formula in a spreadsheet","-","-","-","12.326%","-","-","-","-","-","-","-","-"
"Djibouti","Creating electronic presentations with presentation software","-","-","-","11.9099%","-","-","-","-","-","-","-","-"
"Djibouti","Writing a computer program using a programming language","-","-","-","4.5194%","-","-","-","-","-","-","-","-"
"Djibouti","Using software run over the Internet for editing text documents, spreadsheets or presentations","-","-","-","-","-","-","-","-","-","-","-","-"
"Djibouti","Digital content creation","-","-","-","-","-","-","-","-","-","-","-","-"
"Dominican Rep.","Using copy and paste tools within a document","-","22.4753%","-","-","-","-","-","-","17.8504%","-","-","-"
"Dominican Rep.","Using basic arithmetic formula in a spreadsheet","-","10.8478%","-","-","-","-","-","-","12.2395%","-","-","-"
"Dominican Rep.","Creating electronic presentations with presentation software","-","14.3458%","-","-","-","-","-","-","10.9243%","-","-","-"
"Dominican Rep.","Writing a computer program using a programming language","-","6.73394%","-","-","-","-","-","-","3.96194%","-","-","-"
"Dominican Rep.","Using software run over the Internet for editing text documents, spreadsheets or presentations","-","-","-","-","-","-","-","-","-","-","-","-"
"Dominican Rep.","Digital content creation","-","-","-","-","-","-","-","-","30.3107%","-","-","-"
"Ecuador","Using copy and paste tools within a document","-","-","-","-","30.7932%","27.05%","23.5563%","-","20.7611%","20.2235%","20.7694%","-"
"Ecuador","Using basic arithmetic formula in a spreadsheet","-","-","-","-","24.601%","19.6339%","17.5939%","-","12.8375%","11.4542%","12.8998%","-"
"Ecuador","Creating electronic presentations with presentation software","-","-","-","-","21.5533%","17.5765%","17.7406%","-","10.4823%","10.698%","10.4933%","-"
"Ecuador","Writing a computer program using a programming language","-","-","-","-","7.03843%","4.7324%","3.46314%","-","1.46297%","1.0183%","0.822308%","-"
"Ecuador","Using software run over the Internet for editing text documents, spreadsheets or presentations","-","-","-","-","-","-","-","-","-","-","-","-"
"Ecuador","Digital content creation","-","-","-","-","-","-","-","-","-","-","-","-"
"Egypt","Using copy and paste tools within a document","6.77021%","9.20694%","40.8319%","-","55.1665%","58.8016%","59.5406%","-","59.5406%","-","-","-"
"Egypt","Using basic arithmetic formula in a spreadsheet","1.50351%","1.84861%","10.8033%","-","13.7036%","18.5856%","15.2271%","-","15.2271%","-","-","-"
"Egypt","Creating electronic presentations with presentation software","0.396262%","0.143455%","6.2761%","-","15.7548%","21.2871%","14.5129%","-","14.5129%","-","-","-"
"Egypt","Writing a computer program using a programming language","1.36924%","0.663873%","3.7388%","-","8.79927%","7.85625%","1.75797%","-","1.75797%","-","-","-"
"Egypt","Using software run over the Internet for editing text documents, spreadsheets or presentations","0.125566%","0.0712503%","0.0919363%","0.938624%","0.817546%","1.05043%","1.8561%","-","3.57398%","-","-","-"
"Egypt","Digital content creation","0.322197%","0.479277%","0.332352%","1.7028%","1.53691%","9.13638%","14.262%","-","14.262%","-","-","-"
"El Salvador","Using copy and paste tools within a document","-","-","-","-","-","-","-","-","-","-","-","-"
"El Salvador","Using basic arithmetic formula in a spreadsheet","-","-","-","-","-","-","-","-","-","-","-","-"
"El Salvador","Creating electronic presentations with presentation software","-","-","-","-","-","-","-","-","-","-","-","-"
"El Salvador","Writing a computer program using a programming language","-","-","-","-","-","-","-","-","-","-","-","-"
"El Salvador","Using software run over the Internet for editing text documents, spreadsheets or presentations","-","-","-","-","-","1.12053%","2.33988%","-","-","-","-","-"
"El Salvador","Digital content creation","-","-","-","-","-","-","-","-","-","-","-","-"
"Estonia","Using copy and paste tools within a document","71.1199%","59.3925%","55.4551%","-","-","61.1238%","-","54.6189%","-","-","-","-"
"Estonia","Using basic arithmetic formula in a spreadsheet","52.0751%","49.5128%","44.3682%","-","-","43.8814%","-","41.4975%","-","-","-","-"
"Estonia","Creating electronic presentations with presentation software","37.8943%","36.9272%","33.7594%","32.4621%","-","-","-","36.164%","-","44.5498%","-","-"
"Estonia","Writing a computer program using a programming language","10.7738%","6.78001%","6.93059%","6.94198%","-","7.38814%","-","5.91342%","-","8.00645%","-","-"
"Estonia","Using software run over the Internet for editing text documents, spreadsheets or presentations","-","-","-","-","-","-","-","-","-","-","-","-"
"Estonia","Digital content creation","25.6416%","37.9096%","29.0212%","78.4527%","-","-","41.2985%","-","-","-","-","-"
"Finland","Using copy and paste tools within a document","72.199%","70.552%","69.1978%","-","-","-","-","-","-","-","-","-"
"Finland","Using basic arithmetic formula in a spreadsheet","57.5913%","47.5972%","47.3534%","46.742%","49.5286%","48.3761%","-","53.0226%","-","48.9495%","-","-"
"Finland","Creating electronic presentations with presentation software","52.2894%","41.7938%","41.6408%","41.6076%","41.2424%","45.0526%","-","49.4113%","-","48.8185%","-","-"
"Finland","Writing a computer program using a programming language","25.1191%","6.92751%","8.28498%","9.34044%","9.96444%","8.84956%","-","8.61995%","-","9.43063%","-","-"
"Finland","Using software run over the Internet for editing text documents, spreadsheets or presentations","-","-","-","-","-","-","-","-","-","-","-","-"
"Finland","Digital content creation","36.0032%","24.9343%","22.9106%","-","-","-","-","-","-","-","-","-"
"France","Using copy and paste tools within a document","-","-","-","-","-","52.6843%","-","63.8065%","-","59.4615%","-","-"
"France","Using basic arithmetic formula in a spreadsheet","-","-","-","-","-","-","-","-","-","18.6801%","-","-"
"France","Creating electronic presentations with presentation software","40.5192%","32.0796%","32.1132%","33.5968%","-","32.5371%","-","44.9963%","-","40.9462%","-","-"
"France","Writing a computer program using a programming language","10.8635%","4.48651%","4.56415%","5.62169%","-","5.74707%","-","5.68281%","-","5.74582%","-","-"
"France","Using software run over the Internet for editing text documents, spreadsheets or presentations","-","-","-","-","-","-","-","-","-","-","-","-"
"France","Digital content creation","-","22.1881%","21.2341%","-","-","-","-","-","-","-","-","-"
"Georgia","Using copy and paste tools within a document","-","-","38.2893%","31.8433%","31.0965%","32.8323%","30.9615%","31.7825%","33.8512%","31.7891%","-","-"
"Georgia","Using basic arithmetic formula in a spreadsheet","-","-","13.5722%","10.2996%","9.38153%","10.859%","10.0395%","9.5358%","9.46697%","8.93321%","-","-"
"Georgia","Creating electronic presentations with presentation software","-","-","12.9193%","8.21351%","8.38853%","11.5532%","9.86713%","9.6733%","10.613%","11.0253%","-","-"
"Georgia","Writing a computer program using a programming language","-","-","1.63018%","0.866762%","0.456034%","1.06964%","0.817572%","1.27211%","1.20535%","1.07948%","-","-"
"Georgia","Using software run over the Internet for editing text documents, spreadsheets or presentations","-","-","-","3.98783%","3.87947%","7.97341%","6.74596%","6.53522%","7.39192%","7.15823%","-","-"
"Georgia","Digital content creation","-","-","-","14.416%","22.5357%","28.7675%","24.1673%","22.2541%","22.7826%","24.8506%","-","-"
"Germany","Using copy and paste tools within a document","73.5788%","61.9842%","56.035%","55.983%","-","57.3305%","-","-","-","-","-","-"
"Germany","Using basic arithmetic formula in a spreadsheet","47.9844%","38.1267%","33.1174%","35.0401%","-","35.3627%","-","34.0424%","-","37.539%","-","-"
"Germany","Creating electronic presentations with presentation software","34.004%","38.9772%","36.3186%","36.6983%","-","36.9813%","-","24.4081%","-","-","-","-"
"Germany","Writing a computer program using a programming language","11.5774%","5.8383%","5.20175%","5.01381%","-","5.42742%","-","4.62818%","-","5.52302%","-","-"
"Germany","Using software run over the Internet for editing text documents, spreadsheets or presentations","-","-","-","-","-","-","-","-","-","-","-","-"
"Germany","Digital content creation","23.2233%","30.0658%","17.5009%","28.0057%","-","32.701%","36.0888%","-","-","-","-","-"
"Greece","Using copy and paste tools within a document","51.8608%","50.7851%","51.8057%","53.434%","-","-","-","56.4652%","-","58.8944%","-","-"
"Greece","Using basic arithmetic formula in a spreadsheet","39.0542%","39.6146%","40.6881%","38.6347%","-","38.2965%","-","36.3331%","-","38.852%","-","-"
"Greece","Creating electronic presentations with presentation software","26.3531%","25.0002%","26.676%","27.6588%","-","29.7748%","-","30.3692%","-","32.3019%","-","-"
"Greece","Writing a computer program using a programming language","9.61988%","9.54096%","8.84555%","5.7493%","-","4.14334%","-","3.27664%","-","3.88825%","-","-"
"Greece","Using software run over the Internet for editing text documents, spreadsheets or presentations","-","-","-","-","-","-","-","-","-","-","-","-"
"Greece","Digital content creation","21.6501%","23.247%","24.1332%","-","-","-","-","-","-","-","-","-"
"Hong Kong, China","Using copy and paste tools within a document","-","-","-","-","52.7101%","53.6932%","56.2783%","58.6267%","58.0407%","63.548%","-","-"
"Hong Kong, China","Using basic arithmetic formula in a spreadsheet","-","-","-","-","33.0108%","36.4936%","35.2235%","40.0799%","44.1338%","46.654%","-","-"
"Hong Kong, China","Creating electronic presentations with presentation software","-","-","-","-","20.438%","28.0991%","22.8943%","30.4487%","33.2985%","33.912%","-","-"
"Hong Kong, China","Writing a computer program using a programming language","-","-","-","-","2.66603%","1.31916%","3.78805%","1.0068%","6.10455%","8.73638%","-","-"
"Hong Kong, China","Using software run over the Internet for editing text documents, spreadsheets or presentations","-","-","-","-","-","-","-","-","-","-","-","-"
"Hong Kong, China","Digital content creation","-","-","-","-","-","-","-","-","-","-","-","-"
"Hungary","Using copy and paste tools within a document","59.001%","50.7083%","52.5837%","-","-","52.1375%","-","-","-","-","-","-"
"Hungary","Using basic arithmetic formula in a spreadsheet","33.7943%","38.2522%","36.9675%","-","-","-","-","-","-","-","-","-"
"Hungary","Creating electronic presentations with presentation software","17.1191%","25.7871%","26.1901%","27.1761%","-","27.2601%","-","25.8728%","-","-","32.7524%","-"
"Hungary","Writing a computer program using a programming language","6.5156%","3.19048%","3.43037%","4.02761%","-","4.08608%","-","4.18521%","-","5.31075%","5.32844%","-"
"Hungary","Using software run over the Internet for editing text documents, spreadsheets or presentations","-","-","-","-","-","-","-","-","-","-","-","-"
"Hungary","Digital content creation","36.769%","43.6647%","37.2015%","41.1631%","-","28.0973%","37.8709%","-","-","-","-","-"
"Iceland","Using copy and paste tools within a document","80.1717%","-","-","82.2521%","-","71.0971%","-","65.0177%","-","-","-","-"
"Iceland","Using basic arithmetic formula in a spreadsheet","69.1036%","-","-","71.2647%","-","70.7814%","-","66.5463%","-","-","-","-"
"Iceland","Creating electronic presentations with presentation software","58.2116%","-","-","54.0589%","-","54.2753%","-","47.8794%","-","-","-","-"
"Iceland","Writing a computer program using a programming language","18.282%","-","-","12.8845%","-","11.8411%","-","9.88255%","-","-","-","-"
"Iceland","Using software run over the Internet for editing text documents, spreadsheets or presentations","-","-","-","-","-","-","-","-","-","-","-","-"
"Iceland","Digital content creation","56.3204%","-","-","-","-","-","-","-","-","-","-","-"
"India","Using copy and paste tools within a document","-","-","-","-","-","-","-","-","-","-","-","62.3%"
"India","Using basic arithmetic formula in a spreadsheet","-","-","-","-","-","-","-","-","-","-","-","-"
"India","Creating electronic presentations with presentation software","-","-","-","-","-","-","-","-","-","-","-","-"
"India","Writing a computer program using a programming language","-","-","-","-","-","-","-","-","-","-","-","-"
"India","Using software run over the Internet for editing text documents, spreadsheets or presentations","-","-","-","-","-","-","-","-","-","-","-","-"
"India","Digital content creation","-","-","-","-","-","-","-","-","-","-","-","-"
"Indonesia","Using copy and paste tools within a document","-","42.057%","59.3328%","59.5582%","-","-","-","-","-","-","-","-"
"Indonesia","Using basic arithmetic formula in a spreadsheet","-","7.73889%","25.0363%","25.1898%","-","-","-","-","-","-","1.1662%","-"
"Indonesia","Creating electronic presentations with presentation software","-","7.73889%","30.0435%","30.2278%","-","-","-","-","-","-","5.17894%","-"
"Indonesia","Writing a computer program using a programming language","-","-","3.50508%","3.52657%","-","-","-","-","-","-","-","-"
"Indonesia","Using software run over the Internet for editing text documents, spreadsheets or presentations","-","-","-","-","-","-","-","-","-","-","-","-"
"Indonesia","Digital content creation","-","-","-","-","-","-","-","-","-","-","-","-"
"Iran (Islamic Republic of)","Using copy and paste tools within a document","-","18.0951%","-","21.187%","-","-","-","16.9972%","-","-","-","-"
"Iran (Islamic Republic of)","Using basic arithmetic formula in a spreadsheet","-","2.20959%","-","7.01367%","-","-","-","3.59115%","-","-","-","-"
"Iran (Islamic Republic of)","Creating electronic presentations with presentation software","-","6.80202%","-","9.14248%","-","-","-","5.377%","-","-","-","-"
"Iran (Islamic Republic of)","Writing a computer program using a programming language","-","1.17915%","-","1.28149%","-","-","-","1.30431%","-","-","-","-"
"Iran (Islamic Republic of)","Using software run over the Internet for editing text documents, spreadsheets or presentations","-","0.783643%","-","0.661802%","-","-","-","0.68772%","-","-","-","-"
"Iran (Islamic Republic of)","Digital content creation","-","2.95785%","-","12.3099%","-","-","-","13.4797%","-","-","-","-"
"Iraq","Using copy and paste tools within a document","24.7%","-","-","-","-","1.4977%","-","-","12.6796%","-","-","-"
"Iraq","Using basic arithmetic formula in a spreadsheet","6.8%","-","-","-","-","0.54396%","-","-","6.22282%","-","-","-"
"Iraq","Creating electronic presentations with presentation software","7.2%","-","-","-","-","0.653491%","-","-","2.66669%","-","-","-"
"Iraq","Writing a computer program using a programming language","4.7%","-","-","-","-","0.23896%","-","-","1.70162%","-","-","-"
"Iraq","Using software run over the Internet for editing text documents, spreadsheets or presentations","-","-","-","-","-","-","-","-","0.764007%","-","-","-"
"Iraq","Digital content creation","-","-","-","-","-","-","-","-","1.43809%","-","-","-"
"Ireland","Using copy and paste tools within a document","54.1762%","41.6976%","-","55.3%","52.9999%","52.0001%","52.9997%","-","-","-","-","-"
"Ireland","Using basic arithmetic formula in a spreadsheet","40.0001%","28.049%","-","41.7%","36%","36.0002%","36%","-","-","-","-","-"
"Ireland","Creating electronic presentations with presentation software","24.3489%","28.7064%","-","39.7%","38.9996%","39%","38.9999%","-","-","-","-","-"
"Ireland","Writing a computer program using a programming language","7.96471%","3.71013%","-","5.80001%","6.00028%","7.00006%","6.99975%","-","-","-","-","-"
"Ireland","Using software run over the Internet for editing text documents, spreadsheets or presentations","-","-","-","-","-","-","-","-","-","-","-","-"
"Ireland","Digital content creation","36.3631%","36.0603%","-","-","-","-","-","-","-","-","-","-"
"Italy","Using copy and paste tools within a document","55.6073%","42.9026%","42.0396%","-","-","-","-","-","-","53.8575%","-","-"
"Italy","Using basic arithmetic formula in a spreadsheet","35.9481%","30.5133%","30.7045%","-","-","-","-","-","-","34.3843%","-","-"
"Italy","Creating electronic presentations with presentation software","25.1241%","31.384%","30.9809%","-","-","-","-","-","-","40.284%","-","-"
"Italy","Writing a computer program using a programming language","8.9111%","4.8453%","4.3462%","-","-","-","-","-","-","6.05692%","-","-"
"Italy","Using software run over the Internet for editing text documents, spreadsheets or presentations","-","-","-","-","-","-","-","-","-","40.284%","-","-"
"Italy","Digital content creation","19.2223%","19.2782%","19.8927%","19.0526%","-","-","24.8518%","-","32.425%","-","-","-"
"Jamaica","Using copy and paste tools within a document","-","16.4207%","13.9708%","14.8535%","13.1347%","14.9903%","-","15.9986%","-","14.5115%","-","-"
"Jamaica","Using basic arithmetic formula in a spreadsheet","-","3.90033%","5.28856%","5.87383%","5.66936%","5.52563%","-","7.11584%","-","7.49897%","-","-"
"Jamaica","Creating electronic presentations with presentation software","-","3.80275%","3.12203%","4.6355%","4.9212%","4.50303%","-","7.091%","-","7.10263%","-","-"
"Jamaica","Writing a computer program using a programming language","-","1.00525%","-","-","-","1.09536%","-","1.45745%","-","-","-","-"
"Jamaica","Using software run over the Internet for editing text documents, spreadsheets or presentations","-","-","4.88431%","4.03501%","-","-","-","5.93141%","-","11.2524%","-","-"
"Jamaica","Digital content creation","-","-","-","-","-","-","-","-","-","-","-","-"
"Japan","Using copy and paste tools within a document","-","-","-","-","58.477%","64.6052%","63.5034%","64.4555%","65.5684%","-","-","-"
"Japan","Using basic arithmetic formula in a spreadsheet","-","-","-","-","48.0786%","52.9257%","50.6389%","50.8699%","51.0329%","-","-","-"
"Japan","Creating electronic presentations with presentation software","-","-","-","-","29.1304%","34.3427%","32.5177%","33.5492%","34.1202%","-","-","-"
"Japan","Writing a computer program using a programming language","-","-","-","0.603497%","3.78603%","-","-","5.55546%","5.78982%","-","-","-"
"Japan","Using software run over the Internet for editing text documents, spreadsheets or presentations","-","-","-","-","-","-","-","-","-","-","-","-"
"Japan","Digital content creation","43.0786%","54.3492%","49.6705%","50.0687%","56.1507%","72.2418%","69.7824%","73.5554%","75.3461%","-","-","-"
"Jordan","Using copy and paste tools within a document","-","-","-","-","-","-","-","-","-","26.6247%","-","-"
"Jordan","Using basic arithmetic formula in a spreadsheet","-","-","-","-","-","-","-","-","-","14.3842%","-","-"
"Jordan","Creating electronic presentations with presentation software","-","-","-","-","-","-","-","-","-","14.8265%","-","-"
"Jordan","Writing a computer program using a programming language","-","-","-","-","-","-","-","-","-","2.6445%","-","-"
"Jordan","Using software run over the Internet for editing text documents, spreadsheets or presentations","-","-","-","-","-","-","-","-","-","3.53165%","-","-"
"Jordan","Digital content creation","-","-","-","-","-","-","-","-","-","9.88815%","-","-"
"Kazakhstan","Using copy and paste tools within a document","-","15.6944%","13.2241%","13.7728%","15.7481%","13.9981%","17.5918%","14.9547%","15.8052%","16.2008%","-","-"
"Kazakhstan","Using basic arithmetic formula in a spreadsheet","-","30.8376%","32.899%","34.4374%","38.916%","39.8883%","41.1426%","39.9373%","39.016%","42.4823%","-","-"
"Kazakhstan","Creating electronic presentations with presentation software","-","15.1731%","16.3089%","18.1723%","18.9269%","19.1802%","21.4713%","23.225%","23.0967%","24.1895%","-","-"
"Kazakhstan","Writing a computer program using a programming language","-","2.65632%","4.29728%","4.80033%","5.88335%","6.31627%","5.55114%","6.40201%","5.05276%","4.87511%","-","-"
"Kazakhstan","Using software run over the Internet for editing text documents, spreadsheets or presentations","-","2.26555%","2.97713%","2.90405%","3.29144%","3.56111%","5.02995%","3.4577%","5.67148%","6.90287%","-","-"
"Kazakhstan","Digital content creation","-","1.7119%","3.12072%","2.16402%","2.68603%","2.33803%","2.79076%","3.58661%","4.26975%","4.34071%","-","-"
"Korea (Rep. of)","Using copy and paste tools within a document","-","-","-","61.8288%","78.8295%","84.9461%","80.163%","97.2808%","82.621%","95.4026%","95.3401%","-"
"Korea (Rep. of)","Using basic arithmetic formula in a spreadsheet","-","55.6719%","60.6062%","43.5761%","43.1311%","44.4299%","49.6703%","53.7353%","52.6265%","57.3757%","61.8968%","-"
"Korea (Rep. of)","Creating electronic presentations with presentation software","-","-","-","35.8535%","36.9045%","38.6965%","42.0161%","46.603%","45.4153%","50.3106%","-","-"
"Korea (Rep. of)","Writing a computer program using a programming language","-","4.79118%","4.36763%","4.8959%","5.56063%","5.86296%","7.0461%","10.2595%","9.74286%","7.51877%","9.23648%","-"
"Korea (Rep. of)","Using software run over the Internet for editing text documents, spreadsheets or presentations","7.8653%","5.81139%","8.66638%","11.556%","11.4699%","8.65686%","12.5528%","13.8303%","13.1609%","18.247%","-","-"
"Korea (Rep. of)","Digital content creation","2.59179%","36.485%","46.5434%","50.3705%","60.7345%","59.8388%","62.3755%","70.5506%","68.6981%","61.8588%","60.3508%","-"
"Kosovo","Using copy and paste tools within a document","-","-","-","25.5804%","-","-","-","-","-","-","-","-"
"Kosovo","Using basic arithmetic formula in a spreadsheet","-","-","-","16.2928%","-","-","-","-","-","-","-","-"
"Kosovo","Creating electronic presentations with presentation software","-","-","-","10.8645%","-","-","-","-","-","-","-","-"
"Kosovo","Writing a computer program using a programming language","-","-","-","7.39084%","-","-","-","-","-","-","-","-"
"Kosovo","Using software run over the Internet for editing text documents, spreadsheets or presentations","-","-","-","-","-","-","-","-","-","-","-","-"
"Kosovo","Digital content creation","-","-","-","-","-","-","-","-","-","-","-","-"
"Kuwait","Using copy and paste tools within a document","-","-","-","60%","-","-","67.6123%","67.6123%","-","58.4333%","-","-"
"Kuwait","Using basic arithmetic formula in a spreadsheet","-","-","-","-","38.3963%","38.3963%","38.3767%","38.3767%","-","41.7562%","-","-"
"Kuwait","Creating electronic presentations with presentation software","-","-","-","-","21.0561%","21.0561%","31.1269%","31.1269%","-","34.0493%","-","-"
"Kuwait","Writing a computer program using a programming language","-","-","-","-","13.3637%","13.3637%","15.2876%","15.2876%","-","15.9191%","-","-"
"Kuwait","Using software run over the Internet for editing text documents, spreadsheets or presentations","-","-","-","-","-","-","-","-","-","-","-","-"
"Kuwait","Digital content creation","-","-","-","63%","-","-","-","-","-","-","-","-"
"Latvia","Using copy and paste tools within a document","61.8959%","53.2619%","-","-","-","48.022%","-","-","-","-","-","-"
"Latvia","Using basic arithmetic formula in a spreadsheet","46.8045%","18.9058%","20.4171%","30.8926%","-","32.1656%","-","33.3038%","-","30.6037%","-","-"
"Latvia","Creating electronic presentations with presentation software","32.7019%","24.0294%","23.9265%","24.0921%","-","23.6546%","-","-","-","-","-","-"
"Latvia","Writing a computer program using a programming language","4.71562%","1.25389%","2.22907%","1.98083%","-","2.53064%","-","4.74993%","-","3.91455%","-","-"
"Latvia","Using software run over the Internet for editing text documents, spreadsheets or presentations","-","-","-","-","-","-","-","-","-","-","-","-"
"Latvia","Digital content creation","28.9238%","31.7821%","28.6968%","31.6453%","-","24.4131%","34.5643%","-","-","-","-","-"
"Lesotho","Using copy and paste tools within a document","-","-","-","-","-","11.8929%","-","-","-","-","-","-"
"Lesotho","Using basic arithmetic formula in a spreadsheet","-","-","-","-","-","4.87661%","-","-","-","-","-","-"
"Lesotho","Creating electronic presentations with presentation software","-","-","-","-","-","5.53567%","-","-","-","-","-","-"
"Lesotho","Writing a computer program using a programming language","-","-","-","-","-","3.30002%","-","-","-","-","-","-"
"Lesotho","Using software run over the Internet for editing text documents, spreadsheets or presentations","-","-","-","-","-","-","-","-","-","-","-","-"
"Lesotho","Digital content creation","-","-","-","-","-","-","-","-","-","-","-","-"
"Lithuania","Using copy and paste tools within a document","64.6335%","46.628%","44.9682%","-","-","58.5113%","-","52.5155%","-","53.3588%","-","-"
"Lithuania","Using basic arithmetic formula in a spreadsheet","49.3228%","40.5412%","38.6636%","40.8765%","41.9411%","42.1606%","-","39.541%","-","37.9664%","-","-"
"Lithuania","Creating electronic presentations with presentation software","34.1961%","31.7268%","28.8367%","30.8079%","31.5565%","31.9938%","-","32.271%","-","31.1024%","-","-"
"Lithuania","Writing a computer program using a programming language","8.66619%","4.27961%","3.98014%","4.46628%","4.58859%","4.65985%","-","5.03981%","-","5.63929%","-","-"
"Lithuania","Using software run over the Internet for editing text documents, spreadsheets or presentations","-","-","-","-","-","-","-","-","-","-","-","-"
"Lithuania","Digital content creation","35.2618%","32.5723%","37.4585%","36.9141%","-","34.1222%","36.5675%","-","-","-","-","-"
"Luxembourg","Using copy and paste tools within a document","83.0765%","82.3715%","-","-","-","-","-","65.2276%","-","62.8936%","-","-"
"Luxembourg","Using basic arithmetic formula in a spreadsheet","62.5654%","64.7319%","68.2954%","68.5361%","-","31.4666%","-","44.5202%","-","42.7946%","-","-"
"Luxembourg","Creating electronic presentations with presentation software","51.3396%","62.6705%","-","56.4096%","-","36.0791%","-","47.4398%","-","-","-","-"
"Luxembourg","Writing a computer program using a programming language","15.1437%","12.8358%","10.9732%","10.7704%","-","6.6317%","-","8.55147%","-","9.20365%","-","-"
"Luxembourg","Using software run over the Internet for editing text documents, spreadsheets or presentations","-","-","-","-","-","-","-","-","-","-","-","-"
"Luxembourg","Digital content creation","26.9239%","46.9303%","-","47.6119%","-","-","-","-","-","-","-","-"
"Macao, China","Using copy and paste tools within a document","-","-","-","-","43.7083%","45.9185%","-","41.9059%","-","-","-","-"
"Macao, China","Using basic arithmetic formula in a spreadsheet","-","-","-","-","34.9221%","38.3643%","-","34.5802%","-","-","-","-"
"Macao, China","Creating electronic presentations with presentation software","-","-","-","-","34.4137%","36.5226%","-","32.2986%","-","-","-","-"
"Macao, China","Writing a computer program using a programming language","-","-","-","-","7.07023%","4.37022%","-","5.1684%","-","-","-","-"
"Macao, China","Using software run over the Internet for editing text documents, spreadsheets or presentations","-","-","-","-","-","-","-","-","-","-","-","-"
"Macao, China","Digital content creation","-","-","-","-","-","-","-","-","-","-","-","-"
"Malawi","Using copy and paste tools within a document","-","-","-","-","-","-","-","-","-","2.11067%","-","-"
"Malawi","Using basic arithmetic formula in a spreadsheet","-","-","-","-","-","-","-","-","-","1.45257%","-","-"
"Malawi","Creating electronic presentations with presentation software","-","-","-","-","-","-","-","-","-","2.76813%","-","-"
"Malawi","Writing a computer program using a programming language","-","-","-","-","-","-","-","-","-","0.464583%","-","-"
"Malawi","Using software run over the Internet for editing text documents, spreadsheets or presentations","-","-","-","-","-","-","-","-","-","-","-","-"
"Malawi","Digital content creation","-","-","-","-","-","-","-","-","-","-","-","-"
"Malaysia","Using copy and paste tools within a document","-","52.9366%","-","55.1985%","57.4114%","58.9841%","70.1416%","77.7558%","77.2447%","77.7328%","78.2445%","-"
"Malaysia","Using basic arithmetic formula in a spreadsheet","-","17.2712%","-","24.7615%","25.9018%","26.6798%","31.4154%","43.8775%","53.7618%","54.3776%","54.936%","-"
"Malaysia","Creating electronic presentations with presentation software","-","12.5253%","-","20.1963%","24.166%","24.9214%","31.0628%","43.3167%","50.4213%","50.8549%","51.413%","-"
"Malaysia","Writing a computer program using a programming language","-","2.29766%","-","7.49194%","7.84681%","8.21611%","11.1131%","16.0811%","18.8207%","19.1784%","19.5923%","-"
"Malaysia","Using software run over the Internet for editing text documents, spreadsheets or presentations","-","6.53586%","-","10.1905%","14.4817%","16.9433%","23.5363%","38.4539%","34.933%","35.4514%","35.9572%","-"
"Malaysia","Digital content creation","-","3.12809%","-","9.45684%","5.33547%","5.41884%","8.2742%","10.2464%","17.1382%","18.0011%","18.7272%","-"
"Malta","Using copy and paste tools within a document","59.9766%","50.386%","-","-","-","52.5797%","54.0887%","52.7158%","-","52.4982%","-","-"
"Malta","Using basic arithmetic formula in a spreadsheet","43.1735%","38.2343%","35.1099%","39.9251%","-","40.5797%","32.8364%","44.8408%","-","46.0517%","-","-"
"Malta","Creating electronic presentations with presentation software","30.4327%","34.2189%","30.3626%","35.1615%","-","35.5868%","37.1196%","39.1472%","-","43.2762%","-","-"
"Malta","Writing a computer program using a programming language","9.7407%","7.27587%","6.63943%","5.68979%","-","7.57574%","5.95155%","8.79306%","-","9.73512%","-","-"
"Malta","Using software run over the Internet for editing text documents, spreadsheets or presentations","-","-","-","-","-","-","-","-","-","-","-","-"
"Malta","Digital content creation","24.1423%","33.8234%","26.7366%","45.6073%","-","32.6975%","40.6649%","-","-","-","-","-"
"Mauritius","Using copy and paste tools within a document","-","-","-","-","-","-","38.1532%","-","-","-","-","-"
"Mauritius","Using basic arithmetic formula in a spreadsheet","-","-","-","-","-","-","27.9233%","-","-","-","-","-"
"Mauritius","Creating electronic presentations with presentation software","-","-","-","-","-","-","17.6822%","-","-","-","-","-"
"Mauritius","Writing a computer program using a programming language","-","-","-","-","-","-","3.17436%","-","-","-","-","-"
"Mauritius","Using software run over the Internet for editing text documents, spreadsheets or presentations","-","-","-","-","-","-","-","-","-","-","-","-"
"Mauritius","Digital content creation","-","-","-","-","-","-","-","-","-","-","-","-"
"Mexico","Using copy and paste tools within a document","-","-","-","32.7125%","33.4913%","31.3672%","29.3723%","29.2325%","29.6891%","29.6611%","-","-"
"Mexico","Using basic arithmetic formula in a spreadsheet","-","-","25.5614%","33.5757%","34.19%","25.6352%","24.0855%","24.5345%","24.6003%","25.2395%","-","-"
"Mexico","Creating electronic presentations with presentation software","-","-","31.0447%","20.0911%","20.6551%","28.528%","26.5364%","26.917%","27.1312%","27.8508%","-","-"
"Mexico","Writing a computer program using a programming language","-","-","-","-","-","6.97639%","6.6716%","6.16797%","6.42279%","6.20277%","-","-"
"Mexico","Using software run over the Internet for editing text documents, spreadsheets or presentations","-","-","-","42.902%","-","-","-","-","-","-","-","-"
"Mexico","Digital content creation","-","-","-","53.6426%","-","-","-","3.30038%","2.99716%","3.20164%","-","-"
"Mongolia","Using copy and paste tools within a document","-","-","-","-","16.89%","14.83%","-","16.3169%","-","-","-","-"
"Mongolia","Using basic arithmetic formula in a spreadsheet","-","-","-","-","13.51%","11.52%","-","20.3664%","-","-","-","-"
"Mongolia","Creating electronic presentations with presentation software","-","-","-","-","9.85998%","8.65%","-","10.9657%","-","-","-","-"
"Mongolia","Writing a computer program using a programming language","-","-","-","-","4.27%","2.80998%","-","2.58432%","-","-","-","-"
"Mongolia","Using software run over the Internet for editing text documents, spreadsheets or presentations","-","-","-","-","-","-","-","-","-","-","-","-"
"Mongolia","Digital content creation","-","-","-","-","-","-","-","-","-","-","-","-"
"Montenegro","Using copy and paste tools within a document","-","-","-","-","-","-","-","-","-","-","54.3283%","-"
"Montenegro","Using basic arithmetic formula in a spreadsheet","-","-","-","-","25.3029%","27.6624%","29.7961%","33.0897%","35.5229%","-","37.1624%","-"
"Montenegro","Creating electronic presentations with presentation software","-","14.9564%","21.6983%","27.9795%","30.1068%","32.5577%","31.3365%","34.4985%","38.6111%","-","38.843%","-"
"Montenegro","Writing a computer program using a programming language","-","1.19622%","1.70635%","2.94093%","3.56127%","4.07241%","5.83967%","6.9722%","7.92286%","-","8.72893%","-"
"Montenegro","Using software run over the Internet for editing text documents, spreadsheets or presentations","-","-","-","-","-","-","-","-","-","-","-","-"
"Montenegro","Digital content creation","-","-","-","-","-","-","-","-","-","-","-","-"
"Morocco","Using copy and paste tools within a document","34.2087%","31.6%","44.2289%","45.89%","48.0842%","54.258%","54.258%","56.5338%","-","-","-","-"
"Morocco","Using basic arithmetic formula in a spreadsheet","15.8174%","13.1%","18.6735%","19.456%","22.3739%","22.2355%","22.2355%","23.6158%","-","-","-","-"
"Morocco","Creating electronic presentations with presentation software","15.7304%","8.9%","16.0826%","18.8943%","18.8526%","18.9134%","18.9134%","20.714%","-","-","-","-"
"Morocco","Writing a computer program using a programming language","12.6793%","1.6%","4.98318%","6.89%","6.75733%","9.5201%","9.5201%","10.0622%","-","-","-","-"
"Morocco","Using software run over the Internet for editing text documents, spreadsheets or presentations","5.79101%","7.07792%","5.24441%","5.81163%","5.57313%","-","-","10.0469%","-","-","-","-"
"Morocco","Digital content creation","6.58586%","1.94072%","5.41922%","6.124%","7.14229%","-","-","12.4264%","-","-","-","-"
"Netherlands","Using copy and paste tools within a document","70.8333%","66.2069%","70.5479%","72.7891%","69.5946%","72.4832%","-","-","-","-","-","-"
"Netherlands","Using basic arithmetic formula in a spreadsheet","43.0556%","47.5862%","50.6849%","51.7007%","49.3243%","53.6913%","-","-","-","-","-","-"
"Netherlands","Creating electronic presentations with presentation software","48.6111%","41.3793%","42.4658%","43.5374%","41.2162%","44.2953%","-","-","-","-","-","-"
"Netherlands","Writing a computer program using a programming language","9.02778%","6.89655%","8.21918%","8.16327%","7.43243%","8.72483%","-","-","-","-","-","-"
"Netherlands","Using software run over the Internet for editing text documents, spreadsheets or presentations","-","-","-","-","-","-","-","-","-","-","-","-"
"Netherlands","Digital content creation","49.0507%","46.5058%","44.5624%","-","-","-","-","-","-","-","-","-"
"Niger","Using copy and paste tools within a document","-","-","-","7.71836%","-","-","-","-","8.01702%","-","-","-"
"Niger","Using basic arithmetic formula in a spreadsheet","-","-","-","1.10214%","-","-","-","-","1.70669%","-","-","-"
"Niger","Creating electronic presentations with presentation software","-","-","-","0.893157%","-","-","-","-","1.33926%","-","-","-"
"Niger","Writing a computer program using a programming language","-","-","-","0.930955%","-","-","-","-","1.21732%","-","-","-"
"Niger","Using software run over the Internet for editing text documents, spreadsheets or presentations","-","-","-","-","-","-","-","-","-","-","-","-"
"Niger","Digital content creation","-","-","-","-","-","-","-","-","-","-","-","-"
"North Macedonia","Using copy and paste tools within a document","49.8322%","35.8953%","31.5993%","-","-","-","-","-","-","-","-","-"
"North Macedonia","Using basic arithmetic formula in a spreadsheet","29.337%","19.141%","21.4392%","-","-","-","-","-","-","-","-","-"
"North Macedonia","Creating electronic presentations with presentation software","15.9553%","22.7074%","21.0559%","-","-","-","-","-","-","-","-","-"
"North Macedonia","Writing a computer program using a programming language","9.90079%","2.05228%","2.87912%","-","-","-","-","-","-","-","-","-"
"North Macedonia","Using software run over the Internet for editing text documents, spreadsheets or presentations","-","-","-","-","-","-","-","-","-","-","-","-"
"North Macedonia","Digital content creation","13.5787%","22.7828%","18.8561%","28.0918%","-","-","-","-","-","-","-","-"
"Norway","Using copy and paste tools within a document","81.7684%","72.521%","67.7678%","69%","-","78%","-","61%","-","61%","-","-"
"Norway","Using basic arithmetic formula in a spreadsheet","64.8215%","56.7956%","53.5551%","55.0226%","-","60%","-","54%","-","56%","-","-"
"Norway","Creating electronic presentations with presentation software","54.2637%","54.5787%","49.4552%","51.1956%","-","49%","-","61%","-","62%","-","-"
"Norway","Writing a computer program using a programming language","18.2181%","10.1513%","10.4691%","11.9285%","-","11%","-","12%","-","13%","-","-"
"Norway","Using software run over the Internet for editing text documents, spreadsheets or presentations","-","-","-","-","-","-","-","-","-","-","-","-"
"Norway","Digital content creation","29.8709%","34.7069%","26.9607%","-","-","-","51%","-","-","-","-","-"
"Oman","Using copy and paste tools within a document","-","-","-","-","-","-","84.4674%","-","-","86.8628%","86.8628%","-"
"Oman","Using basic arithmetic formula in a spreadsheet","-","-","-","-","-","-","25.4964%","-","-","67.2622%","67.2622%","-"
"Oman","Creating electronic presentations with presentation software","-","-","-","-","-","-","23.7395%","-","-","47.4763%","47.4763%","-"
"Oman","Writing a computer program using a programming language","-","-","-","-","-","-","8.03323%","-","-","20.1787%","20.1787%","-"
"Oman","Using software run over the Internet for editing text documents, spreadsheets or presentations","-","-","1.35816%","-","-","-","-","-","-","-","-","-"
"Oman","Digital content creation","-","-","0.115372%","-","-","-","-","-","-","49.6977%","47.3379%","-"
"Pakistan","Using copy and paste tools within a document","-","-","3.98257%","-","-","4.659%","3.94102%","-","-","-","-","-"
"Pakistan","Using basic arithmetic formula in a spreadsheet","-","-","2.08443%","-","-","2.14655%","1.99597%","-","-","-","-","-"
"Pakistan","Creating electronic presentations with presentation software","-","-","1.68012%","-","-","1.4721%","1.58391%","-","-","-","-","-"
"Pakistan","Writing a computer program using a programming language","-","-","1.45187%","-","-","1.44072%","1.50636%","-","-","-","-","-"
"Pakistan","Using software run over the Internet for editing text documents, spreadsheets or presentations","-","-","-","-","-","-","-","-","-","-","-","-"
"Pakistan","Digital content creation","-","-","-","-","-","-","-","-","-","-","-","-"
"Peru","Using copy and paste tools within a document","-","-","-","-","30.8379%","31.1774%","-","-","25.1136%","26.1116%","26.4049%","-"
"Peru","Using basic arithmetic formula in a spreadsheet","-","-","-","-","18.7487%","20.238%","-","-","17.8356%","19.5356%","20.5286%","-"
"Peru","Creating electronic presentations with presentation software","-","-","-","-","19.1035%","20.8713%","-","-","18.0358%","19.7021%","20.9114%","-"
"Peru","Writing a computer program using a programming language","-","-","-","-","3.54488%","3.08749%","-","-","2.82469%","-","-","-"
"Peru","Using software run over the Internet for editing text documents, spreadsheets or presentations","-","-","-","-","-","-","-","-","-","-","-","-"
"Peru","Digital content creation","-","-","-","-","-","-","-","-","-","-","-","-"
"Philippines","Using copy and paste tools within a document","-","-","-","-","-","6.41662%","-","-","-","-","-","-"
"Philippines","Using basic arithmetic formula in a spreadsheet","-","-","-","-","-","2.04437%","-","-","-","-","-","-"
"Philippines","Creating electronic presentations with presentation software","-","-","-","-","-","2.34339%","-","-","-","-","-","-"
"Philippines","Writing a computer program using a programming language","-","-","-","-","-","0.670077%","-","-","-","-","-","-"
"Philippines","Using software run over the Internet for editing text documents, spreadsheets or presentations","-","-","-","-","-","-","-","-","-","-","-","-"
"Philippines","Digital content creation","-","-","-","-","-","-","-","-","-","-","-","-"
"Poland","Using copy and paste tools within a document","50.1623%","34.0465%","-","-","-","-","-","-","-","-","55.826%","-"
"Poland","Using basic arithmetic formula in a spreadsheet","36.0542%","23.7616%","27.8772%","28.0877%","28.85%","27.9002%","28.4414%","28.4312%","29.8979%","31.19%","31.1304%","-"
"Poland","Creating electronic presentations with presentation software","21.6192%","21.2181%","25.1564%","26.8989%","26.8556%","23.5521%","28.0424%","33.9473%","34.2248%","34.8834%","35.9385%","-"
"Poland","Writing a computer program using a programming language","5.56873%","2.1935%","2.60739%","3.21194%","3.31671%","3.46221%","5.32226%","5.26654%","4.53037%","5.37952%","6.46386%","-"
"Poland","Using software run over the Internet for editing text documents, spreadsheets or presentations","-","-","-","-","-","-","-","-","-","-","-","-"
"Poland","Digital content creation","12.4675%","12.4544%","15.3081%","22.3137%","25.6881%","21.0697%","18.1295%","16.9327%","-","-","-","-"
"Portugal","Using copy and paste tools within a document","58.3571%","48.4749%","47.4921%","-","-","49.2167%","-","38.2802%","-","38.4745%","-","-"
"Portugal","Using basic arithmetic formula in a spreadsheet","46.5229%","35.9513%","35.7547%","38.0055%","-","37.1724%","-","37.737%","-","38.313%","-","-"
"Portugal","Creating electronic presentations with presentation software","40.3066%","34.6668%","34.3455%","36.2887%","-","34.564%","-","43.411%","-","43.5309%","-","-"
"Portugal","Writing a computer program using a programming language","7.86493%","6.54202%","6.45333%","7.9849%","-","8.17325%","-","7.21833%","-","9.3624%","-","-"
"Portugal","Using software run over the Internet for editing text documents, spreadsheets or presentations","-","-","-","-","-","-","-","-","0%","0%","-","-"
"Portugal","Digital content creation","37.56%","42.2298%","40.3469%","44.0352%","-","39.4269%","39.6288%","-","0%","0%","-","-"
"Qatar","Using copy and paste tools within a document","-","33.4606%","36.1576%","38.8433%","41.5292%","44.2988%","54.1648%","-","-","-","-","-"
"Qatar","Using basic arithmetic formula in a spreadsheet","-","31.8278%","30.1032%","28.4764%","26.8496%","24.9356%","23.2422%","-","-","-","-","-"
"Qatar","Creating electronic presentations with presentation software","-","26.3631%","25.3628%","24.3735%","23.3838%","22.2023%","21.2085%","-","-","-","-","-"
"Qatar","Writing a computer program using a programming language","-","5.58146%","5.51035%","5.4286%","5.34676%","5.05598%","-","-","-","-","-","-"
"Qatar","Using software run over the Internet for editing text documents, spreadsheets or presentations","-","4.96498%","7.21955%","9.51991%","11.8205%","14.338%","16.6947%","-","-","-","-","-"
"Qatar","Digital content creation","-","12.6294%","10.019%","7.41133%","4.80353%","1.98889%","1.98889%","-","-","-","-","-"
"Romania","Using copy and paste tools within a document","26.5985%","16.706%","20.6434%","22.0477%","-","20.959%","-","34.2018%","-","32.4996%","-","-"
"Romania","Using basic arithmetic formula in a spreadsheet","16.2483%","9.152%","12.6249%","13.7343%","-","5.41866%","-","4.99366%","-","18.5679%","-","-"
"Romania","Creating electronic presentations with presentation software","4.94339%","13.0548%","12.4581%","13.6128%","-","13.9204%","-","24.627%","-","-","-","-"
"Romania","Writing a computer program using a programming language","3.9693%","1.00532%","1.40356%","1.29841%","-","-","-","-","-","1.65375%","-","-"
"Romania","Using software run over the Internet for editing text documents, spreadsheets or presentations","-","-","-","-","-","-","15.4116%","-","-","-","-","-"
"Romania","Digital content creation","13.807%","20.6881%","18.3377%","-","-","-","-","-","-","-","-","-"
"Russian Federation","Using copy and paste tools within a document","-","-","-","22.7%","24.0506%","26.745%","29.6807%","41.356%","44.8278%","38.8465%","39.1603%","-"
"Russian Federation","Using basic arithmetic formula in a spreadsheet","19.5952%","21.7485%","22.8833%","24.5095%","22.3558%","23.6578%","24.5174%","22.9233%","27.6919%","27.1403%","29.3473%","-"
"Russian Federation","Creating electronic presentations with presentation software","6.53715%","7.66004%","8.46288%","9.8196%","8.78894%","9.71211%","9.98571%","10.8405%","13.3256%","14.0432%","13.0257%","-"
"Russian Federation","Writing a computer program using a programming language","1.10289%","0.98173%","1.03793%","1.27797%","1.15205%","1.26746%","0.72382%","0.940351%","1.06799%","1.52622%","1.57279%","-"
"Russian Federation","Using software run over the Internet for editing text documents, spreadsheets or presentations","-","-","-","-","-","-","-","-","-","-","-","-"
"Russian Federation","Digital content creation","16.9242%","20.7459%","22.1061%","24.5616%","28.6382%","27.6219%","26.0156%","24.6461%","24.5605%","24.2031%","6.13762%","-"
"Saudi Arabia","Using copy and paste tools within a document","-","-","-","71.5%","71.1%","67.9151%","90.2%","100%","100%","100%","100%","-"
"Saudi Arabia","Using basic arithmetic formula in a spreadsheet","-","-","-","55%","49.3%","47.2868%","61.2%","75.1%","76%","81.5756%","82%","-"
"Saudi Arabia","Creating electronic presentations with presentation software","-","-","-","35%","48.4%","46.6131%","50.6%","61.7%","61.9319%","62.0902%","62.5%","-"
"Saudi Arabia","Writing a computer program using a programming language","-","-","-","9.7%","14.5%","13.7886%","20.97%","25.2%","26%","31.8307%","32%","-"
"Saudi Arabia","Using software run over the Internet for editing text documents, spreadsheets or presentations","-","-","-","9.17182%","16.8%","19.9182%","-","-","-","-","56%","-"
"Saudi Arabia","Digital content creation","-","-","-","13.6446%","14.3565%","16.8976%","-","-","-","-","-","-"
"Serbia","Using copy and paste tools within a document","44.1524%","33.979%","-","-","-","-","-","60.6794%","-","60.3415%","-","-"
"Serbia","Using basic arithmetic formula in a spreadsheet","28.0552%","25.1009%","29.1786%","24.4812%","-","-","-","23.748%","-","25.5404%","-","-"
"Serbia","Creating electronic presentations with presentation software","15.3861%","16.8038%","24.917%","25.0162%","-","26.8424%","-","-","-","19.7886%","-","-"
"Serbia","Writing a computer program using a programming language","3.71229%","2.66931%","5.47964%","4.12801%","-","4.4992%","-","1.71021%","-","5.00167%","-","-"
"Serbia","Using software run over the Internet for editing text documents, spreadsheets or presentations","-","-","-","-","-","-","-","-","-","-","-","-"
"Serbia","Digital content creation","-","24.8621%","28.905%","31.3123%","-","-","20.8987%","-","-","-","-","-"
"Singapore","Using copy and paste tools within a document","37.714%","40.263%","50.9798%","50.9798%","53.8668%","54.4626%","55.35%","70.2962%","54.3329%","57.2428%","60.311%","-"
"Singapore","Using basic arithmetic formula in a spreadsheet","23.5761%","29.0666%","37.1022%","37.1022%","40.733%","39.6515%","38.8803%","41.1612%","36.1021%","41.2896%","42.6115%","-"
"Singapore","Creating electronic presentations with presentation software","22.7675%","27.0254%","36.1525%","36.1525%","39.664%","38.8053%","38.3737%","42.416%","37.1128%","44.0333%","46.754%","-"
"Singapore","Writing a computer program using a programming language","4.27116%","6.04935%","6.2906%","6.2906%","7.43059%","7.13517%","8.21618%","10.5914%","6.25678%","10.7378%","13.6635%","-"
"Singapore","Using software run over the Internet for editing text documents, spreadsheets or presentations","-","-","-","17.3189%","-","-","-","-","31.3955%","37.6604%","54.8549%","-"
"Singapore","Digital content creation","5.86771%","-","-","19.7587%","-","-","-","-","43.6797%","41.2566%","53.0506%","-"
"Slovakia","Using copy and paste tools within a document","63.2449%","-","-","-","-","60.2596%","-","65.4411%","-","58.7089%","-","-"
"Slovakia","Using basic arithmetic formula in a spreadsheet","48.8503%","35.1105%","39.967%","41.6195%","-","34.6827%","-","40.3547%","-","34.7314%","-","-"
"Slovakia","Creating electronic presentations with presentation software","24.5822%","31.0511%","31.928%","37.5035%","-","30.8357%","-","35.9663%","-","35.6528%","-","-"
"Slovakia","Writing a computer program using a programming language","7.1435%","2.61975%","3.11341%","4.14039%","-","3.69689%","-","4.35885%","-","4.35232%","-","-"
"Slovakia","Using software run over the Internet for editing text documents, spreadsheets or presentations","-","-","-","-","-","-","-","23.7676%","-","21.3742%","-","-"
"Slovakia","Digital content creation","17.6963%","5.87001%","17.3974%","-","-","-","25.6452%","65.4411%","-","58.7089%","-","-"
"Slovenia","Using copy and paste tools within a document","59.5363%","-","-","-","-","59.5142%","-","48.661%","-","50.9546%","-","-"
"Slovenia","Using basic arithmetic formula in a spreadsheet","48.1924%","42.2992%","42.1727%","-","-","44.407%","-","33.2074%","-","32.8859%","-","-"
"Slovenia","Creating electronic presentations with presentation software","36.4733%","32.9858%","30.024%","33.3669%","-","33.3773%","-","38.7807%","-","37.812%","-","-"
"Slovenia","Writing a computer program using a programming language","7.9432%","4.1756%","5.43292%","4.04973%","-","-","-","5.60361%","-","4.87294%","-","-"
"Slovenia","Using software run over the Internet for editing text documents, spreadsheets or presentations","-","-","-","-","-","-","-","-","-","-","-","-"
"Slovenia","Digital content creation","27.053%","27.2723%","24.8696%","28.25%","-","30.0432%","35.146%","-","-","-","-","-"
"South Africa","Using copy and paste tools within a document","-","-","-","-","-","14.788%","-","-","-","-","-","-"
"South Africa","Using basic arithmetic formula in a spreadsheet","-","-","-","-","-","10.36%","-","-","-","-","-","-"
"South Africa","Creating electronic presentations with presentation software","-","-","-","-","-","7.68195%","-","-","-","-","-","-"
"South Africa","Writing a computer program using a programming language","-","-","-","-","-","5.03636%","-","-","-","-","-","-"
"South Africa","Using software run over the Internet for editing text documents, spreadsheets or presentations","-","-","-","-","-","-","-","-","-","-","-","-"
"South Africa","Digital content creation","-","-","-","-","-","-","-","-","-","-","-","-"
"Spain","Using copy and paste tools within a document","63.0257%","52.3737%","-","-","-","-","60.7996%","64.6916%","-","63.7557%","-","-"
"Spain","Using basic arithmetic formula in a spreadsheet","42.4197%","37.8526%","-","35.8194%","-","38.2198%","40.4016%","41.6275%","-","40.6472%","-","-"
"Spain","Creating electronic presentations with presentation software","39.6015%","39.2192%","37.6817%","38.9942%","-","40.632%","42.8052%","47.9429%","-","50.3028%","-","-"
"Spain","Writing a computer program using a programming language","14.2246%","6.01916%","6.38231%","5.92351%","-","6.84801%","7.04044%","7.69847%","-","8.70904%","-","-"
"Spain","Using software run over the Internet for editing text documents, spreadsheets or presentations","-","-","53.8788%","-","-","-","41.2276%","-","-","-","-","-"
"Spain","Digital content creation","35.1197%","32.3876%","30.8965%","35.7226%","-","31.3417%","37.9496%","-","-","-","-","-"
"State of Palestine","Using copy and paste tools within a document","29.4681%","-","-","-","9.56971%","14.8548%","-","-","-","29.2819%","-","-"
"State of Palestine","Using basic arithmetic formula in a spreadsheet","16.9442%","-","-","-","4.85098%","7.61696%","-","-","-","11.214%","-","-"
"State of Palestine","Creating electronic presentations with presentation software","25.0479%","-","-","-","4.5129%","6.02487%","-","-","-","8.90534%","-","-"
"State of Palestine","Writing a computer program using a programming language","-","-","-","-","2.48431%","2.76968%","-","-","-","2.86418%","-","-"
"State of Palestine","Using software run over the Internet for editing text documents, spreadsheets or presentations","-","-","-","-","-","3.31044%","-","-","-","5.99794%","-","-"
"State of Palestine","Digital content creation","-","-","-","-","-","12.3441%","-","-","-","19.1229%","-","-"
"Sudan","Using copy and paste tools within a document","-","-","3.6146%","-","-","-","-","-","-","-","-","-"
"Sudan","Using basic arithmetic formula in a spreadsheet","-","-","1.7732%","-","-","-","-","-","-","-","-","-"
"Sudan","Creating electronic presentations with presentation software","-","-","1.891%","-","-","-","-","-","-","-","-","-"
"Sudan","Writing a computer program using a programming language","-","-","1.5996%","-","-","-","-","-","-","-","-","-"
"Sudan","Using software run over the Internet for editing text documents, spreadsheets or presentations","-","-","-","-","-","-","-","-","-","-","-","-"
"Sudan","Digital content creation","-","-","-","-","-","-","-","-","-","-","-","-"
"Sweden","Using copy and paste tools within a document","76.6392%","68.3597%","60.1072%","63.9018%","-","63.6683%","-","57.7457%","-","57.8191%","-","-"
"Sweden","Using basic arithmetic formula in a spreadsheet","56.6288%","44.7326%","42.7733%","46.0319%","-","46.1452%","-","41.5985%","-","44.4502%","-","-"
"Sweden","Creating electronic presentations with presentation software","56.2653%","34.1556%","32.9654%","43.7359%","-","43.5004%","-","-","-","-","-","-"
"Sweden","Writing a computer program using a programming language","22.4921%","10.3769%","9.27828%","10.4414%","-","10.8561%","-","9.38808%","-","9.31157%","-","-"
"Sweden","Using software run over the Internet for editing text documents, spreadsheets or presentations","-","-","-","-","-","-","-","-","-","63.9087%","-","-"
"Sweden","Digital content creation","42.5033%","37.7769%","29.226%","44.1425%","-","-","37.3183%","-","-","-","-","-"
"Switzerland","Using copy and paste tools within a document","-","-","-","-","-","-","-","-","-","-","-","-"
"Switzerland","Using basic arithmetic formula in a spreadsheet","-","-","-","56.9984%","-","57.2229%","-","49.9032%","-","52.8795%","-","-"
"Switzerland","Creating electronic presentations with presentation software","-","-","-","49.3296%","-","49.0149%","-","40.5611%","-","43.7066%","-","-"
"Switzerland","Writing a computer program using a programming language","6.88935%","-","-","9.31738%","-","9.67268%","-","7.97785%","-","9.60556%","-","-"
"Switzerland","Using software run over the Internet for editing text documents, spreadsheets or presentations","12.8109%","-","-","20.6034%","-","26.0868%","-","32.3276%","-","40.4127%","-","-"
"Switzerland","Digital content creation","7.26798%","-","-","26.1127%","-","37.4032%","-","40.4085%","-","-","-","-"
"Taiwan, Province of China","Using copy and paste tools within a document","-","-","-","-","-","-","-","-","-","-","-","-"
"Taiwan, Province of China","Using basic arithmetic formula in a spreadsheet","-","-","-","-","-","-","-","-","-","-","-","-"
"Taiwan, Province of China","Creating electronic presentations with presentation software","-","-","-","-","-","-","-","-","-","-","-","-"
"Taiwan, Province of China","Writing a computer program using a programming language","-","-","-","-","-","-","-","-","-","-","-","-"
"Taiwan, Province of China","Using software run over the Internet for editing text documents, spreadsheets or presentations","-","-","-","-","-","-","-","-","4.98307%","12.8207%","17.6467%","-"
"Taiwan, Province of China","Digital content creation","-","-","-","-","-","-","-","-","5.00188%","20.9415%","30.962%","-"
"Thailand","Using copy and paste tools within a document","5.14105%","-","-","-","19.7674%","20.8746%","22.6023%","-","-","-","-","-"
"Thailand","Using basic arithmetic formula in a spreadsheet","-","-","-","-","15.0921%","16.2696%","14.7761%","-","-","-","-","-"
"Thailand","Creating electronic presentations with presentation software","27.5942%","-","-","-","8.521%","8.1255%","8.86423%","-","-","-","-","-"
"Thailand","Writing a computer program using a programming language","-","-","-","-","1.09852%","0.885144%","1.01595%","-","-","-","-","-"
"Thailand","Using software run over the Internet for editing text documents, spreadsheets or presentations","-","-","-","-","-","1.37183%","2.28701%","-","-","-","-","-"
"Thailand","Digital content creation","-","-","-","32.6465%","32.3747%","33.3468%","38.5668%","-","-","-","-","-"
"Togo","Using copy and paste tools within a document","-","-","-","3.47511%","-","-","-","-","-","-","-","-"
"Togo","Using basic arithmetic formula in a spreadsheet","-","-","-","1.41014%","-","-","-","-","-","-","-","-"
"Togo","Creating electronic presentations with presentation software","-","-","-","1.02225%","-","-","-","-","-","-","-","-"
"Togo","Writing a computer program using a programming language","-","-","-","0.496828%","-","-","-","-","-","-","-","-"
"Togo","Using software run over the Internet for editing text documents, spreadsheets or presentations","-","-","-","-","-","-","-","-","-","-","-","-"
"Togo","Digital content creation","-","-","-","-","-","-","-","-","-","-","-","-"
"Tunisia","Using copy and paste tools within a document","-","-","-","20.4674%","19.523%","22.6156%","-","-","-","-","-","-"
"Tunisia","Using basic arithmetic formula in a spreadsheet","-","-","-","16.5576%","15.9363%","18.2079%","-","-","-","-","-","-"
"Tunisia","Creating electronic presentations with presentation software","-","-","-","14.728%","14.9301%","16.2402%","-","-","-","-","-","-"
"Tunisia","Writing a computer program using a programming language","-","-","-","14.4231%","14.6652%","16.0858%","-","-","-","-","-","-"
"Tunisia","Using software run over the Internet for editing text documents, spreadsheets or presentations","-","-","-","-","-","-","-","-","-","-","-","-"
"Tunisia","Digital content creation","-","-","-","-","-","-","-","-","-","-","-","-"
"Türkiye","Using copy and paste tools within a document","36.2108%","-","-","-","-","42.3558%","-","28.2041%","-","27.4541%","-","-"
"Türkiye","Using basic arithmetic formula in a spreadsheet","-","-","-","-","-","30.5071%","-","14.162%","-","17.3178%","-","-"
"Türkiye","Creating electronic presentations with presentation software","15.8555%","18.3582%","23.5162%","27.6915%","-","29.3864%","-","16.0547%","-","17.0103%","-","-"
"Türkiye","Writing a computer program using a programming language","3.65488%","1.93889%","2.5334%","2.84279%","-","3.15945%","-","2.50625%","-","2.88867%","-","-"
"Türkiye","Using software run over the Internet for editing text documents, spreadsheets or presentations","-","-","-","-","-","-","-","24.3873%","-","27.7326%","-","-"
"Türkiye","Digital content creation","-","-","27.4088%","39.4258%","-","-","37.1173%","10.133%","12.0392%","13.0281%","-","-"
"Ukraine","Using copy and paste tools within a document","-","-","-","-","-","25.4754%","34.1682%","38.1861%","-","-","-","-"
"Ukraine","Using basic arithmetic formula in a spreadsheet","-","-","-","-","-","4.99467%","9.65069%","11.8415%","-","-","-","-"
"Ukraine","Creating electronic presentations with presentation software","-","-","-","-","-","5.4367%","8.22511%","9.71819%","-","-","-","-"
"Ukraine","Writing a computer program using a programming language","-","-","-","-","-","0.532361%","0.966824%","1.20957%","-","-","-","-"
"Ukraine","Using software run over the Internet for editing text documents, spreadsheets or presentations","-","-","-","-","-","-","-","-","-","-","-","-"
"Ukraine","Digital content creation","-","-","-","-","-","-","-","-","-","-","-","-"
"United Arab Emirates","Using copy and paste tools within a document","-","-","60.6%","63.63%","-","90.843%","100%","100%","100%","100%","100%","-"
"United Arab Emirates","Using basic arithmetic formula in a spreadsheet","-","-","34.5%","36.225%","-","76.002%","79.41%","84.4%","86.088%","87.4604%","90.0842%","-"
"United Arab Emirates","Creating electronic presentations with presentation software","-","-","31.9%","33.495%","37.5%","39.75%","51.53%","56.5%","59.325%","83.1%","85.593%","-"
"United Arab Emirates","Writing a computer program using a programming language","-","-","11.1%","11.655%","16.9%","17.914%","17.4%","22.4%","23.52%","26.0481%","26.8295%","-"
"United Arab Emirates","Using software run over the Internet for editing text documents, spreadsheets or presentations","-","-","-","-","-","-","-","-","59.325%","59.7244%","68.6831%","-"
"United Arab Emirates","Digital content creation","-","-","-","-","-","-","-","-","59.325%","60.3244%","62.7374%","-"
"United Kingdom","Using copy and paste tools within a document","73.3096%","59.8241%","62.1466%","60.7097%","-","-","-","-","-","-","-","-"
"United Kingdom","Using basic arithmetic formula in a spreadsheet","53.4227%","42.7121%","47.3595%","46%","-","46.478%","-","-","-","-","-","-"
"United Kingdom","Creating electronic presentations with presentation software","44.5152%","44.5359%","47.1722%","47.1596%","-","46.3221%","-","-","-","-","-","-"
"United Kingdom","Writing a computer program using a programming language","14.0663%","6.6802%","8.4953%","9.55589%","-","8.87271%","-","-","-","-","-","-"
"United Kingdom","Using software run over the Internet for editing text documents, spreadsheets or presentations","-","-","-","-","-","-","-","-","-","-","-","-"
"United Kingdom","Digital content creation","23.5011%","45.4043%","50.5389%","-","-","-","-","-","-","-","-","-"
"Uruguay","Using copy and paste tools within a document","-","-","-","-","-","-","-","-","63.4375%","-","-","-"
"Uruguay","Using basic arithmetic formula in a spreadsheet","-","-","-","-","-","-","-","-","37.9969%","-","-","-"
"Uruguay","Creating electronic presentations with presentation software","-","-","-","-","-","-","-","-","44.4178%","-","-","-"
"Uruguay","Writing a computer program using a programming language","-","-","-","-","-","-","-","-","9.8033%","-","-","-"
"Uruguay","Using software run over the Internet for editing text documents, spreadsheets or presentations","-","-","-","-","-","-","-","-","43.3869%","-","-","-"
"Uruguay","Digital content creation","-","-","-","-","-","-","-","-","-","-","-","-"
"Uzbekistan","Using copy and paste tools within a document","-","-","-","19.3%","22.4%","22.7%","23.3%","23.6108%","43.9%","45.1029%","-","-"
"Uzbekistan","Using basic arithmetic formula in a spreadsheet","-","-","-","10%","10.5%","11.1%","14%","14.4116%","15.9%","16.1894%","-","-"
"Uzbekistan","Creating electronic presentations with presentation software","-","-","-","5.7%","6.7%","6.8%","7.2%","7.38385%","5.8%","6.3272%","-","-"
"Uzbekistan","Writing a computer program using a programming language","-","-","-","-","-","-","-","1.21407%","1.4%","2.59986%","-","-"
"Uzbekistan","Using software run over the Internet for editing text documents, spreadsheets or presentations","-","-","-","-","-","-","0%","-","0%","-","-","-"
"Uzbekistan","Digital content creation","-","-","-","-","0%","-","0.1%","0.117938%","0.1%","0.190675%","-","-"
"Viet Nam","Using copy and paste tools within a document","-","-","-","-","-","25%","-","26.1%","-","31.48%","9.76%","-"
"Viet Nam","Using basic arithmetic formula in a spreadsheet","-","-","-","-","-","11.2%","-","15.8%","-","17.27%","17.49%","-"
"Viet Nam","Creating electronic presentations with presentation software","-","-","-","-","-","6.7%","-","18.7%","-","17.27%","-","-"
"Viet Nam","Writing a computer program using a programming language","-","-","-","-","-","0.00999959%","-","1.19%","-","1.05%","0.88%","-"
"Viet Nam","Using software run over the Internet for editing text documents, spreadsheets or presentations","-","-","-","-","-","-","-","-","-","-","-","-"
"Viet Nam","Digital content creation","-","-","-","-","-","-","-","-","-","-","-","-"
"Zimbabwe","Using copy and paste tools within a document","3.52469%","-","-","-","-","-","10.2638%","-","-","-","-","-"
"Zimbabwe","Using basic arithmetic formula in a spreadsheet","1.82894%","-","-","-","-","-","4.83621%","-","-","-","-","-"
"Zimbabwe","Creating electronic presentations with presentation software","1.72208%","-","-","-","-","-","3.9004%","-","-","-","-","-"
"Zimbabwe","Writing a computer program using a programming language","0.572004%","-","-","-","-","-","1.42145%","-","-","-","-","-"
"Zimbabwe","Using software run over the Internet for editing text documents, spreadsheets or presentations","0.663354%","-","-","-","-","-","2.4318%","-","-","-","-","-"
"Zimbabwe","Digital content creation","1.50329%","-","-","-","-","-","6.42096%","-","-","-","-","-"