"Economy","Indicator","2014","2015","2016","2017","2018","2019","2020","2021","2022","2023","2024","2025"
"Albania","Sending e-mails with attached files","-","-","-","-","-","-","-","-","-","-","-","-"
"Albania","Making calls using VoIP or messaging app","-","-","-","-","-","63.2635%","69.5133%","77.9753%","81.3909%","82.0427%","-","-"
"Albania","Participating in social networks","-","-","-","-","-","52.133%","54.7983%","60.7158%","64.0024%","66.272%","-","-"
"Albania","Taking part in online consultations or voting to define civic or political issues","-","-","-","-","-","-","-","8.51264%","17.3309%","18.8545%","-","-"
"Algeria","Sending e-mails with attached files","-","-","-","-","16.1477%","-","-","-","-","-","-","-"
"Algeria","Making calls using VoIP or messaging app","-","-","-","-","33.159%","-","-","-","-","-","-","-"
"Algeria","Participating in social networks","-","-","-","-","40.7734%","-","-","-","-","-","-","-"
"Algeria","Taking part in online consultations or voting to define civic or political issues","-","-","-","-","4.93717%","-","-","-","-","-","-","-"
"Australia","Sending e-mails with attached files","-","-","-","-","-","-","-","-","-","-","-","-"
"Australia","Making calls using VoIP or messaging app","-","-","-","-","-","-","-","-","-","-","-","-"
"Australia","Participating in social networks","-","60.9227%","-","69.1551%","-","-","-","-","-","-","-","-"
"Australia","Taking part in online consultations or voting to define civic or political issues","-","-","-","-","-","-","-","-","-","-","-","-"
"Austria","Sending e-mails with attached files","-","-","-","-","-","-","-","-","-","-","-","-"
"Austria","Making calls using VoIP or messaging app","23.4675%","26.245%","26.9272%","37.0905%","39.4725%","-","-","60.5807%","54.8811%","70.1941%","69.1526%","-"
"Austria","Participating in social networks","44.2378%","45.3334%","49.0236%","51.186%","53.1718%","-","59.5393%","57.1109%","61.4677%","63.4172%","64.739%","-"
"Austria","Taking part in online consultations or voting to define civic or political issues","-","7.179%","-","6.647%","-","-","-","13.7932%","13.883%","12.6665%","11.3024%","-"
"Azerbaijan","Sending e-mails with attached files","47.7295%","48.6881%","48.3273%","54.2227%","53.5537%","56.0377%","62.775%","63.84%","65.2%","66.08%","-","-"
"Azerbaijan","Making calls using VoIP or messaging app","-","-","-","4.029%","4.0698%","4.1361%","4.23%","6.966%","7.128%","8.188%","-","-"
"Azerbaijan","Participating in social networks","-","-","-","14.694%","14.8428%","20.7616%","24.3648%","42.226%","50.864%","56.515%","-","-"
"Azerbaijan","Taking part in online consultations or voting to define civic or political issues","-","-","-","2.1172%","2.13864%","2.27079%","2.2419%","2.494%","2.552%","2.581%","-","-"
"Bahrain","Sending e-mails with attached files","-","61%","74%","79.4103%","66.5825%","66.5375%","81.8421%","81.9939%","-","86.8734%","-","-"
"Bahrain","Making calls using VoIP or messaging app","34.9888%","40.9699%","51.1412%","28.4172%","34.2467%","17.0149%","67.1711%","67.1711%","84.4444%","93.2718%","-","-"
"Bahrain","Participating in social networks","61.5768%","69.3144%","91.3634%","92.4156%","28.7519%","38.3284%","70.9211%","70.9211%","56.9369%","83.3773%","-","-"
"Bahrain","Taking part in online consultations or voting to define civic or political issues","10.1329%","13.378%","9.37696%","7.9998%","51.7333%","20.7761%","12.8289%","12.8289%","14.3544%","41.9525%","-","-"
"Bangladesh","Sending e-mails with attached files","-","-","-","-","-","-","-","32.6976%","-","35.4982%","-","-"
"Bangladesh","Making calls using VoIP or messaging app","-","-","-","-","-","-","-","32.9592%","-","34.0665%","-","-"
"Bangladesh","Participating in social networks","-","-","-","-","-","-","-","32.4141%","-","33.4514%","-","-"
"Bangladesh","Taking part in online consultations or voting to define civic or political issues","-","-","-","-","-","-","-","0.297508%","-","1.62128%","-","-"
"Belarus","Sending e-mails with attached files","-","-","-","-","33.9907%","37.323%","34.2696%","32.2303%","36.2415%","36.9225%","86.7895%","-"
"Belarus","Making calls using VoIP or messaging app","-","-","-","-","-","-","-","68.0264%","78.1125%","80.0918%","88.9976%","-"
"Belarus","Participating in social networks","-","-","-","-","-","-","71.0226%","72.1779%","76.3427%","79.4748%","82.1821%","-"
"Belarus","Taking part in online consultations or voting to define civic or political issues","-","-","-","-","-","-","-","-","-","-","-","-"
"Belgium","Sending e-mails with attached files","74.7774%","74.9919%","-","-","-","-","-","-","-","65.9566%","-","-"
"Belgium","Making calls using VoIP or messaging app","35.8235%","35.7819%","32.4847%","35.484%","-","57.9997%","67.5017%","71.7817%","74.5972%","72.7233%","-","-"
"Belgium","Participating in social networks","52.4336%","66.7183%","69.3078%","72.023%","-","75.5255%","78.9045%","62.78%","67.837%","68.4765%","-","-"
"Belgium","Taking part in online consultations or voting to define civic or political issues","-","4.853%","-","5.48177%","-","21.4445%","-","4.9501%","6.24221%","5.95913%","-","-"
"Bhutan","Sending e-mails with attached files","-","-","-","-","-","-","-","12.0711%","-","-","-","-"
"Bhutan","Making calls using VoIP or messaging app","-","-","-","-","-","-","-","83.0644%","-","-","-","-"
"Bhutan","Participating in social networks","-","-","-","-","-","-","-","-","-","-","-","-"
"Bhutan","Taking part in online consultations or voting to define civic or political issues","-","-","-","-","-","-","-","0.672989%","-","-","-","-"
"Bosnia and Herzegovina","Sending e-mails with attached files","-","-","-","-","-","30.096%","-","31.7418%","39.2701%","42.6105%","40.0469%","-"
"Bosnia and Herzegovina","Making calls using VoIP or messaging app","-","-","-","53.4271%","56.3069%","60.2188%","66.3584%","70.077%","73.8223%","78.6793%","83.0966%","-"
"Bosnia and Herzegovina","Participating in social networks","-","-","-","46.9143%","46.0873%","45.8364%","50.0396%","49.652%","55.7039%","57.74%","65.458%","-"
"Bosnia and Herzegovina","Taking part in online consultations or voting to define civic or political issues","-","-","-","1.34347%","-","3.76132%","-","3.15913%","4.43213%","4.35918%","5.6947%","-"
"Botswana","Sending e-mails with attached files","19.9221%","-","-","-","-","-","-","-","-","-","-","-"
"Botswana","Making calls using VoIP or messaging app","3.55955%","-","-","-","-","-","-","-","-","-","-","-"
"Botswana","Participating in social networks","28.7926%","-","-","-","-","-","-","-","-","-","-","-"
"Botswana","Taking part in online consultations or voting to define civic or political issues","1.77025%","-","-","-","-","-","-","-","-","-","-","-"
"Brazil","Sending e-mails with attached files","24.7823%","23.8647%","22.2365%","21.4395%","20.4728%","21.0899%","25.4958%","21.3536%","29.4682%","31.3331%","28.7056%","-"
"Brazil","Making calls using VoIP or messaging app","14.1192%","-","36.6995%","44.9343%","49.3482%","54.2336%","64.7192%","65.9496%","62.247%","67.9368%","69.4249%","-"
"Brazil","Participating in social networks","41.4571%","-","47.7742%","51.7158%","52.9664%","56.02%","58.8147%","65.409%","64.8127%","67.3986%","68.2632%","-"
"Brazil","Taking part in online consultations or voting to define civic or political issues","-","-","-","-","-","-","-","6.76998%","-","7.86043%","-","-"
"Brunei Darussalam","Sending e-mails with attached files","-","-","70%","-","59.5348%","56.4835%","-","-","96.718%","-","-","-"
"Brunei Darussalam","Making calls using VoIP or messaging app","-","-","-","-","-","-","-","-","31%","-","-","-"
"Brunei Darussalam","Participating in social networks","-","-","82.7999%","-","-","-","-","-","77.2201%","-","-","-"
"Brunei Darussalam","Taking part in online consultations or voting to define civic or political issues","-","-","-","-","-","-","-","-","-","-","-","-"
"Bulgaria","Sending e-mails with attached files","-","-","-","-","-","-","-","-","-","-","-","-"
"Bulgaria","Making calls using VoIP or messaging app","45.5874%","-","47.7911%","54.0434%","53.9005%","57.5202%","58.5282%","63.4247%","67.3198%","69.04%","71.3756%","-"
"Bulgaria","Participating in social networks","39.5657%","-","45.1047%","49.9462%","51.3617%","52.853%","54.7433%","60.0474%","63.4189%","64.2002%","64.9934%","-"
"Bulgaria","Taking part in online consultations or voting to define civic or political issues","-","2.97974%","-","2.59731%","-","3.54382%","-","4.01111%","7.57633%","6.83558%","8.73227%","-"
"Burundi","Sending e-mails with attached files","0.0138251%","-","-","1.93125%","-","-","-","-","-","-","-","-"
"Burundi","Making calls using VoIP or messaging app","-","-","-","-","-","-","-","-","-","-","-","-"
"Burundi","Participating in social networks","-","-","-","-","-","-","-","-","-","-","-","-"
"Burundi","Taking part in online consultations or voting to define civic or political issues","-","-","-","-","-","-","-","-","-","-","-","-"
"Cabo Verde","Sending e-mails with attached files","-","-","-","-","-","13.0507%","-","-","-","-","-","-"
"Cabo Verde","Making calls using VoIP or messaging app","-","-","-","-","-","-","-","-","-","-","-","-"
"Cabo Verde","Participating in social networks","-","-","-","-","-","-","-","-","-","-","-","-"
"Cabo Verde","Taking part in online consultations or voting to define civic or political issues","-","-","-","-","-","-","-","-","-","-","-","-"
"Cambodia","Sending e-mails with attached files","-","-","-","38.1061%","-","-","-","-","-","-","-","-"
"Cambodia","Making calls using VoIP or messaging app","-","-","-","-","-","-","-","-","-","-","-","-"
"Cambodia","Participating in social networks","-","-","-","-","-","-","-","-","-","-","-","-"
"Cambodia","Taking part in online consultations or voting to define civic or political issues","-","-","-","-","-","-","-","-","-","-","-","-"
"Canada","Sending e-mails with attached files","-","-","-","-","-","-","-","-","92%","-","-","-"
"Canada","Making calls using VoIP or messaging app","-","-","-","-","-","-","-","-","65%","-","-","-"
"Canada","Participating in social networks","-","-","-","-","-","-","-","-","74%","-","-","-"
"Canada","Taking part in online consultations or voting to define civic or political issues","-","-","-","-","-","-","-","-","8%","-","-","-"
"Chile","Sending e-mails with attached files","-","-","-","-","-","-","-","-","-","65.0037%","-","-"
"Chile","Making calls using VoIP or messaging app","-","-","-","-","-","-","-","-","-","76.0732%","-","-"
"Chile","Participating in social networks","-","-","-","-","-","-","-","-","-","68.2344%","-","-"
"Chile","Taking part in online consultations or voting to define civic or political issues","-","-","-","-","-","-","-","-","-","9.96012%","-","-"
"China","Sending e-mails with attached files","-","-","-","-","-","-","-","-","-","-","-","-"
"China","Making calls using VoIP or messaging app","-","-","-","-","-","-","-","-","-","-","-","-"
"China","Participating in social networks","-","-","-","-","-","-","69.4949%","71.2629%","73.5308%","-","-","-"
"China","Taking part in online consultations or voting to define civic or political issues","-","-","-","-","-","-","-","-","-","-","-","-"
"Colombia","Sending e-mails with attached files","-","-","37.2765%","37.4259%","34.5739%","31.463%","29.8931%","27.8929%","38.9618%","42.1133%","-","-"
"Colombia","Making calls using VoIP or messaging app","30.3052%","30.8106%","38.5809%","42.1245%","34.6786%","-","-","-","-","35.0123%","-","-"
"Colombia","Participating in social networks","33.2489%","37.851%","43.8193%","50.7487%","52.7224%","-","56.7172%","60.1355%","61.3778%","64.0556%","-","-"
"Colombia","Taking part in online consultations or voting to define civic or political issues","-","-","-","-","-","-","-","-","-","-","-","-"
"Croatia","Sending e-mails with attached files","-","52.726%","57.5107%","-","-","-","-","-","-","-","-","-"
"Croatia","Making calls using VoIP or messaging app","26.0329%","29.5308%","32.8776%","42.4686%","52.1904%","47.5314%","57.2594%","61.86%","63.2975%","57.2598%","63.0469%","-"
"Croatia","Participating in social networks","40.4403%","44.5968%","50.3851%","47.2503%","53.931%","57.8792%","57.1703%","60.8882%","60.1397%","62.6036%","60.9968%","-"
"Croatia","Taking part in online consultations or voting to define civic or political issues","-","8.65339%","-","7.32697%","-","10.2719%","-","8.40178%","8.97874%","7.70719%","11.8727%","-"
"Cuba","Sending e-mails with attached files","-","-","-","23.4091%","28.8691%","32.2549%","33.7353%","-","-","-","-","-"
"Cuba","Making calls using VoIP or messaging app","-","-","-","1.84513%","-","4.93861%","-","-","-","-","-","-"
"Cuba","Participating in social networks","-","11.5548%","13.803%","14.5293%","32.6769%","43.3932%","-","-","-","-","-","-"
"Cuba","Taking part in online consultations or voting to define civic or political issues","-","-","-","-","-","-","-","-","-","-","-","-"
"Curacao","Sending e-mails with attached files","-","-","-","34.9975%","-","-","-","-","-","-","-","-"
"Curacao","Making calls using VoIP or messaging app","-","-","-","-","-","-","-","-","-","-","-","-"
"Curacao","Participating in social networks","-","-","-","-","-","-","-","-","-","-","-","-"
"Curacao","Taking part in online consultations or voting to define civic or political issues","-","-","-","-","-","-","-","-","-","-","-","-"
"Cyprus","Sending e-mails with attached files","-","-","-","-","-","-","-","-","-","-","-","-"
"Cyprus","Making calls using VoIP or messaging app","41.0561%","44.6774%","54.4832%","-","62.8465%","72.272%","85.3592%","85.4677%","81.9041%","87.0266%","-","-"
"Cyprus","Participating in social networks","50.1041%","54.0385%","59.9658%","-","68.9589%","71.7163%","78.1849%","78.6202%","77.9131%","82.561%","-","-"
"Cyprus","Taking part in online consultations or voting to define civic or political issues","-","2.10688%","-","-","-","4.17196%","-","2.19885%","3.77081%","2.16092%","-","-"
"Czech Republic","Sending e-mails with attached files","-","-","-","-","-","-","-","-","-","-","-","-"
"Czech Republic","Making calls using VoIP or messaging app","33.7188%","30.4931%","30.6609%","32.9257%","39.2282%","41.6842%","47.6349%","53.703%","56.2264%","59.7872%","64.5046%","-"
"Czech Republic","Participating in social networks","37.2342%","37.8271%","41.402%","44.2213%","51.0429%","53.9608%","53.7918%","56.2883%","58.2189%","61.7545%","63.2826%","-"
"Czech Republic","Taking part in online consultations or voting to define civic or political issues","-","4.55723%","-","2.33512%","-","5.48453%","-","5.55774%","7.73232%","7.43511%","8.04816%","-"
"Côte d'Ivoire","Sending e-mails with attached files","-","9.72632%","14.1905%","18.4357%","19.2291%","19.9244%","-","-","14.847%","12.5353%","-","-"
"Côte d'Ivoire","Making calls using VoIP or messaging app","-","-","-","-","-","20.4113%","-","-","31.0871%","7.06182%","-","-"
"Côte d'Ivoire","Participating in social networks","-","-","-","-","-","34.6305%","-","-","25.0201%","36.8889%","-","-"
"Côte d'Ivoire","Taking part in online consultations or voting to define civic or political issues","-","-","-","-","-","0.297192%","-","-","1.38839%","0.547699%","-","-"
"Denmark","Sending e-mails with attached files","-","-","-","-","-","-","-","88.1863%","-","-","-","-"
"Denmark","Making calls using VoIP or messaging app","47.399%","44.2335%","58.0926%","60.0729%","67.3782%","-","65.0664%","72.5561%","72.6982%","78.8785%","80.0657%","-"
"Denmark","Participating in social networks","66.4924%","64.8605%","74.3667%","75.4951%","78.6439%","-","80.0818%","85.394%","84.6992%","90.9712%","90.0118%","-"
"Denmark","Taking part in online consultations or voting to define civic or political issues","-","13.2198%","-","13.517%","-","-","-","12.3419%","12.8739%","12.0156%","12.9758%","-"
"Djibouti","Sending e-mails with attached files","-","-","-","15.2993%","-","-","-","-","-","-","-","-"
"Djibouti","Making calls using VoIP or messaging app","-","-","-","-","-","-","-","-","-","-","-","-"
"Djibouti","Participating in social networks","-","-","-","-","-","-","-","-","-","-","-","-"
"Djibouti","Taking part in online consultations or voting to define civic or political issues","-","-","-","-","-","-","-","-","-","-","-","-"
"Dominican Rep.","Sending e-mails with attached files","-","25.9239%","-","-","-","-","-","-","17.7992%","-","-","-"
"Dominican Rep.","Making calls using VoIP or messaging app","-","-","-","-","-","-","-","-","77.6046%","-","-","-"
"Dominican Rep.","Participating in social networks","-","-","-","-","-","-","-","-","61.7932%","-","-","-"
"Dominican Rep.","Taking part in online consultations or voting to define civic or political issues","-","-","-","-","-","-","-","-","-","-","-","-"
"Ecuador","Sending e-mails with attached files","-","-","-","-","29.7768%","26.3338%","23.4276%","-","18.6322%","17.3761%","18.6076%","-"
"Ecuador","Making calls using VoIP or messaging app","-","-","-","-","-","-","-","-","-","61.6522%","65.468%","-"
"Ecuador","Participating in social networks","-","-","-","-","-","-","-","-","-","-","-","-"
"Ecuador","Taking part in online consultations or voting to define civic or political issues","-","-","-","-","-","-","-","-","-","-","-","-"
"Egypt","Sending e-mails with attached files","3.58031%","4.01468%","22.3793%","-","35.5886%","44.6152%","60.7854%","-","60.4898%","-","-","-"
"Egypt","Making calls using VoIP or messaging app","12.6319%","15.3809%","17.749%","15.0253%","21.2815%","27.2691%","35.9736%","-","49.5455%","-","-","-"
"Egypt","Participating in social networks","22.8455%","26.7673%","0.286717%","38.2892%","42.4818%","51.9935%","66.1941%","-","67.3085%","-","-","-"
"Egypt","Taking part in online consultations or voting to define civic or political issues","0.42678%","0.214718%","0.261508%","0.754088%","1.26325%","0.330165%","0.767325%","-","2.86614%","-","-","-"
"El Salvador","Sending e-mails with attached files","-","-","-","-","-","-","-","-","-","-","-","-"
"El Salvador","Making calls using VoIP or messaging app","0.0256705%","-","-","0.0374938%","-","0.111971%","0.234093%","-","-","-","-","-"
"El Salvador","Participating in social networks","0.00537071%","-","-","-","-","-","-","-","-","-","-","-"
"El Salvador","Taking part in online consultations or voting to define civic or political issues","-","-","-","-","-","-","-","-","-","-","-","-"
"Estonia","Sending e-mails with attached files","-","-","-","-","-","-","-","-","-","-","82.7797%","-"
"Estonia","Making calls using VoIP or messaging app","42.7068%","40.8107%","41.3134%","58.7245%","44.1794%","53.153%","63.1197%","63.3492%","61.2306%","65.7659%","63.402%","-"
"Estonia","Participating in social networks","50.6386%","55.8313%","57.4501%","64.9242%","62.0719%","65.1405%","65.1939%","67.326%","66.091%","68.4885%","68.417%","-"
"Estonia","Taking part in online consultations or voting to define civic or political issues","-","11.3159%","-","15.0863%","-","25.9834%","-","10.3977%","14.8811%","26.5907%","13.7809%","-"
"Finland","Sending e-mails with attached files","-","-","-","-","-","-","-","-","-","-","-","-"
"Finland","Making calls using VoIP or messaging app","26.232%","25.003%","29.5213%","-","-","-","71.5043%","66.554%","68.4521%","68.4694%","-","-"
"Finland","Participating in social networks","52.0394%","54.4817%","57.5777%","-","-","-","68.9231%","69.8563%","69.6958%","73.1748%","-","-"
"Finland","Taking part in online consultations or voting to define civic or political issues","-","13.6325%","-","-","-","-","-","19.0301%","17.4275%","15.0289%","-","-"
"France","Sending e-mails with attached files","-","-","-","-","-","-","-","-","-","-","-","-"
"France","Making calls using VoIP or messaging app","-","23.4179%","26.1603%","-","28.1615%","43.5905%","-","59.4434%","56.9916%","61.8243%","61.6291%","-"
"France","Participating in social networks","38.5306%","34.4165%","36.3431%","-","38.3055%","38.7711%","-","41.1791%","40.505%","40.058%","38.5197%","-"
"France","Taking part in online consultations or voting to define civic or political issues","-","5.45676%","-","-","-","8.33126%","-","8.50187%","8.23137%","7.78422%","7.49007%","-"
"Georgia","Sending e-mails with attached files","-","-","28.4184%","25.6055%","28.6941%","31.897%","32.2325%","51.5846%","35.2688%","37.6708%","-","-"
"Georgia","Making calls using VoIP or messaging app","-","-","28.1219%","36.8243%","48.4707%","58.9037%","62.4338%","72.4201%","71.812%","77.1806%","-","-"
"Georgia","Participating in social networks","-","-","47.2448%","47.5954%","58.8384%","66.1106%","69.0178%","72.8682%","75.4668%","78.2767%","-","-"
"Georgia","Taking part in online consultations or voting to define civic or political issues","-","-","2.24118%","2.55401%","2.39887%","4.01227%","2.58572%","2.37234%","2.60873%","1.89429%","-","-"
"Germany","Sending e-mails with attached files","-","-","75.6265%","75.7594%","77.0883%","78.7578%","-","79.5658%","-","-","-","-"
"Germany","Making calls using VoIP or messaging app","23.744%","26.7972%","23.7067%","45.4799%","-","51.6261%","61.2034%","56.1049%","58.5422%","63.8283%","76.1036%","-"
"Germany","Participating in social networks","42.3339%","56.9576%","42.5832%","46.0578%","-","47.7322%","49.191%","46.5984%","47.7304%","48.6112%","58.0233%","-"
"Germany","Taking part in online consultations or voting to define civic or political issues","-","13.0717%","-","10.6971%","-","14.7447%","-","6.01198%","4.36894%","6.3265%","10.8774%","-"
"Greece","Sending e-mails with attached files","-","-","-","52.5666%","54.3772%","65.9571%","67.828%","71.3345%","76.2718%","76.7868%","-","-"
"Greece","Making calls using VoIP or messaging app","28.4646%","29.3914%","32.0937%","-","-","-","56.5166%","65.2713%","70.1723%","71.5219%","73.8467%","-"
"Greece","Participating in social networks","40.6543%","43.9074%","46.6536%","-","-","-","59.4061%","62.0512%","67.0344%","68.0956%","68.3786%","-"
"Greece","Taking part in online consultations or voting to define civic or political issues","-","5.1224%","-","-","-","-","-","3.4436%","5.06177%","3.62759%","9.27127%","-"
"Hong Kong, China","Sending e-mails with attached files","-","-","-","-","55.8769%","57.2262%","56.6994%","57.8275%","60.6296%","66.0245%","-","-"
"Hong Kong, China","Making calls using VoIP or messaging app","-","-","-","-","-","-","-","-","-","-","-","-"
"Hong Kong, China","Participating in social networks","72.4052%","-","84.3755%","-","89.0345%","-","91.508%","-","94.2911%","-","-","-"
"Hong Kong, China","Taking part in online consultations or voting to define civic or political issues","-","-","-","-","-","-","-","-","-","-","-","-"
"Hungary","Sending e-mails with attached files","-","-","-","-","-","-","-","-","-","-","-","-"
"Hungary","Making calls using VoIP or messaging app","39.8532%","41.0896%","43.7707%","45.4707%","45.2675%","60.6571%","67.8994%","74.609%","74.26%","79.9685%","76.1568%","-"
"Hungary","Participating in social networks","60.0247%","62.63%","67.6113%","64.5685%","65.3164%","68.857%","73.9882%","77.2365%","78.5353%","81.3206%","81.0085%","-"
"Hungary","Taking part in online consultations or voting to define civic or political issues","-","2.50392%","-","-","-","5.00198%","-","20.7801%","23.3707%","29.951%","19.0027%","-"
"Iceland","Sending e-mails with attached files","-","-","-","-","-","-","-","-","-","-","-","-"
"Iceland","Making calls using VoIP or messaging app","50.1585%","-","-","-","-","-","-","-","-","-","-","-"
"Iceland","Participating in social networks","82.7303%","-","-","-","-","-","-","-","-","-","-","-"
"Iceland","Taking part in online consultations or voting to define civic or political issues","-","-","-","-","-","-","-","-","-","-","-","-"
"India","Sending e-mails with attached files","-","-","-","-","-","-","-","-","-","-","-","63.6%"
"India","Making calls using VoIP or messaging app","-","-","-","-","-","-","-","-","-","-","-","-"
"India","Participating in social networks","-","-","-","-","-","-","-","-","-","-","-","-"
"India","Taking part in online consultations or voting to define civic or political issues","-","-","-","-","-","-","-","-","-","-","-","-"
"Indonesia","Sending e-mails with attached files","-","6.13393%","24.1223%","26.1906%","-","-","-","-","-","-","9.37859%","-"
"Indonesia","Making calls using VoIP or messaging app","-","-","-","-","-","-","-","-","-","-","-","-"
"Indonesia","Participating in social networks","-","18.1015%","21.8433%","25.5871%","-","41.5856%","47.8708%","55.2667%","49.213%","52.6276%","56.454%","-"
"Indonesia","Taking part in online consultations or voting to define civic or political issues","-","-","-","-","-","-","-","-","-","-","-","-"
"Iran (Islamic Republic of)","Sending e-mails with attached files","-","19.7784%","-","11.2305%","-","-","-","10.6902%","-","-","-","-"
"Iran (Islamic Republic of)","Making calls using VoIP or messaging app","-","5.26507%","-","12.6004%","-","-","-","60.0997%","-","-","-","-"
"Iran (Islamic Republic of)","Participating in social networks","-","30.1509%","-","34.1265%","-","-","-","67.856%","-","-","-","-"
"Iran (Islamic Republic of)","Taking part in online consultations or voting to define civic or political issues","-","0.460168%","-","0.700387%","-","-","-","1.36724%","-","-","-","-"
"Iraq","Sending e-mails with attached files","37.6%","-","-","-","-","1.15973%","-","-","8.19148%","-","-","-"
"Iraq","Making calls using VoIP or messaging app","-","-","-","-","-","-","-","-","56.2796%","-","-","-"
"Iraq","Participating in social networks","-","-","-","-","-","-","-","-","40.9536%","-","-","-"
"Iraq","Taking part in online consultations or voting to define civic or political issues","-","-","-","-","-","-","-","-","0.800838%","-","-","-"
"Ireland","Sending e-mails with attached files","-","-","-","-","84.0003%","84.0001%","85.9999%","-","-","-","-","-"
"Ireland","Making calls using VoIP or messaging app","29.9761%","30.0613%","-","-","-","-","-","-","-","-","-","-"
"Ireland","Participating in social networks","52.8411%","54.7618%","-","-","-","-","-","-","-","-","-","-"
"Ireland","Taking part in online consultations or voting to define civic or political issues","-","3.45026%","-","-","-","-","-","-","-","-","-","-"
"Israel","Sending e-mails with attached files","-","-","-","-","-","-","-","-","-","-","-","-"
"Israel","Making calls using VoIP or messaging app","34.8447%","34.9283%","35.7242%","-","40.5836%","46.6078%","58.2822%","58.9453%","63.2292%","65.6478%","69.542%","-"
"Israel","Participating in social networks","-","-","-","-","76.3346%","80.2512%","85.6915%","71.6452%","72.4052%","67.3778%","68.2265%","-"
"Israel","Taking part in online consultations or voting to define civic or political issues","-","-","-","-","-","-","-","-","-","-","-","-"
"Italy","Sending e-mails with attached files","-","-","-","-","-","-","-","-","-","-","-","-"
"Italy","Making calls using VoIP or messaging app","21.3365%","19.9362%","21.0526%","23.8111%","-","-","57.8746%","-","79.8331%","68.4245%","-","-"
"Italy","Participating in social networks","32.5127%","33.7395%","36.9854%","36.5839%","-","-","41.484%","-","53.1735%","53.2281%","-","-"
"Italy","Taking part in online consultations or voting to define civic or political issues","-","5.18962%","-","4.89043%","-","-","6.92203%","-","10.4763%","9.77281%","-","-"
"Jamaica","Sending e-mails with attached files","-","17.613%","15.322%","15.511%","14.6674%","15.6834%","-","23.6025%","-","22.5927%","-","-"
"Jamaica","Making calls using VoIP or messaging app","-","-","-","42.0918%","-","-","-","69.7164%","-","79.9392%","-","-"
"Jamaica","Participating in social networks","-","-","-","40.303%","-","-","-","56.2756%","-","59.8558%","-","-"
"Jamaica","Taking part in online consultations or voting to define civic or political issues","-","-","-","-","-","-","-","-","-","-","-","-"
"Japan","Sending e-mails with attached files","-","-","-","-","68.0137%","71.4522%","70.6808%","70.9125%","72.4178%","-","-","-"
"Japan","Making calls using VoIP or messaging app","20.2594%","25.3731%","37.1974%","41.3416%","39.1168%","49.6193%","-","-","-","-","-","-"
"Japan","Participating in social networks","51.17%","58.7183%","61.1883%","62.2802%","46.7267%","61.88%","62.0885%","66.5673%","69.0745%","-","-","-"
"Japan","Taking part in online consultations or voting to define civic or political issues","-","-","-","-","-","-","-","-","-","-","-","-"
"Jordan","Sending e-mails with attached files","-","-","-","-","-","-","-","-","-","16.8899%","-","-"
"Jordan","Making calls using VoIP or messaging app","-","-","-","-","-","-","-","-","47.603%","64.9665%","-","-"
"Jordan","Participating in social networks","-","-","-","-","-","-","-","-","86.7895%","81.363%","-","-"
"Jordan","Taking part in online consultations or voting to define civic or political issues","-","-","-","-","-","-","-","-","-","-","-","-"
"Kazakhstan","Sending e-mails with attached files","-","42.2975%","43.8245%","47.4534%","47.8289%","51.7093%","54.7277%","50.6302%","48.9978%","49.4446%","-","-"
"Kazakhstan","Making calls using VoIP or messaging app","-","13.2031%","14.3682%","13.3726%","15.4435%","17.0021%","20.8436%","20.681%","19.6023%","19.9098%","-","-"
"Kazakhstan","Participating in social networks","-","39.7915%","49.6399%","50.1569%","55.0023%","57.8846%","61.7369%","59.5551%","64.6554%","62.2828%","-","-"
"Kazakhstan","Taking part in online consultations or voting to define civic or political issues","-","0.654967%","2.38473%","0.936615%","1.18827%","1.30265%","1.70712%","1.64097%","1.70875%","2.8713%","-","-"
"Kenya","Sending e-mails with attached files","-","-","-","-","-","-","-","-","-","-","-","-"
"Kenya","Making calls using VoIP or messaging app","-","0.204779%","-","-","-","-","-","-","-","-","-","-"
"Kenya","Participating in social networks","-","12.3984%","-","-","-","-","-","-","-","-","-","-"
"Kenya","Taking part in online consultations or voting to define civic or political issues","-","-","-","-","-","-","-","-","-","-","-","-"
"Korea (Rep. of)","Sending e-mails with attached files","-","60.809%","64.5892%","57.4379%","68.0502%","74.5415%","73.7058%","92.4157%","92.0125%","93.8433%","97.3204%","-"
"Korea (Rep. of)","Making calls using VoIP or messaging app","11.8237%","21.3432%","44.3719%","47.193%","42.461%","60.7978%","61.3742%","67.5674%","66.7575%","67.7775%","54.8034%","-"
"Korea (Rep. of)","Participating in social networks","54.0925%","57.2322%","60.2215%","67.868%","65.4808%","63.2019%","65.5322%","68.355%","66.4078%","66.7467%","71.2145%","-"
"Korea (Rep. of)","Taking part in online consultations or voting to define civic or political issues","-","-","-","-","-","-","-","-","-","-","-","-"
"Kuwait","Sending e-mails with attached files","-","-","-","53%","63.2334%","63.2334%","66.0362%","66.0362%","-","63.8029%","-","-"
"Kuwait","Making calls using VoIP or messaging app","-","-","-","85%","96.0235%","-","-","-","-","73.5313%","-","-"
"Kuwait","Participating in social networks","-","-","-","83%","95.1108%","-","84.164%","84.164%","-","-","-","-"
"Kuwait","Taking part in online consultations or voting to define civic or political issues","-","-","-","-","-","-","-","-","-","-","-","-"
"Latvia","Sending e-mails with attached files","-","-","-","-","-","-","-","-","-","-","-","-"
"Latvia","Making calls using VoIP or messaging app","43.1841%","49.3223%","40.5965%","41.8396%","-","56.8487%","61.4717%","69.6393%","71.3034%","74.4735%","75.2956%","-"
"Latvia","Participating in social networks","52.7355%","65.0038%","57.0714%","59.8973%","-","64.662%","67.0877%","69.5753%","70.8944%","73.0485%","73.6198%","-"
"Latvia","Taking part in online consultations or voting to define civic or political issues","-","3.94593%","-","4.91094%","-","6.22748%","-","13.804%","11.3804%","13.7133%","15.5644%","-"
"Lesotho","Sending e-mails with attached files","-","-","-","-","-","7.81817%","-","-","-","-","-","-"
"Lesotho","Making calls using VoIP or messaging app","-","-","15.9585%","-","-","-","-","-","-","-","-","-"
"Lesotho","Participating in social networks","-","-","28.0177%","-","-","-","-","-","-","-","-","-"
"Lesotho","Taking part in online consultations or voting to define civic or political issues","-","-","-","-","-","-","-","-","-","-","-","-"
"Lithuania","Sending e-mails with attached files","-","58.0076%","58.8257%","-","-","-","-","-","-","-","-","-"
"Lithuania","Making calls using VoIP or messaging app","57.2396%","50.9442%","51.6428%","54.9046%","-","61.0477%","64.3111%","71.5891%","73.523%","74.9622%","-","-"
"Lithuania","Participating in social networks","47.0173%","46.2702%","50.3439%","53.5473%","-","60.5712%","61.4549%","65.1874%","67.2976%","68.4517%","-","-"
"Lithuania","Taking part in online consultations or voting to define civic or political issues","-","5.13458%","-","8.93571%","-","10.2188%","-","9.97613%","11.1243%","8.08149%","-","-"
"Luxembourg","Sending e-mails with attached files","-","89.5956%","92.6186%","-","84.3747%","83.047%","84.0526%","82.9741%","79.4358%","88.2486%","-","-"
"Luxembourg","Making calls using VoIP or messaging app","39.6981%","46.1922%","52.5745%","55.3894%","-","-","73.0642%","69.9842%","68.488%","73.3245%","73.6656%","-"
"Luxembourg","Participating in social networks","60.4907%","68.2761%","67.0486%","68.0814%","-","-","59.53%","61.9515%","61.7761%","62.5544%","67.6995%","-"
"Luxembourg","Taking part in online consultations or voting to define civic or political issues","-","17.6878%","-","31.994%","-","-","-","13.1437%","11.8131%","10.1056%","14.9365%","-"
"Macao, China","Sending e-mails with attached files","-","-","-","-","41.9288%","44.6231%","-","39.5468%","-","-","-","-"
"Macao, China","Making calls using VoIP or messaging app","-","-","-","-","-","-","-","-","-","-","-","-"
"Macao, China","Participating in social networks","-","-","74.7183%","-","79.0753%","-","-","-","-","-","-","-"
"Macao, China","Taking part in online consultations or voting to define civic or political issues","-","-","-","6.72065%","-","-","-","-","-","-","-","-"
"Malawi","Sending e-mails with attached files","-","-","-","-","-","-","-","-","-","1.46927%","-","-"
"Malawi","Making calls using VoIP or messaging app","-","-","-","-","-","-","-","-","-","4.38736%","-","-"
"Malawi","Participating in social networks","-","-","-","-","-","-","-","-","-","14.5222%","-","-"
"Malawi","Taking part in online consultations or voting to define civic or political issues","-","-","-","-","-","-","-","-","-","0.150584%","-","-"
"Malaysia","Sending e-mails with attached files","-","37.9975%","-","43.0451%","43.7883%","44.7479%","55.2335%","65.7166%","71.6755%","72.2238%","72.8822%","-"
"Malaysia","Making calls using VoIP or messaging app","-","30.1321%","-","50.072%","56.8478%","65.2567%","72.6886%","86.3611%","82.9971%","83.8783%","84.6198%","-"
"Malaysia","Participating in social networks","-","59.9071%","-","69.2007%","78.3826%","81.7884%","87.7856%","95.5753%","96.6652%","97.0786%","97.6882%","-"
"Malaysia","Taking part in online consultations or voting to define civic or political issues","-","1.13592%","-","5.13883%","-","14.5919%","21.0275%","40.1817%","42.1307%","42.6526%","43.145%","-"
"Malta","Sending e-mails with attached files","44.1313%","-","-","-","-","-","72.6632%","72.6928%","-","-","-","-"
"Malta","Making calls using VoIP or messaging app","28.7414%","33.9068%","35.295%","41.3727%","48.39%","54.7317%","62.795%","75.8555%","79.9372%","80.7191%","-","-"
"Malta","Participating in social networks","52.6299%","59.1726%","59.7179%","64.1732%","69.6059%","70.6632%","72.4857%","75.5713%","75.7397%","75.7503%","-","-"
"Malta","Taking part in online consultations or voting to define civic or political issues","-","12.1538%","-","15.8527%","-","62.07%","-","14.6456%","17.5089%","20.5485%","-","-"
"Mauritius","Sending e-mails with attached files","-","-","-","-","-","-","31.6604%","-","-","-","-","-"
"Mauritius","Making calls using VoIP or messaging app","10.6598%","-","-","-","26.4033%","-","42.8326%","-","-","-","-","-"
"Mauritius","Participating in social networks","27.2579%","-","-","-","43.0469%","-","54.1594%","-","-","-","-","-"
"Mauritius","Taking part in online consultations or voting to define civic or political issues","-","-","-","-","-","-","-","-","-","-","-","-"
"Mexico","Sending e-mails with attached files","-","-","35.3547%","-","-","32.4886%","31.9204%","32.2264%","31.8919%","31.5369%","-","-"
"Mexico","Making calls using VoIP or messaging app","-","19.2201%","22.3543%","-","31.7804%","51.2003%","57.5058%","62.6873%","65.3026%","68.1695%","-","-"
"Mexico","Participating in social networks","17.5854%","41.0758%","45.1518%","45.1263%","56.8803%","61.0768%","63.5796%","67.895%","71.2213%","74.3014%","-","-"
"Mexico","Taking part in online consultations or voting to define civic or political issues","-","-","-","31.4166%","7.78992%","-","-","-","-","-","-","-"
"Mongolia","Sending e-mails with attached files","-","-","-","-","14.86%","12.18%","-","45.5653%","-","-","-","-"
"Mongolia","Making calls using VoIP or messaging app","-","-","-","-","-","-","-","-","-","-","-","-"
"Mongolia","Participating in social networks","-","-","-","-","-","-","-","-","-","-","-","-"
"Mongolia","Taking part in online consultations or voting to define civic or political issues","-","-","-","-","-","-","-","-","-","-","-","-"
"Montenegro","Sending e-mails with attached files","-","-","-","-","-","-","-","-","-","-","-","-"
"Montenegro","Making calls using VoIP or messaging app","-","51.2034%","52.5584%","58.5206%","59.6704%","61.6985%","71.7339%","79.8261%","85.6907%","-","87.3327%","-"
"Montenegro","Participating in social networks","-","51.7954%","55.7012%","58.3846%","60.3841%","62.1534%","67.3696%","71.393%","77.3187%","-","78.8393%","-"
"Montenegro","Taking part in online consultations or voting to define civic or political issues","-","0.75266%","-","-","-","1.22861%","-","-","-","-","6.567%","-"
"Morocco","Sending e-mails with attached files","24.9121%","25.5%","28.9374%","31.838%","33.5523%","39.5604%","39.5604%","41.5255%","-","-","-","-"
"Morocco","Making calls using VoIP or messaging app","23.9021%","-","28.0285%","32.3637%","16.7842%","-","-","76.8496%","-","-","-","-"
"Morocco","Participating in social networks","47.9178%","46.8627%","52.3858%","58.2267%","62.4971%","-","-","86.7202%","-","-","-","-"
"Morocco","Taking part in online consultations or voting to define civic or political issues","2.55486%","1.25576%","4.6617%","5.14414%","8.44326%","-","-","9.69434%","-","-","-","-"
"Netherlands","Sending e-mails with attached files","79.8611%","-","-","-","-","-","89.3333%","-","89.5669%","-","-","-"
"Netherlands","Making calls using VoIP or messaging app","31.6653%","30.8189%","35.5168%","-","-","-","-","-","78.7402%","-","-","-"
"Netherlands","Participating in social networks","57.659%","58.4571%","59.9281%","-","-","-","-","-","69.5538%","-","-","-"
"Netherlands","Taking part in online consultations or voting to define civic or political issues","-","6.60303%","-","-","-","-","-","-","-","-","-","-"
"Niger","Sending e-mails with attached files","-","-","-","6.16895%","-","-","-","-","8.03512%","-","-","-"
"Niger","Making calls using VoIP or messaging app","-","-","-","-","-","-","-","-","-","-","-","-"
"Niger","Participating in social networks","-","-","-","-","-","-","-","-","-","-","-","-"
"Niger","Taking part in online consultations or voting to define civic or political issues","-","-","-","-","-","-","-","-","-","-","-","-"
"North Macedonia","Sending e-mails with attached files","-","-","-","-","-","-","-","-","-","-","-","-"
"North Macedonia","Making calls using VoIP or messaging app","46.1633%","50.8499%","54.2019%","57.2568%","60.3776%","-","-","-","-","-","-","-"
"North Macedonia","Participating in social networks","54.3237%","58.8478%","59.551%","62.4316%","64.788%","-","-","-","-","-","-","-"
"North Macedonia","Taking part in online consultations or voting to define civic or political issues","-","0.671476%","-","2.60304%","-","-","-","-","-","-","-","-"
"Norway","Sending e-mails with attached files","-","-","-","-","-","-","-","-","-","-","-","-"
"Norway","Making calls using VoIP or messaging app","43.3421%","44.7081%","46.7011%","-","-","-","77%","82%","79%","77%","-","-"
"Norway","Participating in social networks","70.6666%","73.2163%","76.159%","80.4127%","-","-","86%","87%","88%","88%","-","-"
"Norway","Taking part in online consultations or voting to define civic or political issues","-","8.46101%","-","9.18307%","-","-","-","10%","11%","8.55998%","-","-"
"Oman","Sending e-mails with attached files","-","-","-","-","-","-","92.4769%","-","-","-","98.2659%","-"
"Oman","Making calls using VoIP or messaging app","-","-","31.6116%","-","-","-","-","-","-","-","-","-"
"Oman","Participating in social networks","-","-","73.9314%","-","-","-","-","-","-","93.0839%","88.664%","-"
"Oman","Taking part in online consultations or voting to define civic or political issues","-","-","0.411842%","-","-","-","-","-","-","-","-","-"
"Pakistan","Sending e-mails with attached files","-","-","3.69622%","-","-","3.85832%","3.571%","-","-","-","-","-"
"Pakistan","Making calls using VoIP or messaging app","-","-","-","-","-","-","13.9099%","-","-","-","-","-"
"Pakistan","Participating in social networks","-","-","-","-","-","-","-","-","-","-","-","-"
"Pakistan","Taking part in online consultations or voting to define civic or political issues","-","-","-","-","-","-","-","-","-","-","-","-"
"Paraguay","Sending e-mails with attached files","-","-","-","-","-","-","-","-","-","-","-","-"
"Paraguay","Making calls using VoIP or messaging app","0.219789%","16.4479%","-","47.9845%","50.1985%","56.0033%","59.4324%","63.9379%","62.963%","67.1558%","-","-"
"Paraguay","Participating in social networks","21.4424%","46.5784%","-","52.9161%","55.6055%","57.812%","60.6038%","64.2139%","64.2241%","66.1709%","-","-"
"Paraguay","Taking part in online consultations or voting to define civic or political issues","-","-","-","-","-","-","-","-","-","-","-","-"
"Peru","Sending e-mails with attached files","-","-","-","-","31.1106%","28.6957%","-","-","24.2853%","25.2693%","24.7793%","-"
"Peru","Making calls using VoIP or messaging app","-","-","-","-","-","-","-","-","-","-","-","-"
"Peru","Participating in social networks","-","-","-","-","-","-","-","-","-","-","-","-"
"Peru","Taking part in online consultations or voting to define civic or political issues","-","-","-","-","-","-","-","-","-","-","-","-"
"Philippines","Sending e-mails with attached files","-","-","-","-","-","6.92972%","-","-","-","-","-","-"
"Philippines","Making calls using VoIP or messaging app","-","-","-","-","-","-","-","-","-","-","-","-"
"Philippines","Participating in social networks","-","-","-","-","-","-","-","-","-","-","-","-"
"Philippines","Taking part in online consultations or voting to define civic or political issues","-","-","-","-","-","-","-","-","-","-","-","-"
"Poland","Sending e-mails with attached files","52.2345%","-","-","-","-","-","-","-","-","-","-","-"
"Poland","Making calls using VoIP or messaging app","27.5193%","27.6114%","28.2085%","31.7427%","34.1012%","48.5743%","55.0008%","56.4175%","54.8071%","56.0665%","59.4383%","-"
"Poland","Participating in social networks","36.8011%","41.3953%","44.1995%","48.0173%","49.8672%","53.0387%","54.7826%","56.7823%","60.6067%","62.294%","60.9701%","-"
"Poland","Taking part in online consultations or voting to define civic or political issues","-","2.4311%","3.80759%","4.17717%","-","5.55772%","-","4.49234%","4.95723%","4.83911%","6.24852%","-"
"Portugal","Sending e-mails with attached files","-","-","-","-","-","-","-","-","-","-","-","-"
"Portugal","Making calls using VoIP or messaging app","24.1397%","25.644%","27.6031%","32.1693%","34.2242%","39.5614%","55.1688%","65.5688%","68.8393%","70.6794%","74.5258%","-"
"Portugal","Participating in social networks","46.7574%","48.0594%","52.1718%","56.1259%","59.1795%","60.401%","62.7421%","65.46%","66.7209%","68.032%","70.4745%","-"
"Portugal","Taking part in online consultations or voting to define civic or political issues","-","9.8798%","-","11.3179%","-","11.5682%","-","11.4786%","9.99969%","10.2189%","11.7094%","-"
"Qatar","Sending e-mails with attached files","-","56.0357%","56.5528%","57.1423%","57.732%","58.2141%","58.723%","-","-","-","-","-"
"Qatar","Making calls using VoIP or messaging app","-","56.4269%","53.6882%","50.9785%","48.2687%","45.5553%","42.8078%","-","-","-","-","-"
"Qatar","Participating in social networks","-","53.4215%","60.1417%","66.9516%","73.7614%","80.5507%","87.3527%","-","-","-","-","-"
"Qatar","Taking part in online consultations or voting to define civic or political issues","-","10.4654%","8.29229%","6.13586%","3.97957%","1.74693%","1.74693%","-","-","-","-","-"
"Romania","Sending e-mails with attached files","-","-","-","-","-","37.7669%","45.4835%","-","-","-","-","-"
"Romania","Making calls using VoIP or messaging app","22.9785%","23.5532%","26.7708%","-","36.1468%","49.2735%","55.773%","63.7549%","62.4787%","70.3446%","71.1668%","-"
"Romania","Participating in social networks","36.2513%","43.6435%","44.2859%","-","60.7667%","60.1756%","64.8458%","68.5521%","69.0146%","75.2449%","74.8891%","-"
"Romania","Taking part in online consultations or voting to define civic or political issues","-","2.0661%","-","-","-","3.09406%","-","3.29098%","5.07522%","3.84601%","8.82113%","-"
"Russian Federation","Sending e-mails with attached files","25.9696%","29.2025%","30.3761%","39.5783%","39.47%","42.5745%","45.1549%","66.5899%","68.9747%","78.7493%","79.2456%","-"
"Russian Federation","Making calls using VoIP or messaging app","26.844%","28.9226%","31.8992%","37.0908%","42.5261%","58.6766%","65.1177%","73.8927%","79.2221%","74.8175%","77.953%","-"
"Russian Federation","Participating in social networks","49.544%","52.3181%","55.5646%","59.3591%","62.9346%","63.4113%","63.7391%","65.724%","67.3704%","72.1593%","73.0664%","-"
"Russian Federation","Taking part in online consultations or voting to define civic or political issues","1.5729%","2.30218%","2.01701%","2.52845%","2.57428%","3.33768%","3.89691%","7.37044%","8.88174%","12.3706%","13.6438%","-"
"Saudi Arabia","Sending e-mails with attached files","-","-","-","70%","70.2%","67.8027%","89.2%","95.6%","98.34%","99.4506%","99.8%","-"
"Saudi Arabia","Making calls using VoIP or messaging app","-","-","28.516%","46.7263%","52.6176%","60.4456%","-","-","-","-","85.7771%","-"
"Saudi Arabia","Participating in social networks","-","-","54.5107%","75.7968%","91.6863%","95.207%","-","-","-","-","98.8832%","-"
"Saudi Arabia","Taking part in online consultations or voting to define civic or political issues","-","-","-","-","10.1672%","11.0592%","-","-","-","-","52%","-"
"Serbia","Sending e-mails with attached files","38.4985%","43.066%","-","-","-","-","-","-","-","61.3992%","-","-"
"Serbia","Making calls using VoIP or messaging app","-","34.3428%","40.0081%","45.5056%","49.4223%","-","63.0942%","76.0279%","75.9457%","80.202%","82.9761%","-"
"Serbia","Participating in social networks","-","49.3232%","45.6399%","47.6839%","51.574%","-","55.8325%","60.3134%","68.3848%","70.2392%","71.3923%","-"
"Serbia","Taking part in online consultations or voting to define civic or political issues","-","3.8811%","-","-","-","-","-","3.56896%","2.83705%","0.569869%","1.83307%","-"
"Singapore","Sending e-mails with attached files","54.6729%","55.6188%","59.7347%","59.7347%","59.3671%","57.9751%","57.0886%","72.0788%","75.5713%","69.7788%","87.974%","-"
"Singapore","Making calls using VoIP or messaging app","6.81229%","-","-","51.4901%","-","-","-","-","65.4637%","75.9273%","87.7362%","-"
"Singapore","Participating in social networks","48.6614%","-","-","63.3726%","-","-","-","-","69.8881%","71.5271%","82.2416%","-"
"Singapore","Taking part in online consultations or voting to define civic or political issues","-","-","-","-","-","-","-","-","-","-","-","-"
"Slovakia","Sending e-mails with attached files","69.4744%","66.9549%","70.9988%","71.4597%","-","70.9457%","-","64.636%","-","65.9714%","66.3557%","-"
"Slovakia","Making calls using VoIP or messaging app","43.7015%","42.3191%","45.6785%","-","-","-","63.0209%","65.3022%","-","61.5108%","64.1045%","-"
"Slovakia","Participating in social networks","50.3727%","53.6374%","56.9898%","-","-","-","64.4914%","64.5792%","-","56.9933%","57.2995%","-"
"Slovakia","Taking part in online consultations or voting to define civic or political issues","-","1.69669%","-","-","-","-","-","8.2277%","-","6.28271%","7.00483%","-"
"Slovenia","Sending e-mails with attached files","-","-","-","69.0044%","70.0146%","71.754%","77.8944%","80.7421%","79.5664%","81.1595%","-","-"
"Slovenia","Making calls using VoIP or messaging app","29.4544%","26.3498%","31.7075%","36.8329%","40.0084%","41.8992%","51.6244%","61.7189%","56.3471%","57.2865%","60.5136%","-"
"Slovenia","Participating in social networks","41.8169%","37.3724%","38.3102%","45.1604%","48.8144%","52.0854%","67.0718%","63.6104%","63.0434%","63.4578%","64.5583%","-"
"Slovenia","Taking part in online consultations or voting to define civic or political issues","-","4.65158%","-","3.77845%","-","4.69785%","-","8.39639%","6.97165%","3.49825%","5.62523%","-"
"South Africa","Sending e-mails with attached files","-","-","-","-","-","18.6365%","-","-","-","-","-","-"
"South Africa","Making calls using VoIP or messaging app","-","-","-","-","-","-","-","-","-","-","-","-"
"South Africa","Participating in social networks","-","-","-","-","-","-","-","-","-","-","-","-"
"South Africa","Taking part in online consultations or voting to define civic or political issues","-","-","-","-","-","-","-","-","-","-","-","-"
"Spain","Sending e-mails with attached files","-","-","-","-","-","-","-","-","-","-","-","-"
"Spain","Making calls using VoIP or messaging app","24.3517%","22.5491%","25.1744%","29.8258%","-","55.0591%","77.7402%","75.7399%","75.6731%","76.1003%","77.2709%","-"
"Spain","Participating in social networks","51.1141%","50.9339%","53.7916%","57.1704%","-","58.6082%","64.6755%","64.6622%","63.2171%","64.4927%","64.6723%","-"
"Spain","Taking part in online consultations or voting to define civic or political issues","-","9.7641%","-","11.2196%","-","10.886%","-","11.0831%","12.6522%","12.1575%","13.8506%","-"
"State of Palestine","Sending e-mails with attached files","30.9415%","-","-","-","8.9817%","11.3043%","-","-","-","34.4759%","-","-"
"State of Palestine","Making calls using VoIP or messaging app","25.6442%","-","-","-","-","53.3657%","-","-","-","71.3892%","-","-"
"State of Palestine","Participating in social networks","40.3225%","-","-","-","-","47.4993%","-","-","-","50.6761%","-","-"
"State of Palestine","Taking part in online consultations or voting to define civic or political issues","-","-","-","-","-","6.09112%","-","-","-","5.88755%","-","-"
"Sudan","Sending e-mails with attached files","-","-","2.4428%","-","-","-","-","-","-","-","-","-"
"Sudan","Making calls using VoIP or messaging app","-","-","-","-","-","-","-","-","-","-","-","-"
"Sudan","Participating in social networks","-","-","-","-","-","-","-","-","-","-","-","-"
"Sudan","Taking part in online consultations or voting to define civic or political issues","-","-","-","-","-","-","-","-","-","-","-","-"
"Sweden","Sending e-mails with attached files","-","-","-","-","-","82.1813%","81.7861%","81.3297%","87.018%","87.8124%","87.5656%","-"
"Sweden","Making calls using VoIP or messaging app","48.5492%","39.1988%","45.2007%","50.436%","-","-","69.3911%","71.4866%","70.7284%","70.866%","71.3728%","-"
"Sweden","Participating in social networks","65.1829%","62.4758%","65.7788%","63.9365%","-","-","69.3336%","67.0304%","66.9676%","68.2246%","66.8426%","-"
"Sweden","Taking part in online consultations or voting to define civic or political issues","-","11.9063%","-","13.0814%","-","-","-","7.02676%","6.60431%","7.07344%","5.64865%","-"
"Switzerland","Sending e-mails with attached files","73.9077%","-","-","-","-","87.2138%","-","88.0851%","-","90.0202%","-","-"
"Switzerland","Making calls using VoIP or messaging app","30.9383%","43.6253%","47.5997%","40.6822%","-","65.2841%","-","72.3239%","-","70.9288%","-","-"
"Switzerland","Participating in social networks","39.4459%","58.6596%","61.3995%","49.2043%","-","49.3338%","-","62.3732%","-","64.0424%","-","-"
"Switzerland","Taking part in online consultations or voting to define civic or political issues","6.52902%","-","-","9.52199%","-","18.9922%","-","18.318%","-","18.6847%","-","-"
"Taiwan, Province of China","Sending e-mails with attached files","-","-","-","-","-","-","-","-","-","-","-","-"
"Taiwan, Province of China","Making calls using VoIP or messaging app","-","-","-","-","-","-","-","-","18.8415%","75.2353%","89.7622%","-"
"Taiwan, Province of China","Participating in social networks","-","-","75.2012%","-","-","-","-","-","23.3622%","37.6593%","48.0554%","-"
"Taiwan, Province of China","Taking part in online consultations or voting to define civic or political issues","-","-","-","-","-","-","-","-","2.23777%","2.5%","3.91107%","-"
"Thailand","Sending e-mails with attached files","17.2033%","-","-","-","14.6676%","15.8164%","17.1821%","-","-","-","-","-"
"Thailand","Making calls using VoIP or messaging app","3.24774%","10.1647%","13.5051%","17.8142%","-","56.2718%","70.7973%","-","-","-","-","-"
"Thailand","Participating in social networks","25.7653%","34.8287%","43.4697%","49.6967%","53.4833%","62.012%","71.6272%","-","-","-","-","-"
"Thailand","Taking part in online consultations or voting to define civic or political issues","-","-","-","-","-","0.809325%","0.973872%","-","-","-","-","-"
"Togo","Sending e-mails with attached files","-","-","-","2.77275%","-","-","-","-","-","-","-","-"
"Togo","Making calls using VoIP or messaging app","-","-","-","-","-","-","-","-","-","-","-","-"
"Togo","Participating in social networks","-","-","-","-","-","-","-","-","-","-","-","-"
"Togo","Taking part in online consultations or voting to define civic or political issues","-","-","-","-","-","-","-","-","-","-","-","-"
"Tunisia","Sending e-mails with attached files","-","-","-","18.4609%","18.541%","21.2468%","-","-","-","-","-","-"
"Tunisia","Making calls using VoIP or messaging app","-","-","-","-","-","-","-","-","-","-","-","-"
"Tunisia","Participating in social networks","-","-","-","-","-","-","-","-","-","-","-","-"
"Tunisia","Taking part in online consultations or voting to define civic or political issues","-","-","-","-","-","-","-","-","-","-","-","-"
"Türkiye","Sending e-mails with attached files","-","-","-","-","-","-","-","36.2279%","37.6731%","42.5312%","-","-"
"Türkiye","Making calls using VoIP or messaging app","-","-","24.1147%","39.7509%","49.3706%","61.1561%","68.3883%","73.299%","76.2191%","79.5417%","81.6026%","-"
"Türkiye","Participating in social networks","-","-","48.0603%","54.141%","59.7588%","60.1833%","62.3056%","60.082%","70.8474%","74.5813%","76.4206%","-"
"Türkiye","Taking part in online consultations or voting to define civic or political issues","-","-","-","4.73446%","-","-","-","2.86875%","3.81802%","4.68017%","4.78936%","-"
"Ukraine","Sending e-mails with attached files","-","-","-","-","-","26.5167%","36.4026%","40.5022%","-","-","-","-"
"Ukraine","Making calls using VoIP or messaging app","-","21.8968%","-","28.3004%","30.3004%","-","25.8022%","29.5456%","-","-","-","-"
"Ukraine","Participating in social networks","-","24.6324%","-","29.3409%","30.6134%","-","44.5026%","48.3938%","-","-","-","-"
"Ukraine","Taking part in online consultations or voting to define civic or political issues","-","-","-","-","-","-","0.240524%","0.0984398%","-","-","-","-"
"United Arab Emirates","Sending e-mails with attached files","-","-","67.3%","70.665%","-","89.994%","92.65%","97.7%","100%","100%","100%","-"
"United Arab Emirates","Making calls using VoIP or messaging app","32.6%","-","29.5356%","35.9%","36.4039%","38.8625%","65.6%","66.404%","69.0601%","93.107%","89.9315%","-"
"United Arab Emirates","Participating in social networks","79.3%","-","49.5582%","60.2%","61.0449%","65.1677%","42.1%","42.4796%","45.0284%","67.5%","70.875%","-"
"United Arab Emirates","Taking part in online consultations or voting to define civic or political issues","-","-","-","-","-","-","-","-","48.9276%","61.6266%","64.7079%","-"
"United Kingdom","Sending e-mails with attached files","-","-","-","-","-","-","-","-","-","-","-","-"
"United Kingdom","Making calls using VoIP or messaging app","29.8296%","39.4484%","46.4159%","-","-","-","48.3011%","-","-","-","-","-"
"United Kingdom","Participating in social networks","59.8219%","65.6565%","68.7546%","-","-","-","70.4731%","-","-","-","-","-"
"United Kingdom","Taking part in online consultations or voting to define civic or political issues","-","8.9996%","-","-","-","-","-","-","-","-","-","-"
"United States","Sending e-mails with attached files","-","-","-","-","-","-","-","-","-","-","-","-"
"United States","Making calls using VoIP or messaging app","-","23.6229%","-","-","-","-","-","-","-","-","-","-"
"United States","Participating in social networks","-","45.1346%","-","-","-","-","-","-","-","-","-","-"
"United States","Taking part in online consultations or voting to define civic or political issues","-","-","-","-","-","-","-","-","-","-","-","-"
"Uruguay","Sending e-mails with attached files","-","-","-","-","-","-","-","-","72.6089%","-","-","-"
"Uruguay","Making calls using VoIP or messaging app","-","-","-","-","-","-","-","-","80.2402%","-","-","-"
"Uruguay","Participating in social networks","-","-","-","-","-","-","-","-","84.7259%","-","-","-"
"Uruguay","Taking part in online consultations or voting to define civic or political issues","-","-","-","-","-","-","-","-","6.84612%","-","-","-"
"Uzbekistan","Sending e-mails with attached files","-","-","-","13.8%","14.1%","14.2%","15.2%","15.5794%","24.1%","-","-","-"
"Uzbekistan","Making calls using VoIP or messaging app","-","-","-","-","26.819%","-","48.7%","55.6113%","65.1%","-","-","-"
"Uzbekistan","Participating in social networks","-","-","-","-","30.7363%","-","41.2%","38.2998%","44.3%","-","-","-"
"Uzbekistan","Taking part in online consultations or voting to define civic or political issues","-","-","-","-","-","-","0%","-","0%","-","-","-"
"Viet Nam","Sending e-mails with attached files","-","-","-","-","-","18.3%","-","20.58%","-","24.49%","24.72%","-"
"Viet Nam","Making calls using VoIP or messaging app","-","-","-","-","-","-","-","-","-","-","-","-"
"Viet Nam","Participating in social networks","-","-","-","-","-","-","-","-","-","69.92%","76.51%","-"
"Viet Nam","Taking part in online consultations or voting to define civic or political issues","-","-","-","-","-","-","-","-","-","1.74%","1.7%","-"
"Zimbabwe","Sending e-mails with attached files","4.25886%","-","-","-","-","-","26.4958%","-","-","-","-","-"
"Zimbabwe","Making calls using VoIP or messaging app","0.760386%","-","-","-","-","-","17.9227%","-","-","-","-","-"
"Zimbabwe","Participating in social networks","8.9291%","-","-","-","-","-","13.485%","-","-","-","-","-"
"Zimbabwe","Taking part in online consultations or voting to define civic or political issues","0.0857823%","-","-","-","-","-","0.525875%","-","-","-","-","-"