"Economy","Indicator","2014","2015","2016","2017","2018","2019","2020","2021","2022","2023","2024","2025"
"Albania","Connecting and installing new devices","-","-","-","-","-","-","-","-","-","-","-","-"
"Albania","Finding, downloading, installing and configuring software","-","-","-","-","-","13.8904%","18.5483%","26.739%","30.013%","31.7287%","-","-"
"Albania","Transferring files between a computer and other devices","-","-","-","-","-","19.9906%","25.0233%","31.546%","35.9182%","37.5419%","-","-"
"Albania","Doing an online course","-","-","-","-","-","-","2.90726%","2.52818%","6.75619%","6.81157%","-","-"
"Albania","Purchasing or ordering goods or services","-","-","-","-","-","-","-","-","13.5687%","16.385%","-","-"
"Albania","Internet banking","-","-","-","-","-","1.69375%","3.91814%","5.2325%","10.843%","15.097%","-","-"
"Algeria","Connecting and installing new devices","-","-","-","-","16.1989%","-","-","-","-","-","-","-"
"Algeria","Finding, downloading, installing and configuring software","-","-","-","-","15.55%","-","-","-","-","-","-","-"
"Algeria","Transferring files between a computer and other devices","-","-","-","-","17.3123%","-","-","-","-","-","-","-"
"Algeria","Doing an online course","-","-","-","-","15.6582%","-","-","-","-","-","-","-"
"Algeria","Purchasing or ordering goods or services","-","-","-","-","11.259%","-","-","-","-","-","-","-"
"Algeria","Internet banking","-","-","-","-","6.257%","-","-","-","-","-","-","-"
"Andorra","Connecting and installing new devices","-","-","-","-","-","-","-","-","-","-","-","-"
"Andorra","Finding, downloading, installing and configuring software","-","-","-","52.7951%","-","-","-","-","-","-","-","-"
"Andorra","Transferring files between a computer and other devices","-","-","-","67.2827%","-","-","-","-","-","-","-","-"
"Andorra","Doing an online course","-","-","-","-","-","-","-","-","-","-","-","-"
"Andorra","Purchasing or ordering goods or services","-","-","-","-","-","-","-","-","-","-","-","-"
"Andorra","Internet banking","-","-","-","-","-","-","-","-","-","-","-","-"
"Australia","Connecting and installing new devices","-","-","-","-","-","-","-","-","-","-","-","-"
"Australia","Finding, downloading, installing and configuring software","-","-","-","-","-","-","-","-","-","-","-","-"
"Australia","Transferring files between a computer and other devices","-","-","-","-","-","-","-","-","-","-","-","-"
"Australia","Doing an online course","-","-","-","-","-","-","-","-","-","-","-","-"
"Australia","Purchasing or ordering goods or services","-","51.6396%","-","62.8001%","-","-","-","-","-","-","-","-"
"Australia","Internet banking","-","61.3065%","-","68.8418%","-","-","-","-","-","-","-","-"
"Austria","Connecting and installing new devices","54.3219%","-","-","-","-","-","-","-","-","-","-","-"
"Austria","Finding, downloading, installing and configuring software","37.5445%","51.7209%","54.8913%","56.8675%","-","59.4136%","-","55.4795%","-","57.0691%","-","-"
"Austria","Transferring files between a computer and other devices","65.3781%","58.7627%","59.5922%","62.5584%","-","60.7008%","-","-","-","-","-","-"
"Austria","Doing an online course","-","4.06459%","4.1404%","4.73968%","-","-","15.6643%","22.0498%","19.9793%","16.5627%","18.1472%","-"
"Austria","Purchasing or ordering goods or services","43.3834%","46.3571%","47.6662%","53.165%","52.6673%","-","55.5822%","54.1571%","56.8227%","62.412%","70.7259%","-"
"Austria","Internet banking","47.9465%","51.0364%","53.3403%","57.4939%","58.4083%","-","65.7886%","71.3138%","73.1273%","77.1703%","78.2397%","-"
"Azerbaijan","Connecting and installing new devices","12.529%","12.7806%","12.6861%","14.2351%","14.0566%","14.7116%","17.05%","17.157%","17.5225%","17.759%","-","-"
"Azerbaijan","Finding, downloading, installing and configuring software","7.15942%","7.30322%","7.25253%","8.14213%","8.04247%","8.41466%","10.075%","10.0548%","10.269%","10.4076%","-","-"
"Azerbaijan","Transferring files between a computer and other devices","3.57971%","3.6516%","3.62619%","4.06984%","4.02565%","4.20607%","5.425%","5.5062%","5.6235%","5.6994%","-","-"
"Azerbaijan","Doing an online course","-","-","-","1.264%","1.2768%","1.3787%","1.269%","1.333%","1.364%","2.2695%","-","-"
"Azerbaijan","Purchasing or ordering goods or services","-","-","-","0.710995%","0.7182%","1.5409%","3.5532%","3.612%","3.696%","8.188%","-","-"
"Azerbaijan","Internet banking","-","-","-","0.948004%","0.9576%","1.05431%","1.0998%","1.204%","1.232%","1.691%","-","-"
"Bahrain","Connecting and installing new devices","-","41%","54%","45.3077%","48.1803%","42%","42.5%","42.4835%","-","57.7836%","-","-"
"Bahrain","Finding, downloading, installing and configuring software","-","41%","52%","49.6923%","59.6589%","54%","65%","65.1603%","-","80.8047%","-","-"
"Bahrain","Transferring files between a computer and other devices","-","37%","50%","52.4194%","-","58%","55%","55.2039%","-","73.5488%","-","-"
"Bahrain","Doing an online course","22.3443%","30.2676%","48.1801%","6.26848%","34.8153%","30.1493%","22.8289%","22.8289%","18.018%","39.9077%","-","-"
"Bahrain","Purchasing or ordering goods or services","21.0452%","33.0267%","28.2541%","29.4918%","25.7983%","13.194%","44.7368%","44.7368%","47.2072%","65.9631%","-","-"
"Bahrain","Internet banking","16.6283%","26.505%","33.2511%","41.2527%","32.0148%","-","47.0395%","47.0395%","58.3183%","62.9947%","-","-"
"Bangladesh","Connecting and installing new devices","-","-","-","-","-","-","-","4.24033%","-","3.23853%","-","-"
"Bangladesh","Finding, downloading, installing and configuring software","-","-","-","-","-","-","-","22.0441%","-","20.2014%","-","-"
"Bangladesh","Transferring files between a computer and other devices","-","-","-","-","-","-","-","7.81828%","-","5.80226%","-","-"
"Bangladesh","Doing an online course","-","-","-","-","-","-","-","1.00416%","-","1.01092%","-","-"
"Bangladesh","Purchasing or ordering goods or services","-","-","-","-","-","-","-","-","-","3.65018%","-","-"
"Bangladesh","Internet banking","-","-","-","-","-","-","-","-","-","1.61068%","-","-"
"Belarus","Connecting and installing new devices","-","-","-","-","20.8487%","19.639%","17.6695%","16.4163%","18.761%","19.9621%","23.3419%","-"
"Belarus","Finding, downloading, installing and configuring software","-","-","-","-","24.4685%","23.2847%","20.1177%","20.1823%","25.9663%","29.4915%","47.4869%","-"
"Belarus","Transferring files between a computer and other devices","-","-","-","-","38.5%","41.894%","39.2689%","37.848%","41.9108%","42.7465%","-","-"
"Belarus","Doing an online course","-","-","-","-","-","-","-","-","4.80548%","4.81311%","6.45585%","-"
"Belarus","Purchasing or ordering goods or services","14.1959%","17.318%","20.1636%","25.215%","30.1157%","34.9778%","34.37%","38.1127%","41.6718%","48.2628%","53.3899%","-"
"Belarus","Internet banking","10.3467%","14.8206%","20.9993%","26.7083%","32.1892%","37.8343%","42.1815%","47.0198%","50.6383%","56.0615%","58.76%","-"
"Belgium","Connecting and installing new devices","46.6086%","44.6249%","-","45.071%","-","-","-","-","-","-","-","-"
"Belgium","Finding, downloading, installing and configuring software","-","39.5874%","42.9398%","41.2886%","-","47.3431%","-","46.451%","-","47.9307%","-","-"
"Belgium","Transferring files between a computer and other devices","58.8153%","58.0901%","56.9306%","33.5954%","-","57.4934%","-","49.737%","-","65.9566%","-","-"
"Belgium","Doing an online course","-","6.4492%","8.90564%","7.89809%","-","9.32756%","17.9025%","26.5306%","21.0699%","30.6188%","-","-"
"Belgium","Purchasing or ordering goods or services","40.9224%","42.2695%","46.3451%","48.5483%","-","54.6061%","64.6446%","66.1338%","62.5991%","64.9724%","65.3274%","-"
"Belgium","Internet banking","61.2439%","62.2757%","64.4818%","66.6299%","-","71.182%","75.2967%","75.2607%","79.5064%","79.6012%","-","-"
"Bhutan","Connecting and installing new devices","-","-","-","-","-","-","-","7.19686%","-","-","-","-"
"Bhutan","Finding, downloading, installing and configuring software","-","-","-","-","-","-","-","8.62574%","-","-","-","-"
"Bhutan","Transferring files between a computer and other devices","-","-","-","-","-","-","-","10.9238%","-","-","-","-"
"Bhutan","Doing an online course","-","-","-","-","-","-","-","5.13352%","-","-","-","-"
"Bhutan","Purchasing or ordering goods or services","-","-","-","-","-","-","-","11.0281%","-","-","-","-"
"Bhutan","Internet banking","-","-","-","-","-","-","-","35.4526%","-","-","-","-"
"Bolivia (Plurinational State of)","Connecting and installing new devices","-","-","-","-","-","-","-","-","-","-","-","-"
"Bolivia (Plurinational State of)","Finding, downloading, installing and configuring software","-","-","-","-","-","-","-","-","-","-","-","-"
"Bolivia (Plurinational State of)","Transferring files between a computer and other devices","-","-","-","-","-","-","-","-","-","-","-","-"
"Bolivia (Plurinational State of)","Doing an online course","-","-","-","-","-","-","-","-","-","-","-","-"
"Bolivia (Plurinational State of)","Purchasing or ordering goods or services","-","-","-","-","-","-","-","-","-","-","-","-"
"Bolivia (Plurinational State of)","Internet banking","-","-","-","-","3.4749%","-","-","-","-","-","-","-"
"Bosnia and Herzegovina","Connecting and installing new devices","-","-","-","-","-","-","-","12.2974%","-","14.2921%","11.6895%","-"
"Bosnia and Herzegovina","Finding, downloading, installing and configuring software","-","-","-","22.2927%","-","-","-","31.1937%","-","39.9809%","35.4591%","-"
"Bosnia and Herzegovina","Transferring files between a computer and other devices","-","-","-","59.7417%","-","49.0272%","-","14.8963%","-","17.1835%","-","-"
"Bosnia and Herzegovina","Doing an online course","-","-","-","2.37503%","-","3.29319%","4.12475%","-","7.04477%","-","11.474%","-"
"Bosnia and Herzegovina","Purchasing or ordering goods or services","-","-","-","8.88178%","13.73%","18.0845%","17.9947%","24.1586%","13.837%","-","-","-"
"Bosnia and Herzegovina","Internet banking","-","-","-","1.91954%","4.89907%","5.45371%","12.2557%","12.8152%","15.8289%","19.9309%","27.3412%","-"
"Botswana","Connecting and installing new devices","19.2492%","-","-","-","-","-","-","-","-","-","-","-"
"Botswana","Finding, downloading, installing and configuring software","-","-","-","-","-","-","-","-","-","-","-","-"
"Botswana","Transferring files between a computer and other devices","23.6241%","-","-","-","-","-","-","-","-","-","-","-"
"Botswana","Doing an online course","2.34614%","-","-","-","-","-","-","-","-","-","-","-"
"Botswana","Purchasing or ordering goods or services","2.73064%","-","-","-","-","-","-","-","-","-","-","-"
"Botswana","Internet banking","3.14833%","-","-","-","-","-","-","-","-","-","-","-"
"Brazil","Connecting and installing new devices","15.6402%","12.4664%","11.2827%","9.50094%","9.83269%","8.62021%","9.72975%","8.61308%","16.0875%","13.5643%","16.1747%","-"
"Brazil","Finding, downloading, installing and configuring software","18.4583%","19.5881%","18.4951%","16.5795%","14.7206%","14.2017%","18.7182%","14.7104%","29.5229%","31.4431%","28.5482%","-"
"Brazil","Transferring files between a computer and other devices","20.624%","20.0923%","18.96%","17.6992%","17.7646%","17.0209%","20.8412%","17.415%","21.4722%","22.5777%","23.6197%","-"
"Brazil","Doing an online course","6.05125%","-","5.03517%","-","-","-","17.1577%","14.1565%","13.8635%","15.6959%","15.4846%","-"
"Brazil","Purchasing or ordering goods or services","18.8423%","-","23.075%","23.8903%","24.2762%","29.0528%","-","37.1226%","36.4005%","41.7547%","38.9765%","-"
"Brazil","Internet banking","13.3938%","-","14.9572%","18.6822%","19.3727%","24.3599%","34.7134%","37.3572%","40.8903%","45.8275%","47.2561%","-"
"Brunei Darussalam","Connecting and installing new devices","-","-","45%","-","42.4485%","35.5454%","-","-","80.4375%","-","-","-"
"Brunei Darussalam","Finding, downloading, installing and configuring software","-","-","57%","-","35.5454%","42.601%","-","-","92.5355%","-","-","-"
"Brunei Darussalam","Transferring files between a computer and other devices","-","-","63%","-","37.5287%","52.3646%","-","-","91.8276%","-","-","-"
"Brunei Darussalam","Doing an online course","-","-","-","-","-","-","-","-","71.1068%","-","-","-"
"Brunei Darussalam","Purchasing or ordering goods or services","-","-","-","-","-","-","-","-","74.8863%","-","-","-"
"Brunei Darussalam","Internet banking","-","-","34%","-","-","-","-","-","80.6662%","-","-","-"
"Bulgaria","Connecting and installing new devices","20.1365%","-","-","-","-","-","-","-","-","-","-","-"
"Bulgaria","Finding, downloading, installing and configuring software","-","-","-","-","-","21.4564%","-","24.9955%","-","26.5129%","-","-"
"Bulgaria","Transferring files between a computer and other devices","32.6854%","42.0542%","36.305%","44.4003%","-","43.1788%","-","-","-","-","-","-"
"Bulgaria","Doing an online course","-","-","1.63902%","1.96527%","-","2.30483%","6.73986%","6.91983%","7.60905%","7.70609%","13.9647%","-"
"Bulgaria","Purchasing or ordering goods or services","10.0288%","-","10.8822%","11.2722%","12.9459%","21.7097%","15.6103%","19.5825%","23.9246%","26.9381%","33.3438%","-"
"Bulgaria","Internet banking","4.7022%","-","4.43765%","5.48554%","7.37044%","8.57285%","12.5692%","14.8682%","22.4376%","23.4308%","31.3302%","-"
"Cabo Verde","Connecting and installing new devices","-","19.1835%","-","-","-","2.68783%","-","-","-","-","-","-"
"Cabo Verde","Finding, downloading, installing and configuring software","-","-","-","-","-","4.59235%","-","-","-","-","-","-"
"Cabo Verde","Transferring files between a computer and other devices","-","36.7023%","-","-","-","11.7676%","-","-","-","-","-","-"
"Cabo Verde","Doing an online course","-","-","-","-","-","-","-","-","-","-","-","-"
"Cabo Verde","Purchasing or ordering goods or services","-","-","-","-","-","-","-","-","-","-","-","-"
"Cabo Verde","Internet banking","-","-","-","-","-","-","-","-","-","-","-","-"
"Cambodia","Connecting and installing new devices","-","-","-","1.55113%","-","-","-","-","-","-","-","-"
"Cambodia","Finding, downloading, installing and configuring software","-","-","-","0.64066%","-","-","-","-","-","-","-","-"
"Cambodia","Transferring files between a computer and other devices","-","-","-","20.9073%","-","-","-","-","-","-","-","-"
"Cambodia","Doing an online course","-","-","-","-","-","-","-","-","-","-","-","-"
"Cambodia","Purchasing or ordering goods or services","-","-","-","-","-","-","-","-","-","-","-","-"
"Cambodia","Internet banking","-","-","-","-","-","-","-","-","-","-","-","-"
"Canada","Connecting and installing new devices","-","-","-","-","-","-","-","-","-","-","-","-"
"Canada","Finding, downloading, installing and configuring software","-","-","-","-","-","-","-","-","-","-","-","-"
"Canada","Transferring files between a computer and other devices","-","-","-","-","-","-","-","-","-","-","-","-"
"Canada","Doing an online course","-","-","-","-","-","-","-","-","33%","-","-","-"
"Canada","Purchasing or ordering goods or services","-","-","-","-","-","-","-","-","74%","-","-","-"
"Canada","Internet banking","-","-","-","-","-","-","-","-","78%","-","-","-"
"Chile","Connecting and installing new devices","-","-","-","-","-","-","-","-","-","46.4082%","-","-"
"Chile","Finding, downloading, installing and configuring software","-","-","-","25.49%","-","-","-","-","-","49.6919%","-","-"
"Chile","Transferring files between a computer and other devices","-","-","-","52.4454%","-","-","-","-","-","49.7257%","-","-"
"Chile","Doing an online course","-","-","-","-","-","-","-","-","-","21.2669%","-","-"
"Chile","Purchasing or ordering goods or services","-","-","-","-","-","-","-","-","-","41.2117%","-","-"
"Chile","Internet banking","-","-","-","-","-","-","-","-","-","53.2615%","-","-"
"China","Connecting and installing new devices","-","-","-","-","-","-","-","-","-","-","-","-"
"China","Finding, downloading, installing and configuring software","-","-","-","-","-","-","-","-","56.2072%","-","-","-"
"China","Transferring files between a computer and other devices","-","-","-","-","-","-","-","-","43.4024%","-","-","-"
"China","Doing an online course","-","-","-","-","-","-","24.204%","26.5914%","29.7682%","-","-","-"
"China","Purchasing or ordering goods or services","-","-","-","-","-","50.3518%","55.4205%","59.6135%","59.8755%","-","-","-"
"China","Internet banking","-","-","-","-","-","-","12.033%","13.753%","13.1111%","-","-","-"
"Colombia","Connecting and installing new devices","-","-","30.232%","29.6008%","27.5348%","26.3737%","25.119%","23.125%","25.8184%","27.2701%","-","-"
"Colombia","Finding, downloading, installing and configuring software","-","-","-","19.9481%","17.4658%","15.4425%","14.8708%","15.1484%","16.7109%","19.595%","-","-"
"Colombia","Transferring files between a computer and other devices","-","-","32.3347%","28.7377%","26.7102%","24.7757%","23.1705%","21.3595%","25.2616%","28.5468%","-","-"
"Colombia","Doing an online course","19.2945%","22.6919%","23.4652%","21.5872%","22.1011%","-","22.8013%","22.9679%","21.2053%","23.8456%","-","-"
"Colombia","Purchasing or ordering goods or services","2.92413%","4.07671%","5.6649%","6.37992%","7.86583%","-","7.23051%","9.20632%","11.8315%","11.98%","-","-"
"Colombia","Internet banking","3.37782%","4.23119%","5.6899%","6.77416%","7.65424%","-","8.25917%","10.6025%","13.6959%","17.2684%","-","-"
"Costa Rica","Connecting and installing new devices","-","-","-","-","-","-","-","-","-","-","-","-"
"Costa Rica","Finding, downloading, installing and configuring software","-","-","-","-","-","-","-","-","-","24.6126%","-","-"
"Costa Rica","Transferring files between a computer and other devices","-","-","-","-","-","-","-","-","-","-","-","-"
"Costa Rica","Doing an online course","-","-","-","-","-","-","-","-","-","-","-","-"
"Costa Rica","Purchasing or ordering goods or services","-","-","-","-","-","-","-","-","-","18.3273%","-","-"
"Costa Rica","Internet banking","-","-","-","-","-","-","-","-","-","39.2956%","-","-"
"Croatia","Connecting and installing new devices","33.1255%","-","-","-","-","-","-","-","-","-","-","-"
"Croatia","Finding, downloading, installing and configuring software","-","48.5816%","51.3115%","41.7284%","-","53.8283%","-","42.6028%","-","47.531%","-","-"
"Croatia","Transferring files between a computer and other devices","38.2956%","53.7037%","58.1404%","42.403%","-","56.4979%","-","-","-","-","-","-"
"Croatia","Doing an online course","-","2.79571%","5.21876%","-","-","5.06518%","11.5797%","11.5581%","10.7063%","7.18252%","10.7194%","-"
"Croatia","Purchasing or ordering goods or services","21.5866%","26.3489%","25.4154%","20.7534%","27.0335%","34.9711%","45.8052%","45.7121%","44.3985%","49.6932%","52.4788%","-"
"Croatia","Internet banking","19.1354%","32.896%","38.3331%","33.2993%","40.7396%","46.4619%","50.1549%","55.5335%","57.958%","61.7256%","61.519%","-"
"Cuba","Connecting and installing new devices","-","-","-","0.144494%","11.8613%","13.8217%","15.2204%","-","-","-","-","-"
"Cuba","Finding, downloading, installing and configuring software","-","-","-","0.144494%","9.05547%","10.2849%","11.2864%","-","-","-","-","-"
"Cuba","Transferring files between a computer and other devices","-","-","-","17.1245%","16.7121%","17.5571%","20.081%","-","-","-","-","-"
"Cuba","Doing an online course","-","-","-","2.44649%","-","3.37628%","-","-","-","-","-","-"
"Cuba","Purchasing or ordering goods or services","-","-","-","0.115286%","-","-","-","-","-","-","-","-"
"Cuba","Internet banking","-","-","0.0379568%","0.205628%","1.8097%","4.59096%","-","-","-","-","-","-"
"Curacao","Connecting and installing new devices","-","-","-","12.022%","-","-","-","-","-","-","-","-"
"Curacao","Finding, downloading, installing and configuring software","-","-","-","18.0956%","-","-","-","-","-","-","-","-"
"Curacao","Transferring files between a computer and other devices","-","-","-","22.715%","-","-","-","-","-","-","-","-"
"Curacao","Doing an online course","-","-","-","-","-","-","-","-","-","-","-","-"
"Curacao","Purchasing or ordering goods or services","-","-","-","-","-","-","-","-","-","-","-","-"
"Curacao","Internet banking","-","-","-","-","-","-","-","-","-","-","-","-"
"Cyprus","Connecting and installing new devices","34.9958%","-","-","-","-","-","-","-","-","-","-","-"
"Cyprus","Finding, downloading, installing and configuring software","-","32.9986%","47.5047%","44.5126%","-","43.879%","-","-","-","-","-","-"
"Cyprus","Transferring files between a computer and other devices","45.8187%","44.478%","43.0755%","48.6785%","-","46.378%","-","-","-","-","-","-"
"Cyprus","Doing an online course","-","3.01004%","3.32004%","-","-","5.67038%","18.7391%","19.6725%","15.876%","12.0874%","-","-"
"Cyprus","Purchasing or ordering goods or services","23.057%","18.6363%","22.1427%","-","19.6976%","-","31.1086%","43.8202%","33.6702%","50.571%","-","-"
"Cyprus","Internet banking","24.204%","20.4735%","27.7183%","-","33.2807%","13.2774%","52.1156%","64.7126%","63.9432%","70.8616%","-","-"
"Czech Republic","Connecting and installing new devices","35.0047%","-","-","-","-","-","-","-","-","-","-","-"
"Czech Republic","Finding, downloading, installing and configuring software","-","26.1542%","-","-","-","47.8481%","-","43.9981%","-","55.445%","-","-"
"Czech Republic","Transferring files between a computer and other devices","51.7683%","52.2299%","-","60.679%","-","55.6584%","-","48.7109%","-","58.2628%","-","-"
"Czech Republic","Doing an online course","-","2.60588%","2.61228%","2.99289%","-","5.6132%","8.40609%","15.9878%","15.2926%","16.9347%","19.157%","-"
"Czech Republic","Purchasing or ordering goods or services","23.6014%","24.2656%","26.6814%","31.3248%","53.9144%","58.8092%","53.797%","57.4645%","60.5283%","62.9306%","67.7354%","-"
"Czech Republic","Internet banking","42.8828%","45.0877%","47.3563%","51.77%","57.5628%","62.5294%","64.0848%","66.8458%","70.799%","73.3114%","77.0462%","-"
"Côte d'Ivoire","Connecting and installing new devices","-","5.025%","5.86099%","6.656%","5.44377%","4.49276%","-","-","13.2696%","5.40349%","-","-"
"Côte d'Ivoire","Finding, downloading, installing and configuring software","-","8.29537%","8.43613%","8.56998%","7.44264%","6.52793%","-","-","13.1225%","10.5085%","-","-"
"Côte d'Ivoire","Transferring files between a computer and other devices","-","-","-","8.04886%","6.45618%","5.21556%","-","-","10.2714%","7.66948%","-","-"
"Côte d'Ivoire","Doing an online course","-","-","-","-","-","0.705448%","-","-","3.16557%","3.89787%","-","-"
"Côte d'Ivoire","Purchasing or ordering goods or services","-","-","-","-","-","3.46213%","-","-","7.62035%","3.9842%","-","-"
"Côte d'Ivoire","Internet banking","-","-","-","-","-","0.465582%","-","-","0.753707%","-","-","-"
"Denmark","Connecting and installing new devices","66.3749%","-","-","-","-","-","-","-","-","-","-","-"
"Denmark","Finding, downloading, installing and configuring software","-","71.4566%","72.6838%","61.3845%","-","64.5496%","-","65.019%","-","-","-","-"
"Denmark","Transferring files between a computer and other devices","71.2595%","70.8585%","67.4464%","-","-","61.0387%","-","64.2983%","-","65.7302%","-","-"
"Denmark","Doing an online course","-","7.3691%","-","9.24036%","-","-","15.1611%","22.2947%","14.6497%","15.3349%","15.0534%","-"
"Denmark","Purchasing or ordering goods or services","66.4042%","67.3369%","71.1238%","68.8157%","73.0395%","-","74.5686%","82.4564%","77.8115%","79.7762%","81.7492%","-"
"Denmark","Internet banking","84.2813%","84.8871%","87.8646%","89.772%","89.4731%","-","91.3323%","94.5643%","94.3341%","96.2038%","97.7333%","-"
"Djibouti","Connecting and installing new devices","-","-","-","13.1375%","-","-","-","-","-","-","-","-"
"Djibouti","Finding, downloading, installing and configuring software","-","-","-","13.0311%","-","-","-","-","-","-","-","-"
"Djibouti","Transferring files between a computer and other devices","-","-","-","15.9435%","-","-","-","-","-","-","-","-"
"Djibouti","Doing an online course","-","-","-","-","-","-","-","-","-","-","-","-"
"Djibouti","Purchasing or ordering goods or services","-","-","-","-","-","-","-","-","-","-","-","-"
"Djibouti","Internet banking","-","-","-","-","-","-","-","-","-","-","-","-"
"Dominican Rep.","Connecting and installing new devices","-","16.3657%","-","-","-","-","-","-","9.3441%","-","-","-"
"Dominican Rep.","Finding, downloading, installing and configuring software","-","12.5663%","-","-","-","-","-","-","9.02385%","-","-","-"
"Dominican Rep.","Transferring files between a computer and other devices","-","22.2557%","-","-","-","-","-","-","14.2416%","-","-","-"
"Dominican Rep.","Doing an online course","-","-","-","-","-","-","-","-","17.1112%","-","-","-"
"Dominican Rep.","Purchasing or ordering goods or services","-","-","-","-","-","-","-","-","13.5511%","-","-","-"
"Dominican Rep.","Internet banking","-","-","-","-","-","-","-","-","20.3313%","-","-","-"
"Ecuador","Connecting and installing new devices","-","-","-","-","22.1109%","17.5475%","16.452%","-","10.2995%","9.45991%","8.99908%","-"
"Ecuador","Finding, downloading, installing and configuring software","-","-","-","-","18.907%","15.2721%","13.5385%","-","6.89947%","6.47653%","5.60079%","-"
"Ecuador","Transferring files between a computer and other devices","-","-","-","-","18.0713%","20.9793%","19.9551%","-","12.61%","13.2057%","12.3623%","-"
"Ecuador","Doing an online course","-","-","-","-","-","-","-","-","-","-","25.0349%","-"
"Ecuador","Purchasing or ordering goods or services","-","-","-","-","-","-","-","-","2.68999%","2.32964%","3.32363%","-"
"Ecuador","Internet banking","-","-","-","-","-","-","-","-","5.48467%","6.17961%","9.91248%","-"
"Egypt","Connecting and installing new devices","0.945646%","1.27506%","23.7774%","-","50.0255%","53.4575%","49.8821%","-","49.8821%","-","-","-"
"Egypt","Finding, downloading, installing and configuring software","0.641827%","1.34899%","24.6435%","-","38.4956%","51.5127%","63.1115%","-","63.1115%","-","-","-"
"Egypt","Transferring files between a computer and other devices","2.72868%","3.17556%","29.0969%","-","50.3947%","53.821%","49.6734%","-","49.6734%","-","-","-"
"Egypt","Doing an online course","0.475228%","1.25557%","1.66455%","3.47502%","3.94723%","4.93739%","6.57511%","-","5.46341%","-","-","-"
"Egypt","Purchasing or ordering goods or services","0.484491%","0.830117%","1.02909%","3.73933%","5.62131%","10.1727%","-","-","36.1433%","-","-","-"
"Egypt","Internet banking","0.144653%","0.14246%","0.17249%","0.137839%","0.216765%","0.283756%","0.438677%","-","5.6258%","-","-","-"
"El Salvador","Connecting and installing new devices","-","-","-","-","-","-","-","-","-","-","-","-"
"El Salvador","Finding, downloading, installing and configuring software","-","-","-","-","-","-","-","-","-","-","-","-"
"El Salvador","Transferring files between a computer and other devices","-","-","-","-","-","-","-","-","-","-","-","-"
"El Salvador","Doing an online course","12.7328%","-","-","-","-","-","-","-","-","-","-","-"
"El Salvador","Purchasing or ordering goods or services","0.0631153%","-","-","0.0999836%","-","0.182446%","0.153558%","-","-","-","-","-"
"El Salvador","Internet banking","0.0197552%","-","-","0.0345467%","-","0.0228693%","0.0467341%","-","-","-","-","-"
"Estonia","Connecting and installing new devices","53.3091%","-","-","-","-","-","-","-","-","-","-","-"
"Estonia","Finding, downloading, installing and configuring software","32.1253%","46.6826%","44.7527%","50.9043%","-","57.5338%","-","50.0725%","-","-","-","-"
"Estonia","Transferring files between a computer and other devices","54.8619%","58.2521%","53.0237%","54.0094%","-","56.5036%","-","54.6189%","-","59.8669%","-","-"
"Estonia","Doing an online course","-","8.65239%","8.40607%","46.1474%","-","-","21.676%","31.4416%","25.5843%","26.7924%","22.9119%","-"
"Estonia","Purchasing or ordering goods or services","36.9347%","45.8378%","45.0229%","-","-","-","-","-","-","-","-","-"
"Estonia","Internet banking","76.5624%","80.6708%","78.5848%","-","80.353%","80.718%","79.8382%","81.5141%","83.3713%","84.8845%","83.3752%","-"
"Finland","Connecting and installing new devices","65.8428%","-","-","-","-","-","-","-","-","-","-","-"
"Finland","Finding, downloading, installing and configuring software","-","57.1681%","58.005%","59.8443%","-","63.1036%","-","63.991%","-","67.0645%","-","-"
"Finland","Transferring files between a computer and other devices","68.5799%","60.0295%","60.7377%","62.2757%","-","63.0026%","-","65.3146%","-","66.4349%","-","-"
"Finland","Doing an online course","-","12.1268%","13.3743%","-","-","-","26.1296%","28.2214%","27.4526%","26.5056%","-","-"
"Finland","Purchasing or ordering goods or services","49.4298%","46.1467%","44.7353%","-","-","-","54.3124%","56.9314%","58.0567%","58.5046%","-","-"
"Finland","Internet banking","80.183%","80.2384%","80.6979%","-","-","-","87.2326%","88.9166%","89.8999%","89.9767%","-","-"
"France","Connecting and installing new devices","49.0987%","-","-","-","-","-","-","-","-","-","-","-"
"France","Finding, downloading, installing and configuring software","-","-","-","-","-","49.1626%","-","53.2528%","-","48.5164%","-","-"
"France","Transferring files between a computer and other devices","67.256%","56.3519%","53.5792%","54.6735%","-","54.6041%","-","-","-","-","-","-"
"France","Doing an online course","-","4.51243%","4.55014%","-","-","6.99819%","-","16.579%","13.4589%","12.2696%","30.5449%","-"
"France","Purchasing or ordering goods or services","48.7539%","45.0992%","47.6666%","-","50.0074%","52.5356%","-","59.564%","57.8938%","59.6221%","62.9438%","-"
"France","Internet banking","57.5952%","53.1735%","54.1279%","-","57.5293%","59.5814%","-","65.4484%","62.0789%","66.3477%","66.1278%","-"
"Georgia","Connecting and installing new devices","-","-","20.7124%","15.1494%","16.7197%","17.9007%","16.511%","16.126%","16.1332%","15.0667%","-","-"
"Georgia","Finding, downloading, installing and configuring software","-","-","17.8208%","10.7448%","10.5639%","14.3272%","12.3929%","13.7301%","14.1662%","12.7385%","-","-"
"Georgia","Transferring files between a computer and other devices","-","-","25.6946%","21.2343%","21.4372%","24.9354%","22.3965%","24.3228%","23.4611%","23.0307%","-","-"
"Georgia","Doing an online course","-","-","6.22395%","3.66207%","6.68032%","5.86387%","8.38027%","10.6556%","7.45589%","5.30104%","-","-"
"Georgia","Purchasing or ordering goods or services","-","-","5.56129%","6.75571%","8.58358%","9.99152%","10.0876%","10.9645%","13.4588%","18.3974%","-","-"
"Georgia","Internet banking","-","-","12.277%","11.9918%","16.6478%","20.4964%","25.184%","27.8296%","32.5416%","38.6061%","-","-"
"Germany","Connecting and installing new devices","49.0471%","-","-","-","-","-","-","-","-","-","-","-"
"Germany","Finding, downloading, installing and configuring software","-","60.2977%","57.9989%","56.8856%","-","62.6836%","-","44.0255%","-","52.6162%","-","-"
"Germany","Transferring files between a computer and other devices","65.3022%","60.2709%","55.6058%","57.252%","-","59.191%","-","52.7735%","-","59.5629%","-","-"
"Germany","Doing an online course","-","4.1171%","3.81511%","-","-","-","10.5591%","11.993%","9.60175%","8.86925%","10.098%","-"
"Germany","Purchasing or ordering goods or services","61.3523%","63.8413%","54.4842%","-","-","62.4809%","66.4575%","69.0011%","66.2303%","67.5177%","66.7616%","-"
"Germany","Internet banking","48.7628%","50.9821%","44.8129%","47.7174%","-","52.9502%","56.4392%","50.35%","48.5757%","57.223%","66.9242%","-"
"Greece","Connecting and installing new devices","42.5164%","-","-","-","-","-","-","-","-","-","-","-"
"Greece","Finding, downloading, installing and configuring software","-","19.7564%","22.0575%","23.0631%","-","24.643%","-","40.6061%","-","43.6283%","-","-"
"Greece","Transferring files between a computer and other devices","45.9419%","47.074%","49.4026%","50.0603%","-","54.378%","-","56.4653%","-","58.8944%","-","-"
"Greece","Doing an online course","-","5.1398%","5.4009%","-","-","-","13.3582%","24.3306%","21.7412%","11.9694%","19.167%","-"
"Greece","Purchasing or ordering goods or services","19.8078%","23.6852%","23.4429%","-","-","-","38.2839%","46.7618%","45.8039%","48.2996%","53.894%","-"
"Greece","Internet banking","13.1443%","13.8697%","19.1595%","-","-","-","36.5463%","42.4047%","49.7792%","52.0123%","53.8703%","-"
"Hong Kong, China","Connecting and installing new devices","-","-","-","-","26.3543%","28.2875%","26.1921%","33.8424%","39.386%","43.2558%","-","-"
"Hong Kong, China","Finding, downloading, installing and configuring software","-","-","-","-","29.9801%","39.4092%","32.5619%","39.1893%","45.1385%","51.6492%","-","-"
"Hong Kong, China","Transferring files between a computer and other devices","-","-","-","-","21.1319%","43.0725%","24.5816%","42.5226%","35.1771%","41.3868%","-","-"
"Hong Kong, China","Doing an online course","-","-","-","-","-","-","-","-","-","-","-","-"
"Hong Kong, China","Purchasing or ordering goods or services","20.6459%","-","20.91%","-","34.3446%","-","41.2521%","-","44.869%","-","-","-"
"Hong Kong, China","Internet banking","23.0786%","-","27.7122%","-","32.4993%","-","46.2358%","-","55.8242%","-","-","-"
"Hungary","Connecting and installing new devices","43.3773%","-","-","-","-","-","-","-","-","-","-","-"
"Hungary","Finding, downloading, installing and configuring software","-","32.267%","35.4634%","35.9082%","-","36.445%","-","35.0299%","-","-","41.2098%","-"
"Hungary","Transferring files between a computer and other devices","49.651%","54.3007%","54.6053%","51.8735%","-","46.2822%","-","-","-","-","-","-"
"Hungary","Doing an online course","-","2.94262%","3.81512%","4.03566%","-","5.59389%","12.3365%","11.8691%","11.8266%","11.5927%","11.4195%","-"
"Hungary","Purchasing or ordering goods or services","20.1557%","23.7636%","27.3831%","26.166%","28.7533%","-","49.2673%","57.6239%","60.7525%","58.981%","61.7269%","-"
"Hungary","Internet banking","30.5217%","34.8495%","36.3285%","37.6994%","41.2699%","46.701%","51.3055%","55.9841%","61.0449%","65.5192%","66.8465%","-"
"Iceland","Connecting and installing new devices","66.1638%","-","-","-","-","-","-","-","-","-","-","-"
"Iceland","Finding, downloading, installing and configuring software","-","-","-","70.0755%","-","74.1466%","-","73.6131%","-","-","-","-"
"Iceland","Transferring files between a computer and other devices","73.6323%","-","-","72.5971%","-","-","-","-","-","-","-","-"
"Iceland","Doing an online course","-","-","-","-","-","-","-","-","-","-","-","-"
"Iceland","Purchasing or ordering goods or services","48.205%","-","-","-","-","-","-","-","-","-","-","-"
"Iceland","Internet banking","91.3981%","-","-","-","-","-","-","-","-","-","-","-"
"India","Connecting and installing new devices","-","-","-","-","-","-","-","-","-","-","-","-"
"India","Finding, downloading, installing and configuring software","-","-","-","-","-","-","-","-","-","-","-","-"
"India","Transferring files between a computer and other devices","-","-","-","-","-","-","-","-","-","-","-","-"
"India","Doing an online course","-","-","-","-","-","-","-","-","-","-","-","-"
"India","Purchasing or ordering goods or services","-","-","-","-","-","-","-","-","-","-","-","-"
"India","Internet banking","-","-","-","-","-","-","-","-","-","-","-","48.9%"
"Indonesia","Connecting and installing new devices","-","18.1015%","20.029%","20.1519%","-","-","-","-","-","-","-","-"
"Indonesia","Finding, downloading, installing and configuring software","-","9.95004%","21.8433%","25.5194%","-","-","-","-","-","-","-","-"
"Indonesia","Transferring files between a computer and other devices","-","48.191%","48.2446%","50.6871%","-","-","-","-","-","-","-","-"
"Indonesia","Doing an online course","-","-","-","-","-","-","-","-","-","-","7.25215%","-"
"Indonesia","Purchasing or ordering goods or services","-","2.49902%","3.36371%","2.61847%","-","6.11976%","7.70043%","10.095%","10.9787%","13.495%","17.9833%","-"
"Indonesia","Internet banking","-","1.84899%","2.37214%","1.64183%","-","3.08252%","3.82054%","4.83336%","4.62188%","6.56033%","8.42008%","-"
"Iran (Islamic Republic of)","Connecting and installing new devices","-","5.53325%","-","7.02204%","-","-","-","3.02655%","-","-","-","-"
"Iran (Islamic Republic of)","Finding, downloading, installing and configuring software","-","11.6347%","-","8.70205%","-","-","-","7.66465%","-","-","-","-"
"Iran (Islamic Republic of)","Transferring files between a computer and other devices","-","13.4706%","-","19.9547%","-","-","-","8.93657%","-","-","-","-"
"Iran (Islamic Republic of)","Doing an online course","-","0.919855%","-","1.23585%","-","-","-","24.8801%","-","-","-","-"
"Iran (Islamic Republic of)","Purchasing or ordering goods or services","-","6.12866%","-","11.8989%","-","-","-","14.9414%","-","-","-","-"
"Iran (Islamic Republic of)","Internet banking","-","13.6006%","-","12.2162%","-","-","-","24.8249%","-","-","-","-"
"Iraq","Connecting and installing new devices","8.3%","-","-","-","-","0.70838%","-","-","4.29087%","-","-","-"
"Iraq","Finding, downloading, installing and configuring software","23%","-","-","-","-","0.416111%","-","-","3.16122%","-","-","-"
"Iraq","Transferring files between a computer and other devices","6.9%","-","-","-","-","1.12892%","-","-","7.53124%","-","-","-"
"Iraq","Doing an online course","-","-","-","-","-","-","-","-","1.654%","-","-","-"
"Iraq","Purchasing or ordering goods or services","-","-","-","-","-","-","-","-","5.49759%","-","-","-"
"Iraq","Internet banking","-","-","-","-","-","-","-","-","0.414842%","-","-","-"
"Ireland","Connecting and installing new devices","36.6347%","-","-","-","32.9999%","32.9991%","33%","-","-","-","-","-"
"Ireland","Finding, downloading, installing and configuring software","-","36.3342%","-","52.7%","57.0001%","56.7471%","57%","-","-","-","-","-"
"Ireland","Transferring files between a computer and other devices","41.1984%","35.6288%","-","50.5%","46%","44.0001%","45.9999%","-","-","-","-","-"
"Ireland","Doing an online course","-","4.38139%","-","-","-","-","-","-","-","-","-","-"
"Ireland","Purchasing or ordering goods or services","45.2552%","45.5943%","-","-","-","-","-","-","-","-","-","-"
"Ireland","Internet banking","50.408%","53.633%","-","-","-","-","-","-","-","-","-","-"
"Israel","Connecting and installing new devices","-","-","-","-","-","-","-","-","-","-","-","-"
"Israel","Finding, downloading, installing and configuring software","-","-","-","-","-","-","-","-","-","-","-","-"
"Israel","Transferring files between a computer and other devices","-","-","-","-","-","-","-","-","-","-","-","-"
"Israel","Doing an online course","-","-","-","-","-","-","14.0898%","16.4708%","20.6886%","35.2847%","-","-"
"Israel","Purchasing or ordering goods or services","37.2845%","37.7466%","39.3327%","-","44.0843%","47.9727%","45.2084%","55.324%","58.0833%","56.6744%","58.8614%","-"
"Israel","Internet banking","38.1945%","38.6741%","40.443%","-","46.3492%","50.2459%","61.3208%","66.6652%","69.4936%","67.598%","71.1164%","-"
"Italy","Connecting and installing new devices","39.6112%","-","-","-","-","-","-","-","-","-","-","-"
"Italy","Finding, downloading, installing and configuring software","-","32.785%","34.9175%","-","-","-","-","-","-","50.4502%","-","-"
"Italy","Transferring files between a computer and other devices","45.287%","42.8772%","43.1545%","-","-","-","-","-","-","53.8575%","-","-"
"Italy","Doing an online course","-","3.49129%","4.25081%","4.32827%","-","-","12.1319%","-","18.8854%","17.4104%","-","-"
"Italy","Purchasing or ordering goods or services","13.6544%","16.0445%","17.9004%","25.1714%","-","-","-","-","37.2651%","39.3597%","-","-"
"Italy","Internet banking","23.4112%","24.8775%","25.7819%","24.3574%","-","-","31.3585%","-","48.3596%","51.7641%","-","-"
"Jamaica","Connecting and installing new devices","-","6.44241%","7.09969%","6.26289%","6.3164%","7.8729%","-","8.33885%","-","9.30352%","-","-"
"Jamaica","Finding, downloading, installing and configuring software","-","7.79497%","7.06092%","5.88182%","5.13374%","7.22611%","-","8.74199%","-","9.78054%","-","-"
"Jamaica","Transferring files between a computer and other devices","-","9.36617%","7.91446%","9.93204%","8.81675%","13.034%","-","13.4223%","-","-","-","-"
"Jamaica","Doing an online course","-","-","19.4491%","21.6217%","-","-","-","-","-","39.0683%","-","-"
"Jamaica","Purchasing or ordering goods or services","4.56156%","4.43032%","5.07024%","4.62916%","-","-","-","11.756%","-","16.5152%","-","-"
"Jamaica","Internet banking","4.75936%","3.8573%","5.07269%","6.16578%","-","-","-","15.6905%","-","22.1385%","-","-"
"Japan","Connecting and installing new devices","-","-","-","-","49.3845%","52.2349%","51.3547%","50.8466%","51.1732%","-","-","-"
"Japan","Finding, downloading, installing and configuring software","-","-","-","-","49.4445%","55.7123%","55.5728%","55.374%","56.0244%","-","-","-"
"Japan","Transferring files between a computer and other devices","-","-","-","-","37.149%","43.6425%","43.1941%","43.7536%","43.6499%","-","-","-"
"Japan","Doing an online course","-","-","-","-","5.08614%","8.64713%","11.4271%","14.9042%","15.8615%","-","-","-"
"Japan","Purchasing or ordering goods or services","34.5922%","33.5556%","36.4292%","36.4606%","36.0215%","48.5058%","46.4416%","49.2858%","51.3786%","-","-","-"
"Japan","Internet banking","7.97158%","8.36053%","11.1345%","11.4242%","9.90584%","16.4747%","15.0914%","17.2233%","19.9529%","-","-","-"
"Jordan","Connecting and installing new devices","-","-","-","-","-","-","-","-","-","9.09006%","-","-"
"Jordan","Finding, downloading, installing and configuring software","-","-","-","-","-","-","-","-","-","18.5128%","-","-"
"Jordan","Transferring files between a computer and other devices","-","-","-","-","-","-","-","-","-","9.91226%","-","-"
"Jordan","Doing an online course","-","-","-","-","-","-","-","-","-","2.56603%","-","-"
"Jordan","Purchasing or ordering goods or services","-","-","-","-","-","-","-","-","-","13.1728%","-","-"
"Jordan","Internet banking","-","-","-","-","-","-","-","-","-","9.83487%","-","-"
"Kazakhstan","Connecting and installing new devices","-","9.97509%","11.7713%","13.687%","14.5818%","14.6857%","16.8294%","16.606%","14.7677%","14.5887%","-","-"
"Kazakhstan","Finding, downloading, installing and configuring software","-","10.6003%","11.669%","15.5521%","16.961%","17.5374%","17.6942%","17.4405%","19.3335%","21.8215%","-","-"
"Kazakhstan","Transferring files between a computer and other devices","-","16.3426%","17.4238%","17.4177%","19.1495%","19.5697%","22.3329%","20.2319%","20.9399%","21.496%","-","-"
"Kazakhstan","Doing an online course","-","3.24059%","3.35541%","2.39967%","3.36446%","3.69236%","5.1948%","5.41075%","5.5994%","7.78289%","-","-"
"Kazakhstan","Purchasing or ordering goods or services","-","6.11703%","11.6262%","13.2719%","15.487%","15.4194%","17.2698%","16.9602%","15.8205%","20.8781%","-","-"
"Kazakhstan","Internet banking","-","2.49531%","6.72413%","6.77987%","13.0558%","14.7159%","17.8349%","18.0003%","25.9402%","24.8613%","-","-"
"Kenya","Connecting and installing new devices","-","-","-","-","-","-","-","-","-","-","-","-"
"Kenya","Finding, downloading, installing and configuring software","-","-","-","-","-","-","-","-","-","-","-","-"
"Kenya","Transferring files between a computer and other devices","-","-","-","-","-","-","-","-","-","-","-","-"
"Kenya","Doing an online course","-","0%","-","-","-","-","-","-","-","-","-","-"
"Kenya","Purchasing or ordering goods or services","-","0%","-","-","-","2.85634%","-","-","-","-","-","-"
"Kenya","Internet banking","-","0.634451%","-","-","-","-","-","-","-","-","-","-"
"Korea (Rep. of)","Connecting and installing new devices","-","38.8903%","43.6091%","53.5007%","52.5258%","53.9613%","57.3783%","76.0702%","63.9077%","61.3696%","70.6797%","-"
"Korea (Rep. of)","Finding, downloading, installing and configuring software","-","48.7366%","56.1888%","51.0098%","51.0327%","52.5041%","54.2207%","83.619%","72.4804%","65.7773%","73.9329%","-"
"Korea (Rep. of)","Transferring files between a computer and other devices","-","47.7833%","51.3996%","48.4166%","50.3189%","51.0969%","56.1257%","73.3233%","65.2984%","66.7638%","-","-"
"Korea (Rep. of)","Doing an online course","8.07321%","12.1473%","14.907%","18.7346%","18.0761%","21.0669%","29.8554%","33.4213%","34.5663%","30.7843%","30.0358%","-"
"Korea (Rep. of)","Purchasing or ordering goods or services","38.5741%","40.863%","45.5493%","58.348%","58.9739%","60.4036%","66.5322%","72.025%","70.2041%","73.4166%","78.75%","-"
"Korea (Rep. of)","Internet banking","44.9496%","51.7982%","55.7818%","62.8397%","64.037%","64.0899%","76.8923%","79.2357%","77.7874%","79.4745%","83.318%","-"
"Kosovo","Connecting and installing new devices","-","-","-","-","-","-","-","-","-","-","-","-"
"Kosovo","Finding, downloading, installing and configuring software","-","-","-","23.938%","-","-","-","-","-","-","-","-"
"Kosovo","Transferring files between a computer and other devices","-","-","-","38.2224%","-","-","-","-","-","-","-","-"
"Kosovo","Doing an online course","-","-","-","-","-","-","-","-","-","-","-","-"
"Kosovo","Purchasing or ordering goods or services","-","-","-","-","-","-","-","-","-","-","-","-"
"Kosovo","Internet banking","-","-","-","-","-","-","-","-","-","-","-","-"
"Kuwait","Connecting and installing new devices","-","-","-","-","49.2829%","49.2829%","38.6919%","38.6919%","-","34.3651%","-","-"
"Kuwait","Finding, downloading, installing and configuring software","-","-","-","-","66.0365%","66.0365%","65.0906%","65.0906%","-","61.4024%","-","-"
"Kuwait","Transferring files between a computer and other devices","-","-","-","-","52.086%","52.086%","44.4444%","44.4444%","-","46.3677%","-","-"
"Kuwait","Doing an online course","-","-","-","-","44.7849%","-","65.4694%","65.4694%","-","62.6027%","-","-"
"Kuwait","Purchasing or ordering goods or services","-","-","-","28%","58.0182%","-","63.0204%","63.0204%","-","61.4656%","-","-"
"Kuwait","Internet banking","-","-","-","25%","42.4381%","-","65.9592%","65.9592%","-","61.0234%","-","-"
"Latvia","Connecting and installing new devices","40.6396%","-","-","-","-","-","-","-","-","-","-","-"
"Latvia","Finding, downloading, installing and configuring software","-","27.3872%","-","49.1864%","-","45.0063%","-","50.8561%","-","43.9712%","-","-"
"Latvia","Transferring files between a computer and other devices","49.5415%","56.4107%","61.6474%","66.0545%","-","50.6863%","-","57.6818%","-","56.3245%","-","-"
"Latvia","Doing an online course","-","4.39522%","3.90694%","3.89706%","-","4.41822%","9.5474%","16.5782%","13.2557%","12.7985%","12.5368%","-"
"Latvia","Purchasing or ordering goods or services","23.686%","30.9672%","31.0651%","33.1022%","-","33.8635%","-","50.3328%","41.97%","46.1231%","48.5506%","-"
"Latvia","Internet banking","56.7634%","72.7098%","60.7352%","61.187%","-","71.581%","76.4046%","80.1014%","82.1347%","83.5819%","84.4566%","-"
"Lesotho","Connecting and installing new devices","-","-","-","-","-","4.03809%","-","-","-","-","-","-"
"Lesotho","Finding, downloading, installing and configuring software","-","-","-","-","-","6.00875%","-","-","-","-","-","-"
"Lesotho","Transferring files between a computer and other devices","-","-","-","-","-","12.5821%","-","-","-","-","-","-"
"Lesotho","Doing an online course","-","-","10.693%","-","-","-","-","-","-","-","-","-"
"Lesotho","Purchasing or ordering goods or services","-","-","1.72423%","-","-","-","-","-","-","-","-","-"
"Lesotho","Internet banking","-","-","3.17219%","-","-","-","-","-","-","-","-","-"
"Lithuania","Connecting and installing new devices","41.8974%","42.2856%","42.8819%","-","-","-","-","-","-","-","-","-"
"Lithuania","Finding, downloading, installing and configuring software","-","29.4673%","32.8037%","36.6695%","37.594%","44.5379%","-","45.0351%","-","45.8544%","-","-"
"Lithuania","Transferring files between a computer and other devices","56.2427%","54.6131%","54.3337%","56.7722%","58.2024%","57.7908%","-","52.5155%","-","53.3587%","-","-"
"Lithuania","Doing an online course","-","5.3907%","6.60596%","7.0489%","-","7.39543%","16.317%","16.6805%","14.8346%","14.8175%","-","-"
"Lithuania","Purchasing or ordering goods or services","18.5059%","21.953%","24.2699%","29.3742%","-","37.877%","41.6315%","50.5584%","46.2544%","48.3244%","-","-"
"Lithuania","Internet banking","53.5678%","50.1634%","54.1991%","56.1886%","-","64.7275%","67.5995%","72.3879%","74.8184%","75.7275%","-","-"
"Luxembourg","Connecting and installing new devices","63.9904%","-","72.8921%","-","-","-","-","-","-","-","-","-"
"Luxembourg","Finding, downloading, installing and configuring software","-","69.7571%","-","71.3118%","-","57.2175%","-","57.9804%","-","56.7099%","-","-"
"Luxembourg","Transferring files between a computer and other devices","70.7446%","74.6351%","74.4174%","75.6911%","-","48.9804%","-","65.2276%","-","-","-","-"
"Luxembourg","Doing an online course","-","9.6937%","-","9.34074%","-","-","21.8035%","27.4389%","18.7738%","18.2855%","5.78283%","-"
"Luxembourg","Purchasing or ordering goods or services","62.3916%","63.4878%","68.6406%","-","-","-","68.9366%","69.7429%","70.3335%","70.2671%","69.6322%","-"
"Luxembourg","Internet banking","66.508%","65.0972%","70.9091%","76.4205%","-","-","70.6329%","71.7559%","69.96%","71.139%","76.0551%","-"
"Macao, China","Connecting and installing new devices","-","-","-","-","28.6146%","31.2159%","-","24.9108%","-","-","-","-"
"Macao, China","Finding, downloading, installing and configuring software","-","-","-","-","42.1036%","44.9821%","-","40.9126%","-","-","-","-"
"Macao, China","Transferring files between a computer and other devices","-","-","-","-","38.0362%","38.8325%","-","34.9216%","-","-","-","-"
"Macao, China","Doing an online course","13.1928%","12.9553%","16.1359%","-","21.3854%","-","-","-","-","-","-","-"
"Macao, China","Purchasing or ordering goods or services","9.65815%","10.2687%","12.3796%","44.2429%","15.1414%","-","-","27.3941%","-","-","-","-"
"Macao, China","Internet banking","10.77%","16.1694%","15.0416%","-","28.2332%","-","-","53.7172%","-","-","-","-"
"Malawi","Connecting and installing new devices","-","-","-","-","-","-","-","-","-","1.92865%","-","-"
"Malawi","Finding, downloading, installing and configuring software","-","-","-","-","-","-","-","-","-","3.61897%","-","-"
"Malawi","Transferring files between a computer and other devices","-","-","-","-","-","-","-","-","-","2.49672%","-","-"
"Malawi","Doing an online course","-","-","-","-","-","-","-","-","-","-","-","-"
"Malawi","Purchasing or ordering goods or services","-","-","-","-","-","-","-","-","-","1.14702%","-","-"
"Malawi","Internet banking","-","-","-","-","-","-","-","-","-","0.588204%","-","-"
"Malaysia","Connecting and installing new devices","-","20.6661%","-","48.3645%","49.484%","50.6476%","57.5744%","63.3759%","63.4977%","63.8463%","64.485%","-"
"Malaysia","Finding, downloading, installing and configuring software","-","28.1399%","-","33.6705%","34.6923%","37.0775%","46.2293%","55.9131%","58.1568%","58.6865%","59.2454%","-"
"Malaysia","Transferring files between a computer and other devices","-","33.6001%","-","42.4423%","43.3657%","44.9529%","54.614%","62.0966%","66.6132%","67.1%","-","-"
"Malaysia","Doing an online course","-","1.35106%","-","3.86235%","6.1426%","-","-","-","25.7112%","26.3296%","26.8494%","-"
"Malaysia","Purchasing or ordering goods or services","-","11.441%","-","18.6279%","20.1146%","29.6499%","40.3027%","62.2769%","68.5389%","69.0104%","69.4335%","-"
"Malaysia","Internet banking","-","19.4699%","-","30.1059%","34.3892%","42.5348%","55.4078%","68.1097%","72.8964%","73.4348%","73.9811%","-"
"Malta","Connecting and installing new devices","33.8466%","-","-","-","-","-","-","-","-","-","-","-"
"Malta","Finding, downloading, installing and configuring software","-","43.6304%","46.8871%","50.1734%","-","53.9018%","57.8976%","59.9438%","-","63.4332%","-","-"
"Malta","Transferring files between a computer and other devices","46.5702%","47.2119%","48.9942%","48.9516%","-","50.2908%","50.4337%","52.7158%","-","-","-","-"
"Malta","Doing an online course","-","4.5314%","3.12014%","-","-","11.5187%","19.4564%","26.997%","22.62%","23.5791%","-","-"
"Malta","Purchasing or ordering goods or services","41.2526%","43.263%","38.8513%","-","-","49.6556%","54.4832%","-","58.9534%","69.7299%","-","-"
"Malta","Internet banking","44.4742%","46.6556%","43.5768%","45.3339%","50.9123%","53.8764%","60.324%","62.8184%","66.3178%","67.3754%","-","-"
"Mauritius","Connecting and installing new devices","-","-","-","-","-","-","24.0083%","-","-","-","-","-"
"Mauritius","Finding, downloading, installing and configuring software","-","-","-","-","-","-","19.2468%","-","-","-","-","-"
"Mauritius","Transferring files between a computer and other devices","-","-","-","-","-","-","32.0032%","-","-","-","-","-"
"Mauritius","Doing an online course","8.76944%","-","-","-","12.3464%","-","-","-","-","-","-","-"
"Mauritius","Purchasing or ordering goods or services","5.86384%","-","-","-","6.60115%","-","9.7229%","-","-","-","-","-"
"Mauritius","Internet banking","4.60191%","-","-","-","6.51758%","-","10.4562%","-","-","-","-","-"
"Mexico","Connecting and installing new devices","-","-","21.517%","25.4839%","26.8193%","22.2011%","21.251%","21.7508%","21.9143%","22.2856%","-","-"
"Mexico","Finding, downloading, installing and configuring software","-","-","16.7429%","21.8609%","23.3511%","18.1808%","18.0594%","18.4725%","18.3244%","18.9689%","-","-"
"Mexico","Transferring files between a computer and other devices","-","-","-","29.2119%","30.4944%","-","-","-","-","-","-","-"
"Mexico","Doing an online course","16.2735%","-","-","2.85918%","-","21.7622%","29.8306%","30.4597%","28.1163%","26.3018%","-","-"
"Mexico","Purchasing or ordering goods or services","1.81679%","5.58814%","6.55479%","5.10378%","3.62398%","15.3799%","19.6113%","22.7669%","24.0473%","27.086%","-","-"
"Mexico","Internet banking","0.649259%","5.35011%","5.87967%","15.1752%","59.2379%","8.91124%","11.1514%","13.1252%","11.9798%","13.4458%","-","-"
"Mongolia","Connecting and installing new devices","-","-","-","-","11.11%","8.88001%","-","-","-","-","-","-"
"Mongolia","Finding, downloading, installing and configuring software","-","-","-","-","10.59%","9.71002%","-","32.6984%","-","-","-","-"
"Mongolia","Transferring files between a computer and other devices","-","-","-","-","11.15%","9.21999%","-","28.0749%","-","-","-","-"
"Mongolia","Doing an online course","-","-","-","-","-","-","-","-","-","-","-","-"
"Mongolia","Purchasing or ordering goods or services","-","-","-","-","-","-","-","-","-","-","-","-"
"Mongolia","Internet banking","-","-","-","-","-","-","-","-","-","-","-","-"
"Montenegro","Connecting and installing new devices","-","-","-","37.6605%","-","-","-","-","-","-","-","-"
"Montenegro","Finding, downloading, installing and configuring software","-","22.4847%","28.6624%","37.6605%","39.49%","41.0675%","45.3906%","49.0912%","50.1699%","-","52.0313%","-"
"Montenegro","Transferring files between a computer and other devices","-","63.041%","65.574%","68.6903%","68.7777%","70.4726%","70.4525%","-","-","-","-","-"
"Montenegro","Doing an online course","-","-","-","-","-","7.3929%","10.3615%","12.9044%","9.63754%","-","9.19211%","-"
"Montenegro","Purchasing or ordering goods or services","-","-","-","-","-","-","-","-","-","-","-","-"
"Montenegro","Internet banking","-","1.67832%","1.55673%","3.83716%","1.89114%","3.15582%","7.4047%","8.0858%","11.3514%","-","16.1436%","-"
"Morocco","Connecting and installing new devices","22.8745%","19.7%","26.4861%","33.9195%","35.347%","35.457%","35.457%","37.855%","-","-","-","-"
"Morocco","Finding, downloading, installing and configuring software","19.8566%","22.6%","31.5858%","34.753%","34.9139%","36.7634%","36.7634%","40.2955%","-","-","-","-"
"Morocco","Transferring files between a computer and other devices","16.0327%","15.9%","23.8226%","24.3112%","25.3119%","25.9394%","25.9394%","26.401%","-","-","-","-"
"Morocco","Doing an online course","7.43748%","5.19428%","6.75946%","8.21829%","9.037%","-","-","17.9786%","-","-","-","-"
"Morocco","Purchasing or ordering goods or services","3.69035%","3.65312%","6.81773%","7.11418%","14.2406%","-","-","21.7757%","-","-","-","-"
"Morocco","Internet banking","3.8039%","4.96596%","7.34217%","7.9753%","8.87813%","-","-","19.3887%","-","-","-","-"
"Netherlands","Connecting and installing new devices","37.5%","-","-","-","-","-","-","-","-","-","-","-"
"Netherlands","Finding, downloading, installing and configuring software","-","63.4483%","67.1233%","68.0272%","66.2162%","70.4698%","-","-","-","-","-","-"
"Netherlands","Transferring files between a computer and other devices","61.8056%","59.3103%","60.274%","62.585%","57.4324%","63.7584%","-","-","-","-","-","-"
"Netherlands","Doing an online course","-","7.84058%","9.20627%","-","-","-","-","-","-","-","-","-"
"Netherlands","Purchasing or ordering goods or services","57.9109%","58.5122%","60.7186%","-","-","-","-","-","72.1785%","-","-","-"
"Netherlands","Internet banking","82.0807%","83.2863%","82.0883%","-","-","-","-","-","85.3018%","-","-","-"
"Niger","Connecting and installing new devices","-","-","-","4.55859%","-","-","-","-","8.00172%","-","-","-"
"Niger","Finding, downloading, installing and configuring software","-","-","-","3.65269%","-","-","-","-","6.37939%","-","-","-"
"Niger","Transferring files between a computer and other devices","-","-","-","5.37643%","-","-","-","-","-","-","-","-"
"Niger","Doing an online course","-","-","-","-","-","-","-","-","-","-","-","-"
"Niger","Purchasing or ordering goods or services","-","-","-","-","-","-","-","-","-","-","-","-"
"Niger","Internet banking","-","-","-","-","-","-","-","-","-","-","-","-"
"North Macedonia","Connecting and installing new devices","23.7557%","-","-","-","-","-","-","-","-","-","-","-"
"North Macedonia","Finding, downloading, installing and configuring software","-","24.5351%","17.5819%","-","-","-","-","-","-","-","-","-"
"North Macedonia","Transferring files between a computer and other devices","28.4544%","49.9584%","40.2118%","-","-","-","-","-","-","-","-","-"
"North Macedonia","Doing an online course","-","6.34317%","4.59173%","-","-","-","-","-","-","-","-","-"
"North Macedonia","Purchasing or ordering goods or services","7.34959%","7.71313%","10.5442%","-","-","-","-","-","-","-","-","-"
"North Macedonia","Internet banking","8.51951%","4.92389%","8.66437%","8.06242%","9.4273%","-","-","-","-","-","-","-"
"Norway","Connecting and installing new devices","67.7307%","-","-","-","-","-","-","-","-","-","-","-"
"Norway","Finding, downloading, installing and configuring software","-","71.2631%","66.6767%","74.3036%","-","81%","-","73%","-","72%","-","-"
"Norway","Transferring files between a computer and other devices","75.197%","60.9536%","52.2245%","54.8745%","-","65%","-","61%","-","61%","-","-"
"Norway","Doing an online course","-","9.7815%","11.8429%","12.5085%","-","-","17%","23%","25%","26%","-","-"
"Norway","Purchasing or ordering goods or services","59.5193%","60.9971%","60.8845%","-","-","-","68%","79%","79%","76%","-","-"
"Norway","Internet banking","89.2332%","90.3672%","91.2266%","90.8369%","-","-","93%","95%","95%","96%","-","-"
"Oman","Connecting and installing new devices","-","-","-","-","-","-","31.4667%","-","-","46.2953%","46.2953%","-"
"Oman","Finding, downloading, installing and configuring software","-","-","-","-","-","-","66.9124%","-","-","73.2002%","73.2002%","-"
"Oman","Transferring files between a computer and other devices","-","-","-","-","-","-","49.2335%","-","-","67.2622%","67.2622%","-"
"Oman","Doing an online course","-","-","7.39094%","-","-","-","26.5888%","-","-","43.424%","41.3622%","-"
"Oman","Purchasing or ordering goods or services","-","-","0.700248%","-","-","-","29.8274%","-","-","52.4008%","49.9126%","-"
"Oman","Internet banking","-","-","8.97314%","-","-","-","35.8181%","-","-","82.7286%","47.3379%","-"
"Pakistan","Connecting and installing new devices","-","-","-","-","-","1.59686%","1.6279%","-","-","-","-","-"
"Pakistan","Finding, downloading, installing and configuring software","-","-","3.44181%","-","-","2.59541%","2.4058%","-","-","-","-","-"
"Pakistan","Transferring files between a computer and other devices","-","-","2.43244%","-","-","2.65779%","2.56863%","-","-","-","-","-"
"Pakistan","Doing an online course","-","-","-","-","-","-","-","-","-","-","-","-"
"Pakistan","Purchasing or ordering goods or services","-","-","-","-","-","-","-","-","-","-","-","-"
"Pakistan","Internet banking","-","-","-","-","-","-","-","-","-","-","-","-"
"Paraguay","Connecting and installing new devices","-","-","-","-","-","-","-","-","-","-","-","-"
"Paraguay","Finding, downloading, installing and configuring software","-","-","-","-","-","-","-","-","-","-","-","-"
"Paraguay","Transferring files between a computer and other devices","-","-","-","-","-","-","-","-","-","-","-","-"
"Paraguay","Doing an online course","4.56976%","13.94%","-","14.1446%","14.1208%","17.3656%","24.1672%","21.6686%","18.4564%","16.7837%","-","-"
"Paraguay","Purchasing or ordering goods or services","0.246457%","4.57967%","-","5.82905%","7.43824%","11.5453%","11.7294%","13.5844%","16.1932%","18.3503%","-","-"
"Paraguay","Internet banking","-","2.77592%","-","3.10323%","2.97772%","4.30013%","5.25609%","6.81419%","10.3736%","15.6726%","-","-"
"Peru","Connecting and installing new devices","-","-","-","-","15.4844%","15.4704%","-","-","14.3983%","15.1764%","16.6301%","-"
"Peru","Finding, downloading, installing and configuring software","-","-","-","-","12.3296%","12.8006%","-","-","11.3203%","11.9549%","17.2211%","-"
"Peru","Transferring files between a computer and other devices","-","-","-","-","18.9239%","21.1074%","-","-","18.1434%","19.5443%","-","-"
"Peru","Doing an online course","2.79654%","3.02568%","3.66281%","4.21957%","5.29681%","5.70739%","-","-","16.2991%","15.907%","17.0746%","-"
"Peru","Purchasing or ordering goods or services","1.67791%","2.0242%","2.79261%","3.86307%","5.95164%","7.86661%","-","-","10.2107%","12.1928%","13.3223%","-"
"Peru","Internet banking","2.20055%","3.04148%","3.44527%","4.39958%","6.46033%","8.64642%","-","-","15.1456%","20.681%","30.2706%","-"
"Philippines","Connecting and installing new devices","-","-","-","-","-","-","-","-","-","-","-","-"
"Philippines","Finding, downloading, installing and configuring software","-","-","-","-","-","2.96785%","-","-","-","-","-","-"
"Philippines","Transferring files between a computer and other devices","-","-","-","-","-","5.67469%","-","-","-","-","-","-"
"Philippines","Doing an online course","-","-","-","-","-","-","-","-","-","-","-","-"
"Philippines","Purchasing or ordering goods or services","-","-","-","-","-","-","-","-","-","-","-","-"
"Philippines","Internet banking","-","-","-","-","-","-","-","-","-","-","-","-"
"Poland","Connecting and installing new devices","38.542%","-","-","-","-","-","-","-","-","-","-","-"
"Poland","Finding, downloading, installing and configuring software","-","26.8396%","32.5879%","-","33.9428%","38.8924%","46.258%","44.161%","52.2345%","51.2821%","55.5685%","-"
"Poland","Transferring files between a computer and other devices","39.7087%","43.3958%","46.6817%","48.723%","46.9955%","48.4202%","53.1188%","51.36%","57.4937%","55.1509%","-","-"
"Poland","Doing an online course","-","2.5988%","3.73607%","3.83144%","4.40887%","5.38081%","6.96353%","11.484%","8.39092%","9.27509%","17.435%","-"
"Poland","Purchasing or ordering goods or services","24.4726%","24.0825%","30.6729%","-","37.0737%","41.3854%","46.5957%","48.3026%","50.9076%","49.8666%","53.9229%","-"
"Poland","Internet banking","32.5875%","31.2011%","39.1123%","39.7654%","44.0114%","47.268%","49.4851%","52.2421%","55.5511%","59.0868%","56.7474%","-"
"Portugal","Connecting and installing new devices","47.073%","-","-","-","-","-","-","-","-","-","-","-"
"Portugal","Finding, downloading, installing and configuring software","-","31.3979%","31.8923%","36.7364%","-","40.8603%","-","35.3248%","-","36.7958%","-","-"
"Portugal","Transferring files between a computer and other devices","49.9056%","45.1135%","44.4243%","46.9102%","-","42.2798%","-","-","-","-","-","-"
"Portugal","Doing an online course","-","4.4315%","3.9302%","4.61306%","-","5.79451%","14.075%","20.1537%","16.1554%","15.2904%","33.0501%","-"
"Portugal","Purchasing or ordering goods or services","17.1217%","22.6273%","23.2731%","25.4468%","26.8219%","38.7209%","35.2485%","40.4438%","42.6744%","43.9455%","48.9423%","-"
"Portugal","Internet banking","25.2702%","28.2161%","28.8743%","31.2903%","38.5485%","41.9467%","47.0641%","52.8333%","57.447%","58.8845%","63.4899%","-"
"Qatar","Connecting and installing new devices","-","27.3399%","29.5755%","31.7694%","33.9633%","36.2934%","38.4804%","-","-","-","-","-"
"Qatar","Finding, downloading, installing and configuring software","-","37.3007%","37.3242%","37.2988%","37.2736%","37.1233%","37.1151%","-","-","-","-","-"
"Qatar","Transferring files between a computer and other devices","-","43.4646%","40.4849%","37.5741%","34.6633%","31.931%","29.0906%","-","-","-","-","-"
"Qatar","Doing an online course","-","8.51556%","7.13941%","5.71036%","4.28143%","3.02364%","1.65339%","-","-","-","-","-"
"Qatar","Purchasing or ordering goods or services","-","20.7464%","21.3605%","21.9428%","22.5253%","23.1521%","23.7858%","-","-","-","-","-"
"Qatar","Internet banking","-","20.1753%","19.0029%","17.9655%","16.9281%","15.8403%","14.7661%","-","-","-","-","-"
"Romania","Connecting and installing new devices","12.2479%","-","-","-","-","-","-","-","-","-","-","-"
"Romania","Finding, downloading, installing and configuring software","-","17.1292%","18.678%","20.8313%","-","33.5793%","-","24.6601%","-","25.3355%","-","-"
"Romania","Transferring files between a computer and other devices","19.1843%","55.6983%","59.9941%","62.0919%","-","71.6827%","-","-","-","-","-","-"
"Romania","Doing an online course","-","4.139%","2.6468%","-","-","3.02381%","3.29137%","4.77229%","3.27227%","3.24998%","10.5352%","-"
"Romania","Purchasing or ordering goods or services","5.8188%","7.6342%","7.7471%","-","-","14.5922%","22.1066%","23.0506%","27.0927%","31.7229%","-","-"
"Romania","Internet banking","4.1638%","5.3353%","5.0571%","-","6.86627%","8.35878%","11.6484%","15.494%","19.1898%","21.8874%","27.7175%","-"
"Russian Federation","Connecting and installing new devices","7.1706%","8.35356%","8.89706%","10.4965%","10.5552%","16.4159%","15.2271%","15.2041%","16.2061%","16.4857%","16.7003%","-"
"Russian Federation","Finding, downloading, installing and configuring software","3.0019%","3.35892%","2.84792%","3.65233%","2.91259%","6.18562%","5.86621%","6.10329%","7.46773%","13.2955%","14.3332%","-"
"Russian Federation","Transferring files between a computer and other devices","23.8291%","27.5887%","29.0163%","29.6259%","33.4034%","33.2221%","29.1941%","27.9154%","24.3645%","26.1208%","-","-"
"Russian Federation","Doing an online course","2.03981%","2.04465%","1.99336%","2.71302%","2.51765%","2.8127%","8.18883%","7.67183%","6.41249%","5.86681%","7.64247%","-"
"Russian Federation","Purchasing or ordering goods or services","9.73171%","10.7541%","12.7924%","14.3454%","20.1459%","27.5783%","30.3421%","36.4964%","46.5382%","52.6286%","64.5556%","-"
"Russian Federation","Internet banking","8.30963%","11.8665%","16.4428%","23.4893%","31.5638%","42.6629%","48.6978%","52.8231%","56.0152%","58.6162%","62.4956%","-"
"Saudi Arabia","Connecting and installing new devices","-","-","-","53%","57.46%","55.5795%","62.5%","79.2%","82.666%","85.666%","86.24%","-"
"Saudi Arabia","Finding, downloading, installing and configuring software","-","-","-","50%","51.1%","49.0087%","81.8%","89.5%","90.5448%","90.5478%","90.8%","-"
"Saudi Arabia","Transferring files between a computer and other devices","-","-","-","34.5696%","35.9%","34.5413%","53.7616%","71%","72%","75.27%","-","-"
"Saudi Arabia","Doing an online course","-","-","-","11.9477%","16.3559%","14.6525%","-","-","-","-","61.16%","-"
"Saudi Arabia","Purchasing or ordering goods or services","-","-","17.2254%","35.1035%","49.8022%","-","-","-","-","-","79.59%","-"
"Saudi Arabia","Internet banking","-","-","16.3009%","59.2%","59.0196%","-","-","-","-","-","90.04%","-"
"Serbia","Connecting and installing new devices","29.7764%","-","-","-","-","-","-","-","-","21.5785%","-","-"
"Serbia","Finding, downloading, installing and configuring software","-","19.0341%","-","-","-","-","-","49.1594%","-","52.0003%","-","-"
"Serbia","Transferring files between a computer and other devices","36.4978%","38.33%","46.99%","37.59%","-","43.1651%","-","-","-","39.4996%","-","-"
"Serbia","Doing an online course","-","3.393%","5.64846%","5.31085%","-","-","5.07724%","6.55136%","8.15661%","9.17208%","-","-"
"Serbia","Purchasing or ordering goods or services","-","15.3077%","18.5802%","-","-","-","-","-","-","45.8784%","-","-"
"Serbia","Internet banking","-","8.4394%","12.7881%","15.9434%","14.9328%","-","15.6799%","20.7539%","24.8377%","31.8207%","36.1131%","-"
"Singapore","Connecting and installing new devices","19.3665%","26.6155%","36.3981%","36.3981%","37.7638%","35.9262%","33.6123%","36.4677%","28.0594%","35.8667%","39.6888%","-"
"Singapore","Finding, downloading, installing and configuring software","23.3091%","34.0623%","42.6751%","42.6751%","54.8632%","53.1557%","50.4471%","60.5171%","55.5762%","57.9011%","64.7413%","-"
"Singapore","Transferring files between a computer and other devices","27.0643%","36.2521%","44.6619%","44.6619%","46.9644%","45.7176%","46.3092%","56.3924%","52.6432%","54.3458%","-","-"
"Singapore","Doing an online course","-","-","-","13.4327%","-","-","-","-","17.9425%","20.676%","23.5403%","-"
"Singapore","Purchasing or ordering goods or services","20.6833%","-","-","46.2202%","-","-","-","-","66.6233%","66.0844%","75.7701%","-"
"Singapore","Internet banking","24.2563%","-","-","49.6507%","-","-","-","-","76.0611%","73.1141%","85.3846%","-"
"Slovakia","Connecting and installing new devices","39.1795%","-","-","-","-","-","-","15.2792%","-","17.7846%","-","-"
"Slovakia","Finding, downloading, installing and configuring software","-","23.118%","27.1644%","30.0499%","-","32.5752%","-","38.7998%","-","36.9905%","-","-"
"Slovakia","Transferring files between a computer and other devices","52.7914%","56.2078%","57.3742%","62.2135%","-","61.9135%","-","27.4419%","-","27.9222%","-","-"
"Slovakia","Doing an online course","-","2.9552%","3.3176%","-","-","-","9.35249%","15.7284%","-","14.7616%","14.3528%","-"
"Slovakia","Purchasing or ordering goods or services","30.8539%","34.5443%","40.8752%","-","-","-","-","69.0736%","-","65.8427%","66.3794%","-"
"Slovakia","Internet banking","40.5901%","37.2707%","45.3709%","-","-","-","58.1993%","57.8933%","-","57.7206%","57.9866%","-"
"Slovenia","Connecting and installing new devices","36.4733%","-","-","-","-","-","-","-","-","-","-","-"
"Slovenia","Finding, downloading, installing and configuring software","-","30.157%","32.4498%","-","-","31.2425%","-","40.9092%","-","40.3503%","-","-"
"Slovenia","Transferring files between a computer and other devices","53.0969%","48.8217%","48.7967%","52.9567%","-","54.5297%","-","48.661%","-","50.9546%","-","-"
"Slovenia","Doing an online course","-","3.16323%","2.86122%","-","-","5.44122%","9.47246%","24.844%","26.0835%","20.3657%","21.5407%","-"
"Slovenia","Purchasing or ordering goods or services","26.0505%","27.9423%","-","34.7046%","38.9108%","44.7911%","51.605%","58.8409%","50.1617%","53.176%","54.0797%","-"
"Slovenia","Internet banking","32.2806%","33.6614%","35.2205%","39.054%","41.9245%","47.131%","51.7973%","57.1269%","56.8563%","60.6925%","63.9706%","-"
"South Africa","Connecting and installing new devices","-","-","-","-","-","8.86488%","-","-","-","-","-","-"
"South Africa","Finding, downloading, installing and configuring software","-","-","-","-","-","11.0954%","-","-","-","-","-","-"
"South Africa","Transferring files between a computer and other devices","-","-","-","-","-","11.7094%","-","-","-","-","-","-"
"South Africa","Doing an online course","-","-","-","-","-","-","-","-","-","-","-","-"
"South Africa","Purchasing or ordering goods or services","-","-","-","-","-","-","-","-","-","-","-","-"
"South Africa","Internet banking","-","-","-","-","-","-","-","-","-","-","-","-"
"Spain","Connecting and installing new devices","51.1791%","-","-","-","-","-","-","-","-","-","-","-"
"Spain","Finding, downloading, installing and configuring software","-","45.4586%","51.8871%","52.9715%","-","58.4464%","60.6486%","64.4352%","-","66.2381%","-","-"
"Spain","Transferring files between a computer and other devices","56.6363%","53.2509%","53.4303%","57.0411%","-","54.6774%","54.9942%","-","-","-","-","-"
"Spain","Doing an online course","-","10.5732%","10.6948%","12.4797%","-","14.8391%","26.4137%","27.761%","27.2638%","26.8118%","45.9031%","-"
"Spain","Purchasing or ordering goods or services","27.5313%","32.0656%","49.964%","40.0159%","-","46.9255%","53.8221%","55.2197%","55.2616%","55.8519%","56.6757%","-"
"Spain","Internet banking","37.4242%","39.3728%","43.1479%","46.1768%","-","54.8817%","62.0954%","65.1594%","69.6022%","71.453%","74.9449%","-"
"State of Palestine","Connecting and installing new devices","10.3138%","-","-","-","5.0862%","7.06287%","-","-","-","6.80662%","-","-"
"State of Palestine","Finding, downloading, installing and configuring software","-","-","-","-","7.40881%","4.67175%","-","-","-","9.21061%","-","-"
"State of Palestine","Transferring files between a computer and other devices","-","-","-","-","7.35%","11.7483%","-","-","-","9.40017%","-","-"
"State of Palestine","Doing an online course","24.9149%","-","-","-","-","0.96694%","-","-","-","1.83561%","-","-"
"State of Palestine","Purchasing or ordering goods or services","2.37392%","-","-","-","-","4.82407%","-","-","-","10.3966%","-","-"
"State of Palestine","Internet banking","1.3339%","-","-","-","-","2.03444%","-","-","-","3.16471%","-","-"
"Sudan","Connecting and installing new devices","-","-","2.8272%","-","-","-","-","-","-","-","-","-"
"Sudan","Finding, downloading, installing and configuring software","-","-","2.3622%","-","-","-","-","-","-","-","-","-"
"Sudan","Transferring files between a computer and other devices","-","-","2.914%","-","-","-","-","-","-","-","-","-"
"Sudan","Doing an online course","-","-","-","-","-","-","-","-","-","-","-","-"
"Sudan","Purchasing or ordering goods or services","-","-","-","-","-","-","-","-","-","-","-","-"
"Sudan","Internet banking","-","-","-","-","-","-","-","-","-","-","-","-"
"Sweden","Connecting and installing new devices","63.7223%","-","-","67.1459%","-","-","-","-","-","-","-","-"
"Sweden","Finding, downloading, installing and configuring software","-","67.9869%","65.1496%","-","-","-","-","45.0207%","-","61.3163%","-","-"
"Sweden","Transferring files between a computer and other devices","78.6924%","63.0812%","57.6007%","47.377%","-","48.8954%","-","-","-","-","-","-"
"Sweden","Doing an online course","-","6.5026%","7.62427%","16.2532%","-","-","20.7333%","24.7348%","21.7018%","20.118%","17.9494%","-"
"Sweden","Purchasing or ordering goods or services","61.5154%","56.2258%","59.1207%","60.3706%","-","-","69.0805%","73.5998%","71.9507%","77.5625%","75.1637%","-"
"Sweden","Internet banking","81.6625%","79.638%","79.4436%","77.9313%","-","-","82.1408%","81.1277%","81.8987%","82.3667%","80.5496%","-"
"Switzerland","Connecting and installing new devices","-","-","-","-","-","-","-","-","-","-","-","-"
"Switzerland","Finding, downloading, installing and configuring software","47.8799%","-","-","62.1857%","-","65.0267%","-","58.3401%","-","60.162%","-","-"
"Switzerland","Transferring files between a computer and other devices","-","-","-","57.7059%","-","60.5633%","-","76.7767%","-","72.6171%","-","-"
"Switzerland","Doing an online course","-","-","-","8.73898%","-","11.1377%","-","27.2598%","-","21.0437%","-","-"
"Switzerland","Purchasing or ordering goods or services","56.1577%","61.6146%","72.2799%","67.3068%","-","70.4171%","-","66.6302%","-","67.016%","-","-"
"Switzerland","Internet banking","49.2883%","-","-","61.1545%","-","68.3623%","-","72.9706%","-","79.6274%","-","-"
"Taiwan, Province of China","Connecting and installing new devices","-","-","-","-","-","-","-","-","-","-","-","-"
"Taiwan, Province of China","Finding, downloading, installing and configuring software","-","-","-","-","-","-","-","-","-","-","36.6624%","-"
"Taiwan, Province of China","Transferring files between a computer and other devices","-","-","-","-","-","-","-","-","-","-","-","-"
"Taiwan, Province of China","Doing an online course","-","-","-","-","-","-","-","-","3.95846%","12.2967%","12.3976%","-"
"Taiwan, Province of China","Purchasing or ordering goods or services","-","-","51.2433%","-","-","-","-","-","14.6734%","32.5423%","38.2128%","-"
"Taiwan, Province of China","Internet banking","-","-","25.3989%","-","-","-","-","-","5.33589%","30.9539%","44.4509%","-"
"Thailand","Connecting and installing new devices","-","-","-","-","9.21562%","9.48397%","9.4414%","-","-","-","-","-"
"Thailand","Finding, downloading, installing and configuring software","7.44984%","-","-","-","4.55807%","5.33447%","5.07608%","-","-","-","-","-"
"Thailand","Transferring files between a computer and other devices","25.7653%","-","-","-","11.2615%","10.2013%","11.5337%","-","-","-","-","-"
"Thailand","Doing an online course","-","-","-","9.777%","11.2177%","4.93994%","8.30889%","-","-","-","-","-"
"Thailand","Purchasing or ordering goods or services","2.05389%","2.42846%","3.45629%","4.63647%","7.11342%","17.9113%","33.8315%","-","-","-","-","-"
"Thailand","Internet banking","1.22769%","1.99135%","3.03069%","4.128%","6.68885%","20.4667%","36.4581%","-","-","-","-","-"
"Togo","Connecting and installing new devices","-","-","-","1.57627%","-","-","-","-","-","-","-","-"
"Togo","Finding, downloading, installing and configuring software","-","-","-","2.35898%","-","-","-","-","-","-","-","-"
"Togo","Transferring files between a computer and other devices","-","-","-","3.0818%","-","-","-","-","-","-","-","-"
"Togo","Doing an online course","-","-","-","-","-","-","-","-","-","-","-","-"
"Togo","Purchasing or ordering goods or services","-","-","-","-","-","-","-","-","-","-","-","-"
"Togo","Internet banking","-","-","-","-","-","-","-","-","-","-","-","-"
"Tunisia","Connecting and installing new devices","-","-","-","15.8488%","15.4775%","17.2485%","-","-","-","-","-","-"
"Tunisia","Finding, downloading, installing and configuring software","-","-","-","15.0497%","15.2997%","16.5874%","-","-","-","-","-","-"
"Tunisia","Transferring files between a computer and other devices","-","-","-","14.965%","15.046%","16.2849%","-","-","-","-","-","-"
"Tunisia","Doing an online course","-","-","-","-","-","-","-","-","-","-","-","-"
"Tunisia","Purchasing or ordering goods or services","-","-","-","-","-","-","-","-","-","-","-","-"
"Tunisia","Internet banking","-","-","-","-","-","-","-","-","-","-","-","-"
"Türkiye","Connecting and installing new devices","-","-","-","-","-","-","-","34.3598%","-","35.2873%","-","-"
"Türkiye","Finding, downloading, installing and configuring software","-","-","-","-","-","40.3903%","-","23.4317%","-","22.044%","-","-"
"Türkiye","Transferring files between a computer and other devices","27.7281%","25.6614%","31.2983%","37.0635%","-","38.1844%","-","28.2041%","-","27.4541%","-","-"
"Türkiye","Doing an online course","-","-","1.5803%","1.64184%","-","-","6.21544%","8.69616%","6.4137%","7.05567%","5.25011%","-"
"Türkiye","Purchasing or ordering goods or services","-","-","12.6071%","20.7786%","-","29.9927%","23.9324%","39.9957%","42.1702%","45.8637%","38.8445%","-"
"Türkiye","Internet banking","-","-","18.0965%","22.9258%","28.0831%","34.8381%","39.4198%","45.9985%","51.1844%","57.6561%","61.9511%","-"
"Uganda","Connecting and installing new devices","-","-","-","-","-","-","-","-","-","-","-","-"
"Uganda","Finding, downloading, installing and configuring software","-","-","-","-","-","-","-","-","-","-","-","-"
"Uganda","Transferring files between a computer and other devices","-","-","-","-","-","-","-","-","-","-","-","-"
"Uganda","Doing an online course","-","-","-","-","-","-","-","-","-","-","-","-"
"Uganda","Purchasing or ordering goods or services","-","-","-","-","-","-","-","-","-","-","1.3%","-"
"Uganda","Internet banking","-","-","-","-","-","-","-","-","-","-","1.2%","-"
"Ukraine","Connecting and installing new devices","-","-","-","-","-","8.47286%","15.9322%","20.4986%","-","-","-","-"
"Ukraine","Finding, downloading, installing and configuring software","-","-","-","-","-","4.05763%","8.57403%","9.648%","-","-","-","-"
"Ukraine","Transferring files between a computer and other devices","-","-","-","-","-","19.6604%","25.1409%","28.6395%","-","-","-","-"
"Ukraine","Doing an online course","-","-","-","-","-","-","16.4993%","15.2885%","-","-","-","-"
"Ukraine","Purchasing or ordering goods or services","-","5.48099%","-","9.63839%","10.9736%","-","15.5202%","16.2985%","-","-","-","-"
"Ukraine","Internet banking","-","4.15873%","-","8.14452%","11.2027%","-","27.1494%","33.4446%","-","-","-","-"
"United Arab Emirates","Connecting and installing new devices","-","-","35.6%","37.38%","-","69.96%","82.35%","87.4%","88.274%","76.0945%","78.3773%","-"
"United Arab Emirates","Finding, downloading, installing and configuring software","-","-","32.9%","34.545%","-","55.968%","63.46%","68.5%","71.24%","76.686%","78.9866%","-"
"United Arab Emirates","Transferring files between a computer and other devices","-","-","39.3%","41.265%","34%","36.04%","63%","68%","70.72%","75.0046%","-","-"
"United Arab Emirates","Doing an online course","-","-","-","-","-","-","42%","42.479%","45.0277%","57.9686%","75.3592%","-"
"United Arab Emirates","Purchasing or ordering goods or services","14.4%","-","19.8414%","24.1%","24.4382%","26.0887%","62.7%","63.445%","65.9828%","74.9039%","81.6452%","-"
"United Arab Emirates","Internet banking","25.1%","-","22.7406%","27.6%","27.9874%","29.8775%","68.4%","69.165%","71.9316%","74.8693%","78.6128%","-"
"United Kingdom","Connecting and installing new devices","53.0116%","-","-","-","-","-","-","-","-","-","-","-"
"United Kingdom","Finding, downloading, installing and configuring software","-","57.9959%","61.3198%","58.8621%","-","65.6641%","-","-","-","-","-","-"
"United Kingdom","Transferring files between a computer and other devices","65.3955%","51.8944%","55.1034%","53.9851%","-","52.1051%","-","-","-","-","-","-"
"United Kingdom","Doing an online course","-","10.9626%","12.4157%","-","-","-","13.2362%","-","-","-","-","-"
"United Kingdom","Purchasing or ordering goods or services","72.4403%","75.4368%","77.5658%","-","-","-","78.9053%","-","-","-","-","-"
"United Kingdom","Internet banking","56.845%","58.382%","64.1616%","-","-","-","76.3166%","-","-","-","-","-"
"United States","Connecting and installing new devices","-","-","-","-","-","-","-","-","-","-","-","-"
"United States","Finding, downloading, installing and configuring software","-","-","-","-","-","-","-","-","-","-","-","-"
"United States","Transferring files between a computer and other devices","-","-","-","-","-","-","-","-","-","-","-","-"
"United States","Doing an online course","-","13.4247%","-","-","-","-","-","-","-","-","-","-"
"United States","Purchasing or ordering goods or services","-","-","-","-","-","-","-","-","-","-","-","-"
"United States","Internet banking","-","41.3047%","-","-","-","-","-","-","-","-","-","-"
"Uruguay","Connecting and installing new devices","-","-","-","-","-","-","-","-","50.4944%","-","-","-"
"Uruguay","Finding, downloading, installing and configuring software","-","-","-","-","-","-","-","-","42.3056%","-","-","-"
"Uruguay","Transferring files between a computer and other devices","-","-","-","-","-","-","-","-","56.8623%","-","-","-"
"Uruguay","Doing an online course","-","-","-","-","-","-","-","-","6.49932%","-","-","-"
"Uruguay","Purchasing or ordering goods or services","-","-","-","-","-","-","-","-","38.1493%","-","-","-"
"Uruguay","Internet banking","-","-","-","-","-","-","-","-","47.7204%","-","-","-"
"Uzbekistan","Connecting and installing new devices","-","-","-","4.8%","5.4%","5.5%","4.8%","6.75023%","14.7%","14.8895%","-","-"
"Uzbekistan","Finding, downloading, installing and configuring software","-","-","-","4.5%","4.6%","4.6%","5.1%","5.40203%","7.2%","7.54589%","-","-"
"Uzbekistan","Transferring files between a computer and other devices","-","-","-","4.3%","4.4%","4.7%","5%","5.82985%","7.8%","8.35337%","-","-"
"Uzbekistan","Doing an online course","-","-","-","-","0.401782%","-","0.8%","1.15163%","1.4%","1.4077%","-","-"
"Uzbekistan","Purchasing or ordering goods or services","-","-","-","-","1.20535%","-","5.4%","2.23389%","1.9%","1.46408%","-","-"
"Uzbekistan","Internet banking","-","-","-","-","4.11827%","-","7.3%","7.33067%","10.9%","14.3241%","-","-"
"Viet Nam","Connecting and installing new devices","-","-","-","-","-","5.1%","-","6.35%","-","6.67%","6.43%","-"
"Viet Nam","Finding, downloading, installing and configuring software","-","-","-","-","-","8.9%","-","9.5%","-","9.48%","8.79%","-"
"Viet Nam","Transferring files between a computer and other devices","-","-","-","-","-","6.4%","-","10.6%","-","10.74%","-","-"
"Viet Nam","Doing an online course","-","-","-","-","-","-","-","-","-","-","-","-"
"Viet Nam","Purchasing or ordering goods or services","-","-","-","-","-","-","-","-","-","24.99%","23.84%","-"
"Viet Nam","Internet banking","-","-","-","-","-","-","-","-","-","-","-","-"
"Zimbabwe","Connecting and installing new devices","1.66856%","-","-","-","-","-","4.80323%","-","-","-","-","-"
"Zimbabwe","Finding, downloading, installing and configuring software","1.80483%","-","-","-","-","-","9.10437%","-","-","-","-","-"
"Zimbabwe","Transferring files between a computer and other devices","3.1757%","-","-","-","-","-","9.40503%","-","-","-","-","-"
"Zimbabwe","Doing an online course","0.82345%","-","-","-","-","-","1.7907%","-","-","-","-","-"
"Zimbabwe","Purchasing or ordering goods or services","0.511882%","-","-","-","-","-","1.12684%","-","-","-","-","-"
"Zimbabwe","Internet banking","1.74606%","-","-","-","-","-","2.848%","-","-","-","-","-"