"Economy","Indicator","2018","2019","2020","2021","2022","2023","2024","2025"
"Albania","Verifying the reliability of information found online","-","-","-","7.9079%","6.28275%","12.8238%","-","-"
"Albania","Seeking health information","-","33.3258%","41.3866%","47.4864%","41.5527%","38.4738%","-","-"
"Albania","Reading or downloading newspapers, magazines or books","-","38.9359%","40.7915%","46.3037%","57.5923%","3.09922%","-","-"
"Albania","Getting information about goods or services","-","34.3987%","37.5269%","44.1574%","51.1525%","52.9455%","-","-"
"Algeria","Verifying the reliability of information found online","-","-","-","-","-","-","-","-"
"Algeria","Seeking health information","20.4708%","-","-","-","-","-","-","-"
"Algeria","Reading or downloading newspapers, magazines or books","27.3341%","-","-","-","-","-","-","-"
"Algeria","Getting information about goods or services","23.4583%","-","-","-","-","-","-","-"
"Austria","Verifying the reliability of information found online","-","-","-","-","-","-","-","-"
"Austria","Seeking health information","51.6747%","-","56.2577%","60.0628%","62.8242%","64.2456%","65.0101%","-"
"Austria","Reading or downloading newspapers, magazines or books","-","-","-","64.2518%","67.5026%","62.2106%","-","-"
"Austria","Getting information about goods or services","60.7914%","-","67.3769%","70.901%","75.9811%","76.322%","77.9647%","-"
"Azerbaijan","Verifying the reliability of information found online","-","-","-","-","87.824%","88.822%","-","-"
"Azerbaijan","Seeking health information","3.6708%","3.7306%","4.653%","4.64401%","4.752%","4.895%","-","-"
"Azerbaijan","Reading or downloading newspapers, magazines or books","4.9476%","5.1093%","5.1606%","5.1514%","5.2712%","5.429%","-","-"
"Azerbaijan","Getting information about goods or services","8.1396%","12.4083%","12.8592%","12.814%","13.112%","13.439%","-","-"
"Bahrain","Verifying the reliability of information found online","-","-","40.5263%","-","-","62.7968%","-","-"
"Bahrain","Seeking health information","30.6856%","65.5522%","51.1842%","51.1842%","46.967%","67.2164%","-","-"
"Bahrain","Reading or downloading newspapers, magazines or books","33.4207%","64.2388%","44.2763%","44.2763%","36.2162%","62.7309%","-","-"
"Bahrain","Getting information about goods or services","26.6096%","74.3881%","48.0921%","48.0921%","45.4655%","68.9974%","-","-"
"Bangladesh","Verifying the reliability of information found online","-","-","-","5.4781%","-","7.03925%","-","-"
"Bangladesh","Seeking health information","-","-","-","5.27662%","-","7.96498%","-","-"
"Bangladesh","Reading or downloading newspapers, magazines or books","-","-","-","22.8563%","-","11.1102%","-","-"
"Bangladesh","Getting information about goods or services","-","-","-","3.04507%","-","22.7847%","-","-"
"Belarus","Verifying the reliability of information found online","-","-","-","-","33.1056%","38.1785%","37.0739%","-"
"Belarus","Seeking health information","-","-","-","-","-","-","51.5744%","-"
"Belarus","Reading or downloading newspapers, magazines or books","46.7095%","49.7575%","53.6283%","61.2142%","66.1956%","71.3331%","73.7369%","-"
"Belarus","Getting information about goods or services","73.8202%","77.5004%","78.6802%","65.5507%","68.1394%","71.3651%","75.664%","-"
"Belgium","Verifying the reliability of information found online","-","-","-","31.1832%","-","71.1349%","-","-"
"Belgium","Seeking health information","-","48.7448%","51.0363%","49.805%","52.5764%","63.2%","-","-"
"Belgium","Reading or downloading newspapers, magazines or books","-","58.9802%","65.4134%","61.8589%","63.9467%","78.5289%","-","-"
"Belgium","Getting information about goods or services","-","76.182%","77.5413%","75.1614%","79.2258%","30.5823%","-","-"
"Bhutan","Verifying the reliability of information found online","-","-","-","-","-","-","-","-"
"Bhutan","Seeking health information","-","-","-","13.7872%","-","-","-","-"
"Bhutan","Reading or downloading newspapers, magazines or books","-","-","-","-","-","-","-","-"
"Bhutan","Getting information about goods or services","-","-","-","14.4206%","-","-","-","-"
"Bolivia (Plurinational State of)","Verifying the reliability of information found online","-","-","-","-","-","-","-","-"
"Bolivia (Plurinational State of)","Seeking health information","9.56772%","-","-","-","-","-","-","-"
"Bolivia (Plurinational State of)","Reading or downloading newspapers, magazines or books","10.591%","-","-","-","-","-","-","-"
"Bolivia (Plurinational State of)","Getting information about goods or services","7.56293%","-","-","-","-","-","-","-"
"Bosnia and Herzegovina","Verifying the reliability of information found online","-","-","-","-","-","-","23.6597%","-"
"Bosnia and Herzegovina","Seeking health information","36.0191%","24.9033%","30.6172%","44.5024%","43.7616%","47.5541%","50.0363%","-"
"Bosnia and Herzegovina","Reading or downloading newspapers, magazines or books","-","43.7009%","47.9935%","55.0801%","55.371%","67.4593%","66.6886%","-"
"Bosnia and Herzegovina","Getting information about goods or services","51.1614%","39.5408%","49.1844%","50.6802%","59.7206%","58.6327%","65.8477%","-"
"Brazil","Verifying the reliability of information found online","-","-","-","-","40.9732%","42.9154%","-","-"
"Brazil","Seeking health information","31.9675%","34.733%","43.3504%","40.4104%","40.3602%","45.138%","42.8342%","-"
"Brazil","Reading or downloading newspapers, magazines or books","39.2898%","41.6277%","52.1301%","46.6821%","47.0932%","47.4759%","46.0525%","-"
"Brazil","Getting information about goods or services","38.9948%","43.3454%","-","45.845%","46.1901%","48.4218%","47.4134%","-"
"Brunei Darussalam","Verifying the reliability of information found online","-","-","-","-","-","-","-","-"
"Brunei Darussalam","Seeking health information","-","-","-","-","65%","-","-","-"
"Brunei Darussalam","Reading or downloading newspapers, magazines or books","-","-","-","-","-","-","-","-"
"Brunei Darussalam","Getting information about goods or services","-","-","-","-","94.7111%","-","-","-"
"Bulgaria","Verifying the reliability of information found online","-","-","-","15.8845%","-","11.7764%","-","-"
"Bulgaria","Seeking health information","24.7347%","30.3852%","28.8118%","36.0232%","39.0878%","43.1361%","39.8434%","-"
"Bulgaria","Reading or downloading newspapers, magazines or books","-","44.8809%","40.8225%","54.4253%","50.8546%","59.0336%","52.3513%","-"
"Bulgaria","Getting information about goods or services","43.0047%","37.9397%","50.0364%","45.7477%","60.1886%","50.7468%","61.8524%","-"
"Canada","Verifying the reliability of information found online","-","-","-","-","36%","-","-","-"
"Canada","Seeking health information","-","-","-","-","69%","-","-","-"
"Canada","Reading or downloading newspapers, magazines or books","-","-","-","-","77%","-","-","-"
"Canada","Getting information about goods or services","-","-","-","-","76%","-","-","-"
"Chile","Verifying the reliability of information found online","-","-","-","-","-","41.3294%","-","-"
"Chile","Seeking health information","-","-","-","-","-","42.0894%","-","-"
"Chile","Reading or downloading newspapers, magazines or books","-","-","-","-","-","37.5076%","-","-"
"Chile","Getting information about goods or services","-","-","-","-","-","44.9486%","-","-"
"China","Verifying the reliability of information found online","-","-","-","-","-","-","-","-"
"China","Seeking health information","-","-","-","-","-","-","-","-"
"China","Reading or downloading newspapers, magazines or books","-","-","32.5926%","35.508%","34.874%","-","-","-"
"China","Getting information about goods or services","-","-","54.5247%","58.675%","56.785%","-","-","-"
"Colombia","Verifying the reliability of information found online","-","-","-","-","15.0252%","19.075%","-","-"
"Colombia","Seeking health information","38.0444%","-","35.9455%","38.2448%","37.7916%","35.0063%","-","-"
"Colombia","Reading or downloading newspapers, magazines or books","14.6039%","-","9.79363%","12.3016%","12.6677%","15.1365%","-","-"
"Colombia","Getting information about goods or services","38.0444%","-","35.9455%","38.2448%","37.7916%","35.0063%","-","-"
"Croatia","Verifying the reliability of information found online","-","-","-","22.3372%","-","27.184%","-","-"
"Croatia","Seeking health information","50.8513%","62.7723%","58.0356%","59.9962%","58.9971%","54.9275%","55.5484%","-"
"Croatia","Reading or downloading newspapers, magazines or books","-","71.5797%","72.2285%","72.8447%","71.626%","70.4221%","71.1567%","-"
"Croatia","Getting information about goods or services","65.8106%","73.8587%","70.9449%","73.6865%","76.0801%","74.5236%","73.5235%","-"
"Cuba","Verifying the reliability of information found online","-","-","-","-","-","-","-","-"
"Cuba","Seeking health information","-","1.59799%","-","-","-","-","-","-"
"Cuba","Reading or downloading newspapers, magazines or books","-","-","-","-","-","-","-","-"
"Cuba","Getting information about goods or services","-","1.29079%","-","-","-","-","-","-"
"Cyprus","Verifying the reliability of information found online","-","-","-","-","-","-","-","-"
"Cyprus","Seeking health information","56.6556%","68.649%","60.8436%","73.6847%","72.8768%","73.6612%","-","-"
"Cyprus","Reading or downloading newspapers, magazines or books","-","70.4833%","71.5202%","80.6002%","70.294%","81.3041%","-","-"
"Cyprus","Getting information about goods or services","71.8729%","71.5657%","78.3121%","79.0822%","73.0926%","81.2524%","-","-"
"Czech Republic","Verifying the reliability of information found online","-","-","-","17.5034%","-","21.7357%","-","-"
"Czech Republic","Seeking health information","51.5823%","52.6381%","57.8267%","59.4309%","58.5263%","59.7364%","64.1107%","-"
"Czech Republic","Reading or downloading newspapers, magazines or books","-","74.4049%","73.5737%","75.7414%","77.5185%","77.53%","79.3828%","-"
"Czech Republic","Getting information about goods or services","71.3903%","70.5433%","70.93%","73.6954%","75.6019%","78.1235%","79.8106%","-"
"Côte d'Ivoire","Verifying the reliability of information found online","-","-","-","-","-","9.24156%","-","-"
"Côte d'Ivoire","Seeking health information","-","3.3812%","-","-","10.0159%","9.74515%","-","-"
"Côte d'Ivoire","Reading or downloading newspapers, magazines or books","-","3.81606%","-","-","6.72631%","3.87023%","-","-"
"Côte d'Ivoire","Getting information about goods or services","-","6.48708%","-","-","15.1565%","12.9273%","-","-"
"Denmark","Verifying the reliability of information found online","-","-","-","25.1041%","-","28.7707%","-","-"
"Denmark","Seeking health information","66.4408%","-","68.7797%","75.0939%","70.7811%","73.8426%","78.2444%","-"
"Denmark","Reading or downloading newspapers, magazines or books","-","-","82.036%","84.8992%","86.2985%","86.7429%","87.3275%","-"
"Denmark","Getting information about goods or services","87.7722%","-","86.2292%","85.4602%","89.9372%","88.5774%","94.0872%","-"
"Dominican Rep.","Verifying the reliability of information found online","-","-","-","-","11.8674%","-","-","-"
"Dominican Rep.","Seeking health information","-","-","-","-","28.6381%","-","-","-"
"Dominican Rep.","Reading or downloading newspapers, magazines or books","-","-","-","-","-","-","-","-"
"Dominican Rep.","Getting information about goods or services","-","-","-","-","28.4037%","-","-","-"
"Ecuador","Verifying the reliability of information found online","-","-","-","-","-","-","-","-"
"Ecuador","Seeking health information","-","-","-","-","-","1.51588%","2.05381%","-"
"Ecuador","Reading or downloading newspapers, magazines or books","-","-","-","-","5.61934%","4.56215%","4.05454%","-"
"Ecuador","Getting information about goods or services","-","-","-","-","27.4819%","32.9012%","39.8899%","-"
"Egypt","Verifying the reliability of information found online","-","39.0801%","40.7135%","-","41.4652%","-","-","-"
"Egypt","Seeking health information","18.6954%","22.9131%","29.5999%","-","39.1627%","-","-","-"
"Egypt","Reading or downloading newspapers, magazines or books","4.59376%","6.82956%","7.15097%","-","7.15097%","-","-","-"
"Egypt","Getting information about goods or services","14.1723%","21.8222%","29.6768%","-","52.8658%","-","-","-"
"El Salvador","Verifying the reliability of information found online","-","-","-","-","-","-","-","-"
"El Salvador","Seeking health information","-","-","0.0635865%","-","-","-","-","-"
"El Salvador","Reading or downloading newspapers, magazines or books","-","0.120964%","0.152653%","-","-","-","-","-"
"El Salvador","Getting information about goods or services","-","0.303496%","0.210802%","-","-","-","-","-"
"Estonia","Verifying the reliability of information found online","-","-","-","24.534%","-","-","-","-"
"Estonia","Seeking health information","59.6344%","59.5421%","58.2244%","61.9408%","59.4933%","63.4668%","60.75%","-"
"Estonia","Reading or downloading newspapers, magazines or books","-","80.5723%","80.4709%","78.3347%","79.938%","79.0965%","74.5769%","-"
"Estonia","Getting information about goods or services","79.9958%","77.9292%","80.865%","80.4888%","78.5729%","78.8242%","81.2224%","-"
"Finland","Verifying the reliability of information found online","-","-","-","31.4462%","-","34.6586%","-","-"
"Finland","Seeking health information","-","-","72.1229%","75.4772%","75.8635%","77.5107%","-","-"
"Finland","Reading or downloading newspapers, magazines or books","-","-","-","-","-","-","-","-"
"Finland","Getting information about goods or services","-","-","79.1999%","85.3051%","84.5303%","86.6616%","-","-"
"France","Verifying the reliability of information found online","-","-","-","20.8407%","-","23.0401%","-","-"
"France","Seeking health information","42.3115%","45.582%","-","52.0404%","46.7436%","51.0369%","47.6674%","-"
"France","Reading or downloading newspapers, magazines or books","-","-","-","53.7172%","49.6194%","49.5884%","48.6401%","-"
"France","Getting information about goods or services","64.2392%","56.7271%","-","58.8664%","68.7458%","59.9869%","70.589%","-"
"Georgia","Verifying the reliability of information found online","-","-","-","-","-","-","-","-"
"Georgia","Seeking health information","32.8542%","35.5705%","37.284%","38.7633%","40.4263%","41.3236%","-","-"
"Georgia","Reading or downloading newspapers, magazines or books","33.4496%","38.1707%","39.7875%","41.5438%","38.8204%","40.2117%","-","-"
"Georgia","Getting information about goods or services","19.6169%","26.1619%","27.9039%","29.4497%","34.0476%","37.0176%","-","-"
"Germany","Verifying the reliability of information found online","-","-","-","19.4488%","-","19.8398%","-","-"
"Germany","Seeking health information","-","59.9057%","63.4269%","44.7705%","36.5557%","46.2522%","56.8357%","-"
"Germany","Reading or downloading newspapers, magazines or books","-","63.7145%","68.7901%","56.7393%","57.7508%","59.0308%","62.9238%","-"
"Germany","Getting information about goods or services","-","78.2741%","79.637%","60.9325%","60.8558%","41.6726%","77.7645%","-"
"Greece","Verifying the reliability of information found online","-","-","-","23.193%","-","18.6637%","-","-"
"Greece","Seeking health information","-","-","52.0181%","58.5793%","56.5983%","48.6747%","59.746%","-"
"Greece","Reading or downloading newspapers, magazines or books","-","-","69.1613%","70.975%","73.6918%","75.8359%","76.1504%","-"
"Greece","Getting information about goods or services","-","-","69.4254%","69.9416%","74.1689%","75.7598%","79.3365%","-"
"Hong Kong, China","Verifying the reliability of information found online","-","-","-","-","17.6439%","20.6246%","-","-"
"Hong Kong, China","Seeking health information","-","-","-","-","-","-","-","-"
"Hong Kong, China","Reading or downloading newspapers, magazines or books","78.5945%","-","78.6102%","-","82.135%","-","-","-"
"Hong Kong, China","Getting information about goods or services","79.0427%","-","82.4382%","-","95.5933%","-","-","-"
"Hungary","Verifying the reliability of information found online","-","-","-","-","-","-","-","-"
"Hungary","Seeking health information","56.1917%","60.4636%","62.9969%","64.4598%","68.0971%","67.3148%","64.2705%","-"
"Hungary","Reading or downloading newspapers, magazines or books","-","-","-","-","-","-","-","-"
"Hungary","Getting information about goods or services","68.6333%","69.2583%","76.2726%","78.9324%","77.75%","84.8145%","83.1945%","-"
"Iceland","Verifying the reliability of information found online","-","-","-","38.9431%","-","-","-","-"
"Iceland","Seeking health information","-","-","-","-","-","-","-","-"
"Iceland","Reading or downloading newspapers, magazines or books","-","-","-","-","-","-","-","-"
"Iceland","Getting information about goods or services","-","-","-","-","-","-","-","-"
"Indonesia","Verifying the reliability of information found online","-","-","-","-","-","-","56.4029%","-"
"Indonesia","Seeking health information","-","-","-","-","-","-","-","-"
"Indonesia","Reading or downloading newspapers, magazines or books","-","-","-","41.0703%","49.7939%","52.6517%","62.0781%","-"
"Indonesia","Getting information about goods or services","-","6.52942%","7.51812%","8.15376%","13.6507%","16.2763%","18.8138%","-"
"Iran (Islamic Republic of)","Verifying the reliability of information found online","-","-","-","1.06022%","-","-","-","-"
"Iran (Islamic Republic of)","Seeking health information","-","-","-","17.0134%","-","-","-","-"
"Iran (Islamic Republic of)","Reading or downloading newspapers, magazines or books","-","-","-","9.93151%","-","-","-","-"
"Iran (Islamic Republic of)","Getting information about goods or services","-","-","-","17.1714%","-","-","-","-"
"Iraq","Verifying the reliability of information found online","-","-","-","-","1.01659%","-","-","-"
"Iraq","Seeking health information","-","-","-","-","19.9868%","-","-","-"
"Iraq","Reading or downloading newspapers, magazines or books","-","-","-","-","6.91004%","-","-","-"
"Iraq","Getting information about goods or services","-","-","-","-","24.7908%","-","-","-"
"Israel","Verifying the reliability of information found online","-","-","-","-","-","-","-","-"
"Israel","Seeking health information","-","-","57.7779%","64.7486%","65.2422%","62.5874%","66.1546%","-"
"Israel","Reading or downloading newspapers, magazines or books","-","-","-","-","-","-","-","-"
"Israel","Getting information about goods or services","77.4068%","80.2947%","80.41%","82.4877%","82.0221%","77.9294%","79.1546%","-"
"Italy","Verifying the reliability of information found online","-","-","-","-","-","21.0041%","-","-"
"Italy","Seeking health information","-","-","37.6819%","-","52.2331%","52.93%","-","-"
"Italy","Reading or downloading newspapers, magazines or books","-","-","42.364%","-","55.272%","55.1187%","-","-"
"Italy","Getting information about goods or services","-","-","39.7475%","-","53.536%","58.5486%","-","-"
"Jamaica","Verifying the reliability of information found online","-","-","-","-","-","-","-","-"
"Jamaica","Seeking health information","-","-","-","-","-","-","-","-"
"Jamaica","Reading or downloading newspapers, magazines or books","-","-","-","21.0315%","-","22.5697%","-","-"
"Jamaica","Getting information about goods or services","-","-","-","-","-","64.3331%","-","-"
"Japan","Verifying the reliability of information found online","-","-","-","-","-","-","-","-"
"Japan","Seeking health information","-","-","-","-","-","-","-","-"
"Japan","Reading or downloading newspapers, magazines or books","43.6577%","55.0555%","60.5125%","61.6403%","62.6117%","-","-","-"
"Japan","Getting information about goods or services","-","-","-","-","-","-","-","-"
"Jordan","Verifying the reliability of information found online","-","-","-","-","-","5.05247%","-","-"
"Jordan","Seeking health information","-","-","-","-","27.9645%","28.4213%","-","-"
"Jordan","Reading or downloading newspapers, magazines or books","-","-","-","-","-","16.835%","-","-"
"Jordan","Getting information about goods or services","-","-","-","-","34.933%","31.5296%","-","-"
"Kazakhstan","Verifying the reliability of information found online","-","-","-","-","-","-","-","-"
"Kazakhstan","Seeking health information","12.6001%","13.0739%","16.2566%","17.3343%","19.1145%","20.3148%","-","-"
"Kazakhstan","Reading or downloading newspapers, magazines or books","9.50622%","10.2412%","12.1112%","10.7465%","9.59703%","10.6256%","-","-"
"Kazakhstan","Getting information about goods or services","29.0668%","30.3419%","33.1947%","33.5257%","30.8705%","35.7652%","-","-"
"Korea (Rep. of)","Verifying the reliability of information found online","-","-","-","20.5071%","20.3353%","28.1361%","30.8521%","-"
"Korea (Rep. of)","Seeking health information","46.2539%","50.3743%","67.5759%","73.8322%","73.6405%","64.5366%","65.1218%","-"
"Korea (Rep. of)","Reading or downloading newspapers, magazines or books","86.6121%","89.402%","89.9662%","95.0108%","93.8091%","92.8661%","91.3372%","-"
"Korea (Rep. of)","Getting information about goods or services","79.2888%","80.1278%","86.2024%","94.9494%","94.3276%","86.1522%","83.5367%","-"
"Kuwait","Verifying the reliability of information found online","-","-","47.3601%","47.3601%","-","38.5976%","-","-"
"Kuwait","Seeking health information","-","-","65.4694%","65.4694%","-","59.4441%","-","-"
"Kuwait","Reading or downloading newspapers, magazines or books","-","-","-","-","-","-","-","-"
"Kuwait","Getting information about goods or services","39.3742%","-","-","-","-","-","-","-"
"Latvia","Verifying the reliability of information found online","-","-","-","19.362%","-","15.8071%","-","-"
"Latvia","Seeking health information","-","-","49.2394%","52.2088%","42.423%","52.625%","48.005%","-"
"Latvia","Reading or downloading newspapers, magazines or books","-","67.5804%","72.6201%","73.312%","69.1516%","70.6316%","65.3817%","-"
"Latvia","Getting information about goods or services","-","61.8833%","70.8568%","67.0161%","69.3668%","66.6208%","70.2725%","-"
"Lesotho","Verifying the reliability of information found online","-","1.26115%","-","-","-","-","-","-"
"Lesotho","Seeking health information","-","-","-","-","-","-","-","-"
"Lesotho","Reading or downloading newspapers, magazines or books","-","-","-","-","-","-","-","-"
"Lesotho","Getting information about goods or services","-","-","-","-","-","-","-","-"
"Lithuania","Verifying the reliability of information found online","-","-","-","10.5347%","-","12.9151%","-","-"
"Lithuania","Seeking health information","-","60.6347%","57.0995%","65.1067%","61.8905%","66.6618%","-","-"
"Lithuania","Reading or downloading newspapers, magazines or books","-","-","73.9906%","79.6166%","79.9764%","80.5101%","-","-"
"Lithuania","Getting information about goods or services","-","68.5501%","73.3659%","74.217%","77.1947%","74.8132%","-","-"
"Luxembourg","Verifying the reliability of information found online","-","-","-","34.4734%","-","31.7643%","-","-"
"Luxembourg","Seeking health information","-","-","53.0161%","53.8356%","46.3516%","48.0273%","55.123%","-"
"Luxembourg","Reading or downloading newspapers, magazines or books","-","-","72.9234%","70.4388%","66.3817%","66.1893%","72.509%","-"
"Luxembourg","Getting information about goods or services","-","-","68.3196%","66.8031%","69.4688%","60.1246%","72.5055%","-"
"Macao, China","Verifying the reliability of information found online","-","-","-","-","-","-","-","-"
"Macao, China","Seeking health information","-","-","-","-","-","-","-","-"
"Macao, China","Reading or downloading newspapers, magazines or books","38.5288%","-","-","48.4867%","-","-","-","-"
"Macao, China","Getting information about goods or services","66.6508%","-","-","70.6814%","-","-","-","-"
"Malawi","Verifying the reliability of information found online","-","-","-","-","-","-","-","-"
"Malawi","Seeking health information","-","-","-","-","-","1.19102%","-","-"
"Malawi","Reading or downloading newspapers, magazines or books","-","-","-","-","-","2.78193%","-","-"
"Malawi","Getting information about goods or services","-","-","-","-","-","2.83431%","-","-"
"Malaysia","Verifying the reliability of information found online","-","-","-","-","-","-","28.5277%","-"
"Malaysia","Seeking health information","33.9164%","38.1116%","55.4736%","71.6915%","60.6803%","61.4826%","62.1308%","-"
"Malaysia","Reading or downloading newspapers, magazines or books","53.2628%","55.7468%","61.7825%","75.8659%","66.7459%","67.291%","67.8138%","-"
"Malaysia","Getting information about goods or services","67.4499%","70.285%","76.5018%","86.4422%","90.0795%","90.643%","91.1781%","-"
"Malta","Verifying the reliability of information found online","-","-","-","22.1118%","-","-","-","-"
"Malta","Seeking health information","58.8369%","62.0177%","64.4681%","70.7792%","65.7572%","67.6978%","-","-"
"Malta","Reading or downloading newspapers, magazines or books","-","70.2059%","74.4262%","74.8619%","75.7624%","75.9346%","-","-"
"Malta","Getting information about goods or services","71.2505%","71.5606%","77.1858%","77.6251%","79.5052%","78.0437%","-","-"
"Mauritius","Verifying the reliability of information found online","-","-","-","-","-","-","-","-"
"Mauritius","Seeking health information","-","-","-","-","-","-","-","-"
"Mauritius","Reading or downloading newspapers, magazines or books","22.5918%","-","27.1964%","-","-","-","-","-"
"Mauritius","Getting information about goods or services","-","-","-","-","-","-","-","-"
"Mexico","Verifying the reliability of information found online","65.5241%","-","-","-","-","-","-","-"
"Mexico","Seeking health information","-","43.0036%","45.3343%","48.1561%","47.5443%","47.0981%","-","-"
"Mexico","Reading or downloading newspapers, magazines or books","44.5005%","32.7672%","31.6629%","31.8324%","31.3628%","29.8619%","-","-"
"Mexico","Getting information about goods or services","50.9832%","63.0019%","65.0299%","67.9775%","70.2093%","71.1741%","-","-"
"Mongolia","Verifying the reliability of information found online","-","-","-","17.7785%","-","-","-","-"
"Mongolia","Seeking health information","-","-","-","-","-","-","-","-"
"Mongolia","Reading or downloading newspapers, magazines or books","-","-","-","-","-","-","-","-"
"Mongolia","Getting information about goods or services","-","-","-","-","-","-","-","-"
"Montenegro","Verifying the reliability of information found online","-","-","-","-","-","-","-","-"
"Montenegro","Seeking health information","43.261%","45.4659%","36.8666%","50.175%","50.7232%","-","56.8911%","-"
"Montenegro","Reading or downloading newspapers, magazines or books","-","55.6519%","60.8398%","65.9393%","73.8343%","-","55.6093%","-"
"Montenegro","Getting information about goods or services","45.1629%","37.8844%","47.0316%","49.6666%","58.0786%","-","76.4805%","-"
"Morocco","Verifying the reliability of information found online","-","-","18.0417%","19.2436%","-","-","-","-"
"Morocco","Seeking health information","2.52735%","-","-","15.8635%","-","-","-","-"
"Morocco","Reading or downloading newspapers, magazines or books","34.8689%","-","-","46.3565%","-","-","-","-"
"Morocco","Getting information about goods or services","11.2139%","-","-","18.4192%","-","-","-","-"
"Netherlands","Verifying the reliability of information found online","-","-","-","-","-","-","-","-"
"Netherlands","Seeking health information","-","-","-","-","72.1785%","-","-","-"
"Netherlands","Reading or downloading newspapers, magazines or books","-","-","-","-","74.8031%","-","-","-"
"Netherlands","Getting information about goods or services","-","-","-","-","85.3018%","-","-","-"
"North Macedonia","Verifying the reliability of information found online","-","-","-","-","-","-","-","-"
"North Macedonia","Seeking health information","39.6045%","-","-","-","-","-","-","-"
"North Macedonia","Reading or downloading newspapers, magazines or books","-","-","-","-","-","-","-","-"
"North Macedonia","Getting information about goods or services","49.608%","-","-","-","-","-","-","-"
"Norway","Verifying the reliability of information found online","-","-","-","37%","-","40.6%","-","-"
"Norway","Seeking health information","-","-","72%","76%","75%","74%","-","-"
"Norway","Reading or downloading newspapers, magazines or books","-","-","92%","94%","94%","92%","-","-"
"Norway","Getting information about goods or services","-","-","91.0497%","92%","94%","94%","-","-"
"Oman","Verifying the reliability of information found online","-","-","-","-","-","79.6111%","79.6111%","-"
"Oman","Seeking health information","-","-","-","-","-","83.5663%","-","-"
"Oman","Reading or downloading newspapers, magazines or books","-","-","-","-","-","-","-","-"
"Oman","Getting information about goods or services","-","-","73.2021%","-","-","83.5663%","-","-"
"Paraguay","Verifying the reliability of information found online","-","-","-","-","-","-","-","-"
"Paraguay","Seeking health information","19.1219%","24.141%","27.5984%","27.359%","26.202%","28.8483%","-","-"
"Paraguay","Reading or downloading newspapers, magazines or books","22.0228%","25.7183%","21.6744%","23.012%","24.8948%","25.7382%","-","-"
"Paraguay","Getting information about goods or services","24.956%","30.7569%","27.4376%","28.3737%","32.1258%","31.4361%","-","-"
"Peru","Verifying the reliability of information found online","-","-","-","-","-","-","-","-"
"Peru","Seeking health information","-","-","-","-","-","-","-","-"
"Peru","Reading or downloading newspapers, magazines or books","-","-","-","-","-","-","-","-"
"Peru","Getting information about goods or services","54.8461%","53.911%","-","-","60.4551%","64.3673%","-","-"
"Poland","Verifying the reliability of information found online","-","-","-","16.1656%","19.4119%","18.4035%","20.9632%","-"
"Poland","Seeking health information","47.6711%","47.3992%","42.8123%","46.8236%","52.0155%","52.9625%","52.8998%","-"
"Poland","Reading or downloading newspapers, magazines or books","-","60.4945%","65.4023%","69.3788%","64.2603%","69.337%","72.6385%","-"
"Poland","Getting information about goods or services","63.9752%","62.2381%","62.7385%","65.6305%","74.2535%","64.4466%","69.2573%","-"
"Portugal","Verifying the reliability of information found online","-","-","-","23.3696%","-","23.4523%","-","-"
"Portugal","Seeking health information","44.5873%","49.4112%","48.9831%","53.325%","49.4629%","54.5928%","53.2987%","-"
"Portugal","Reading or downloading newspapers, magazines or books","60.454%","62.3698%","67.0729%","66.9246%","69.0962%","68.3394%","72.6802%","-"
"Portugal","Getting information about goods or services","63.5771%","64.74%","68.1249%","71.3735%","72.7609%","73.1795%","77.7966%","-"
"Qatar","Verifying the reliability of information found online","-","-","-","-","-","-","-","-"
"Qatar","Seeking health information","25.5416%","20.5992%","15.7963%","-","-","-","-","-"
"Qatar","Reading or downloading newspapers, magazines or books","31.4509%","31.2728%","31.3012%","-","-","-","-","-"
"Qatar","Getting information about goods or services","54.9079%","53.1836%","51.6213%","-","-","-","-","-"
"Romania","Verifying the reliability of information found online","-","-","-","11.5612%","-","10.0243%","-","-"
"Romania","Seeking health information","30.7006%","31.2001%","28.1161%","40.044%","28.9178%","46.1287%","-","-"
"Romania","Reading or downloading newspapers, magazines or books","-","40.5476%","37.4067%","49.2622%","43.1902%","55.6107%","-","-"
"Romania","Getting information about goods or services","41.4296%","33.4754%","45.789%","43.6574%","49.284%","48.8878%","-","-"
"Russian Federation","Verifying the reliability of information found online","-","-","-","-","13.1068%","12.9039%","15.8295%","-"
"Russian Federation","Seeking health information","28.7076%","30.9828%","32.9334%","32.0465%","33.3909%","32.7471%","34.6153%","-"
"Russian Federation","Reading or downloading newspapers, magazines or books","18.5034%","18.2528%","15.5531%","14.2332%","17.8582%","17.4253%","67.0032%","-"
"Russian Federation","Getting information about goods or services","43.7663%","46.6831%","47.4717%","51.4001%","54.3296%","57.1424%","64.3445%","-"
"Saudi Arabia","Verifying the reliability of information found online","-","-","-","70.2%","71%","77.5558%","79.5%","-"
"Saudi Arabia","Seeking health information","56.6906%","46.7721%","-","-","-","-","84%","-"
"Saudi Arabia","Reading or downloading newspapers, magazines or books","38.2573%","34.4985%","-","-","-","-","89%","-"
"Saudi Arabia","Getting information about goods or services","77.1709%","67.8955%","-","-","-","-","90.3%","-"
"Serbia","Verifying the reliability of information found online","-","-","-","11.1097%","-","5.45707%","14.2301%","-"
"Serbia","Seeking health information","40.3604%","-","44.8859%","56.0146%","55.9404%","60.5954%","58.4984%","-"
"Serbia","Reading or downloading newspapers, magazines or books","-","-","57.658%","62.3305%","66.8273%","73.7539%","72.091%","-"
"Serbia","Getting information about goods or services","56.3129%","-","54.5329%","59.6361%","67.5834%","65.1599%","69.292%","-"
"Singapore","Verifying the reliability of information found online","-","-","-","80.9349%","84.9657%","75.1866%","76.7075%","-"
"Singapore","Seeking health information","-","-","-","-","44.0052%","54.2664%","-","-"
"Singapore","Reading or downloading newspapers, magazines or books","-","-","-","-","46.8142%","51.817%","67.242%","-"
"Singapore","Getting information about goods or services","-","-","-","-","63.6375%","65.4089%","86.1589%","-"
"Slovakia","Verifying the reliability of information found online","-","-","-","29.2059%","-","29.7734%","-","-"
"Slovakia","Seeking health information","-","-","56.0112%","55.5663%","-","55.5829%","50.7835%","-"
"Slovakia","Reading or downloading newspapers, magazines or books","-","-","68.6887%","68.8453%","-","62.895%","61.5682%","-"
"Slovakia","Getting information about goods or services","-","-","78.1604%","71.1093%","-","65.3574%","70.0738%","-"
"Slovenia","Verifying the reliability of information found online","-","-","-","21.3201%","-","18.8574%","-","-"
"Slovenia","Seeking health information","48.34%","48.0675%","57.9091%","54.2088%","50.2216%","51.3461%","56.4047%","-"
"Slovenia","Reading or downloading newspapers, magazines or books","-","63.4535%","70.6083%","68.3626%","69.7846%","68.5615%","67.4582%","-"
"Slovenia","Getting information about goods or services","69.252%","69.8873%","76.7134%","75.2016%","75.3366%","76.5631%","78.8981%","-"
"Spain","Verifying the reliability of information found online","-","-","-","28.4958%","-","30.4293%","-","-"
"Spain","Seeking health information","-","60.1251%","67.0791%","69.3701%","64.8489%","67.2697%","69.6126%","-"
"Spain","Reading or downloading newspapers, magazines or books","-","71.1394%","75.9243%","76.555%","77.0004%","73.8438%","74.9144%","-"
"Spain","Getting information about goods or services","-","72.8524%","78.2869%","74.0032%","75.5715%","72.2961%","79.9787%","-"
"State of Palestine","Verifying the reliability of information found online","-","-","-","-","-","14.4191%","-","-"
"State of Palestine","Seeking health information","-","38.8559%","-","-","-","41.5394%","-","-"
"State of Palestine","Reading or downloading newspapers, magazines or books","-","11.2591%","-","-","-","13.0069%","-","-"
"State of Palestine","Getting information about goods or services","-","34.1368%","-","-","-","42.8996%","-","-"
"Sweden","Verifying the reliability of information found online","-","-","-","-","-","35.1242%","-","-"
"Sweden","Seeking health information","-","-","64.2521%","64.3966%","64.3363%","66.3563%","63.7104%","-"
"Sweden","Reading or downloading newspapers, magazines or books","-","-","-","76.3187%","78.9335%","77.9144%","77.5276%","-"
"Sweden","Getting information about goods or services","-","-","85.4306%","79.129%","85.8235%","84.2027%","85.4849%","-"
"Switzerland","Verifying the reliability of information found online","-","-","-","21.7725%","-","25.8243%","-","-"
"Switzerland","Seeking health information","-","63.9574%","-","69.555%","-","66.7058%","-","-"
"Switzerland","Reading or downloading newspapers, magazines or books","-","72.8409%","-","74.8605%","-","72.5097%","-","-"
"Switzerland","Getting information about goods or services","-","77.0212%","-","82.2221%","-","84.4211%","-","-"
"Taiwan, Province of China","Verifying the reliability of information found online","-","-","-","-","-","-","-","-"
"Taiwan, Province of China","Seeking health information","-","-","-","-","6.54153%","19.2959%","29.4775%","-"
"Taiwan, Province of China","Reading or downloading newspapers, magazines or books","-","-","-","-","9.23213%","20.5124%","22.4201%","-"
"Taiwan, Province of China","Getting information about goods or services","-","-","-","-","7.34891%","29.1959%","30.162%","-"
"Thailand","Verifying the reliability of information found online","-","-","-","-","-","-","-","-"
"Thailand","Seeking health information","22.0584%","9.93622%","14.5419%","-","-","-","-","-"
"Thailand","Reading or downloading newspapers, magazines or books","24.3418%","21.0485%","24.351%","-","-","-","-","-"
"Thailand","Getting information about goods or services","25.6689%","23.1075%","35.1655%","-","-","-","-","-"
"Türkiye","Verifying the reliability of information found online","-","-","-","14.3465%","-","12.4142%","-","-"
"Türkiye","Seeking health information","48.8853%","51.2567%","50.7567%","56.6205%","53.8182%","56.9675%","56.2706%","-"
"Türkiye","Reading or downloading newspapers, magazines or books","-","-","-","53.6513%","51.2617%","58.5659%","52.0155%","-"
"Türkiye","Getting information about goods or services","48.1752%","48.1044%","51.9849%","48.1908%","61.437%","61.194%","65.3547%","-"
"Ukraine","Verifying the reliability of information found online","-","-","-","-","-","-","-","-"
"Ukraine","Seeking health information","21.3362%","-","20.8402%","21.1434%","-","-","-","-"
"Ukraine","Reading or downloading newspapers, magazines or books","17.2675%","-","14.8571%","16.9364%","-","-","-","-"
"Ukraine","Getting information about goods or services","13.5048%","-","-","-","-","-","-","-"
"United Arab Emirates","Verifying the reliability of information found online","-","-","60.3%","65.3%","67.912%","74.7043%","76.9454%","-"
"United Arab Emirates","Seeking health information","31.1309%","33.2334%","51.6%","52.1917%","54.8013%","69.9824%","73.4815%","-"
"United Arab Emirates","Reading or downloading newspapers, magazines or books","42.7923%","45.6823%","10.9%","10.9887%","11.9777%","15.6651%","17.0749%","-"
"United Arab Emirates","Getting information about goods or services","-","-","72.4%","73.2526%","75.4501%","80.9188%","89.0107%","-"
"United Kingdom","Verifying the reliability of information found online","-","-","-","-","-","-","-","-"
"United Kingdom","Seeking health information","-","-","60.3309%","-","-","-","-","-"
"United Kingdom","Reading or downloading newspapers, magazines or books","-","-","-","-","-","-","-","-"
"United Kingdom","Getting information about goods or services","-","-","81.7077%","-","-","-","-","-"
"Uruguay","Verifying the reliability of information found online","-","-","-","-","57.4573%","-","-","-"
"Uruguay","Seeking health information","-","-","-","-","56.7082%","-","-","-"
"Uruguay","Reading or downloading newspapers, magazines or books","-","-","-","-","57.748%","-","-","-"
"Uruguay","Getting information about goods or services","-","-","-","-","61.7003%","-","-","-"
"Uzbekistan","Verifying the reliability of information found online","-","-","-","-","-","-","-","-"
"Uzbekistan","Seeking health information","4.31916%","-","14.8%","10.0363%","13.2%","-","-","-"
"Uzbekistan","Reading or downloading newspapers, magazines or books","14.1628%","-","13.1%","15.5517%","19.2%","-","-","-"
"Uzbekistan","Getting information about goods or services","7.33252%","-","8.2%","8.99336%","10.2%","-","-","-"
"Viet Nam","Verifying the reliability of information found online","-","-","-","3.65%","-","4.21%","4.44%","-"
"Viet Nam","Seeking health information","-","-","-","-","-","-","-","-"
"Viet Nam","Reading or downloading newspapers, magazines or books","-","-","-","-","-","-","28.58%","-"
"Viet Nam","Getting information about goods or services","-","-","-","-","-","-","8.79%","-"
"Zimbabwe","Verifying the reliability of information found online","-","-","-","-","-","-","-","-"
"Zimbabwe","Seeking health information","-","-","4.80278%","-","-","-","-","-"
"Zimbabwe","Reading or downloading newspapers, magazines or books","-","-","8.04455%","-","-","-","-","-"
"Zimbabwe","Getting information about goods or services","-","-","5.99178%","-","-","-","-","-"