"Economy","Indicator","2014","2015","2016","2017","2018","2019","2020","2021","2022","2023","2024","2025"
"Austria","Individuals with basic ICT skills in safety","-","-","-","-","-","-","-","25.5884%","-","25.7326%","-","-"
"Austria","Individuals with above basic ICT skills in safety","-","-","-","-","-","-","-","52.2345%","-","51.9359%","-","-"
"Austria","Individuals with basic ICT skills in information and data literacy","-","-","-","-","-","-","-","10.9049%","-","12.5564%","-","-"
"Austria","Individuals with above basic ICT skills in information and data literacy","-","-","-","-","-","-","-","73.3363%","-","74.9405%","-","-"
"Austria","Individuals with basic ICT skills in digital content creation","-","-","-","-","-","-","-","19.2395%","-","22.9956%","-","-"
"Austria","Individuals with above basic ICT skills in digital content creation","-","-","-","-","-","-","-","55.9424%","-","53.2072%","-","-"
"Austria","Individuals with basic skills in communication and collaboration","-","-","-","-","-","-","-","5.20832%","-","4.52339%","-","-"
"Austria","Individuals with above basic ICT skills in communication and collaboration","-","-","-","-","-","-","-","85.6254%","-","89.7793%","-","-"
"Austria","Individuals with basic ICT skills in problem solving","-","-","-","-","-","-","-","22.6761%","-","23.6975%","-","-"
"Austria","Individuals with above basic ICT skills in problem solving","-","-","-","-","-","-","-","62.4005%","-","64.4678%","-","-"
"Azerbaijan","Individuals with basic ICT skills in safety","-","-","-","-","-","-","-","-","-","-","-","-"
"Azerbaijan","Individuals with above basic ICT skills in safety","-","-","-","-","-","-","-","-","-","-","-","-"
"Azerbaijan","Individuals with basic ICT skills in information and data literacy","-","-","-","-","-","-","-","4.74798%","26.6302%","37.469%","-","-"
"Azerbaijan","Individuals with above basic ICT skills in information and data literacy","-","-","-","-","-","-","-","8.81767%","61.2495%","42.631%","-","-"
"Azerbaijan","Individuals with basic ICT skills in digital content creation","-","-","-","-","-","-","-","38.3052%","34.78%","36.49%","-","-"
"Azerbaijan","Individuals with above basic ICT skills in digital content creation","-","-","-","-","-","-","-","41.5886%","46.7731%","52.51%","-","-"
"Azerbaijan","Individuals with basic skills in communication and collaboration","-","-","-","-","-","-","-","30.0368%","25.1488%","36.579%","-","-"
"Azerbaijan","Individuals with above basic ICT skills in communication and collaboration","-","-","-","-","-","-","-","45.0551%","51.555%","52.421%","-","-"
"Azerbaijan","Individuals with basic ICT skills in problem solving","-","-","-","-","-","-","-","9.71675%","9.92675%","36.045%","-","-"
"Azerbaijan","Individuals with above basic ICT skills in problem solving","-","-","-","-","-","-","-","11.6601%","11.9121%","36.401%","-","-"
"Belarus","Individuals with basic ICT skills in safety","-","-","-","-","-","-","-","-","11.185%","9.13957%","14.1404%","-"
"Belarus","Individuals with above basic ICT skills in safety","-","-","-","-","-","-","-","-","32.9106%","35.8131%","36.1751%","-"
"Belarus","Individuals with basic ICT skills in information and data literacy","-","-","-","-","-","-","-","24.7641%","17.223%","17.5059%","13.0083%","-"
"Belarus","Individuals with above basic ICT skills in information and data literacy","-","-","-","-","-","-","-","51.0004%","61.7069%","65.1973%","74.0169%","-"
"Belarus","Individuals with basic ICT skills in digital content creation","-","-","-","-","-","-","-","17.2019%","17.9733%","17.9463%","27.8612%","-"
"Belarus","Individuals with above basic ICT skills in digital content creation","-","-","-","-","-","-","-","20.8759%","23.067%","24.2618%","25.6072%","-"
"Belarus","Individuals with basic skills in communication and collaboration","-","-","-","-","-","-","-","11.1606%","12.1476%","12.0662%","3.34548%","-"
"Belarus","Individuals with above basic ICT skills in communication and collaboration","-","-","-","-","-","-","-","54.94%","72.3101%","74.9592%","88.5255%","-"
"Belarus","Individuals with basic ICT skills in problem solving","-","-","-","-","-","-","-","12.8182%","16.1022%","14.9995%","16.0145%","-"
"Belarus","Individuals with above basic ICT skills in problem solving","-","-","-","-","-","-","-","41.524%","49.8028%","54.6985%","58.2033%","-"
"Belgium","Individuals with basic ICT skills in safety","-","-","-","-","-","-","-","-","-","20.6549%","-","-"
"Belgium","Individuals with above basic ICT skills in safety","-","-","-","-","-","-","-","-","-","66.3839%","-","-"
"Belgium","Individuals with basic ICT skills in information and data literacy","-","-","-","-","-","-","-","15.6622%","16.29%","15.8437%","-","-"
"Belgium","Individuals with above basic ICT skills in information and data literacy","-","-","-","-","-","-","-","68.1868%","68.6641%","71.1182%","-","-"
"Belgium","Individuals with basic ICT skills in digital content creation","-","-","-","-","-","-","-","17.3478%","-","12.927%","-","-"
"Belgium","Individuals with above basic ICT skills in digital content creation","-","-","-","-","-","-","-","43.7033%","-","61.2087%","-","-"
"Belgium","Individuals with basic skills in communication and collaboration","-","-","-","-","-","-","-","26.356%","24.0468%","14.3692%","-","-"
"Belgium","Individuals with above basic ICT skills in communication and collaboration","-","-","-","-","-","-","-","54.5289%","59.5942%","73.6854%","-","-"
"Belgium","Individuals with basic ICT skills in problem solving","-","-","-","-","-","-","-","13.0558%","24.4702%","16.4196%","-","-"
"Belgium","Individuals with above basic ICT skills in problem solving","-","-","-","-","-","-","-","72.7458%","60.939%","71.1182%","-","-"
"Bosnia and Herzegovina","Individuals with basic ICT skills in safety","-","-","-","-","-","-","-","-","-","-","9.45864%","-"
"Bosnia and Herzegovina","Individuals with above basic ICT skills in safety","-","-","-","-","-","-","-","-","-","-","6.89933%","-"
"Bosnia and Herzegovina","Individuals with basic ICT skills in information and data literacy","-","-","-","-","-","-","-","-","-","-","9.01895%","-"
"Bosnia and Herzegovina","Individuals with above basic ICT skills in information and data literacy","-","-","-","-","-","-","-","-","-","-","68.1107%","-"
"Bosnia and Herzegovina","Individuals with basic ICT skills in digital content creation","-","-","-","-","-","-","-","-","-","-","-","-"
"Bosnia and Herzegovina","Individuals with above basic ICT skills in digital content creation","-","-","-","-","-","-","-","-","-","-","-","-"
"Bosnia and Herzegovina","Individuals with basic skills in communication and collaboration","-","-","-","-","-","-","-","-","-","-","13.4099%","-"
"Bosnia and Herzegovina","Individuals with above basic ICT skills in communication and collaboration","-","-","-","-","-","-","-","-","-","-","71.5411%","-"
"Bosnia and Herzegovina","Individuals with basic ICT skills in problem solving","-","-","-","-","-","-","-","-","-","-","-","-"
"Bosnia and Herzegovina","Individuals with above basic ICT skills in problem solving","-","-","-","-","-","-","-","-","-","-","-","-"
"Brazil","Individuals with basic ICT skills in safety","-","-","-","-","-","-","-","-","18.4189%","20.5159%","19.7648%","-"
"Brazil","Individuals with above basic ICT skills in safety","-","-","-","-","-","-","-","-","24.0722%","27.3447%","26.3218%","-"
"Brazil","Individuals with basic ICT skills in information and data literacy","-","-","-","-","-","-","-","16.8683%","13.2374%","14.1169%","14.0642%","-"
"Brazil","Individuals with above basic ICT skills in information and data literacy","-","-","-","-","-","-","-","43.936%","51.1027%","52.7344%","53.1967%","-"
"Brazil","Individuals with basic ICT skills in digital content creation","-","-","-","-","-","-","-","21.0046%","20.0853%","20.2324%","19.0232%","-"
"Brazil","Individuals with above basic ICT skills in digital content creation","-","-","-","-","-","-","-","9.37468%","32.8573%","33.2988%","34.2573%","-"
"Brazil","Individuals with basic skills in communication and collaboration","-","-","-","-","-","-","-","18.4788%","18.6282%","16.0135%","16.2679%","-"
"Brazil","Individuals with above basic ICT skills in communication and collaboration","-","-","-","-","-","-","-","56.9228%","57.1053%","62.396%","62.3794%","-"
"Brazil","Individuals with basic ICT skills in problem solving","-","-","-","-","-","-","-","18.2558%","14.8309%","14.858%","14.8699%","-"
"Brazil","Individuals with above basic ICT skills in problem solving","-","-","-","-","-","-","-","30.5701%","41.2664%","45.2482%","43.9384%","-"
"Brunei Darussalam","Individuals with basic ICT skills in safety","-","-","-","-","-","-","-","-","32.9472%","-","-","-"
"Brunei Darussalam","Individuals with above basic ICT skills in safety","-","-","-","-","-","-","-","-","60.2959%","-","-","-"
"Brunei Darussalam","Individuals with basic ICT skills in information and data literacy","-","-","-","-","-","-","-","-","-","-","-","-"
"Brunei Darussalam","Individuals with above basic ICT skills in information and data literacy","-","-","-","-","-","-","-","-","-","-","-","-"
"Brunei Darussalam","Individuals with basic ICT skills in digital content creation","-","-","-","-","-","-","-","-","0%","-","-","-"
"Brunei Darussalam","Individuals with above basic ICT skills in digital content creation","-","-","-","-","-","-","-","-","87.0657%","-","-","-"
"Brunei Darussalam","Individuals with basic skills in communication and collaboration","-","-","-","-","-","-","-","-","23.2304%","-","-","-"
"Brunei Darussalam","Individuals with above basic ICT skills in communication and collaboration","-","-","-","-","-","-","-","-","75.3539%","-","-","-"
"Brunei Darussalam","Individuals with basic ICT skills in problem solving","-","-","-","-","-","-","-","-","8.94476%","-","-","-"
"Brunei Darussalam","Individuals with above basic ICT skills in problem solving","-","-","-","-","-","-","-","-","89.6397%","-","-","-"
"Bulgaria","Individuals with basic ICT skills in safety","-","-","-","-","-","-","-","30.7155%","-","34.7436%","-","-"
"Bulgaria","Individuals with above basic ICT skills in safety","-","-","-","-","-","-","-","17.743%","-","16.0043%","-","-"
"Bulgaria","Individuals with basic ICT skills in information and data literacy","-","-","-","-","-","-","-","14.2966%","-","16.2824%","15.2128%","-"
"Bulgaria","Individuals with above basic ICT skills in information and data literacy","-","-","-","-","-","-","-","50.6985%","-","53.6352%","54.5346%","-"
"Bulgaria","Individuals with basic ICT skills in digital content creation","-","-","-","-","-","-","-","21.3564%","-","19.1127%","-","-"
"Bulgaria","Individuals with above basic ICT skills in digital content creation","-","-","-","-","-","-","-","22.4292%","-","24.512%","-","-"
"Bulgaria","Individuals with basic skills in communication and collaboration","-","-","-","-","-","-","-","7.47736%","-","19.4273%","18.9221%","-"
"Bulgaria","Individuals with above basic ICT skills in communication and collaboration","-","-","-","-","-","-","-","65.5141%","-","57.1535%","58.9787%","-"
"Bulgaria","Individuals with basic ICT skills in problem solving","-","-","-","-","-","-","-","28.325%","-","21.4989%","23.0089%","-"
"Bulgaria","Individuals with above basic ICT skills in problem solving","-","-","-","-","-","-","-","19.9952%","-","25.2516%","20.8325%","-"
"Canada","Individuals with basic ICT skills in safety","-","-","-","-","-","-","-","-","33.7%","-","-","-"
"Canada","Individuals with above basic ICT skills in safety","-","-","-","-","-","-","-","-","48.2%","-","-","-"
"Canada","Individuals with basic ICT skills in information and data literacy","-","-","-","-","-","-","-","-","11%","-","-","-"
"Canada","Individuals with above basic ICT skills in information and data literacy","-","-","-","-","-","-","-","-","77.6%","-","-","-"
"Canada","Individuals with basic ICT skills in digital content creation","-","-","-","-","-","-","-","-","9.10001%","-","-","-"
"Canada","Individuals with above basic ICT skills in digital content creation","-","-","-","-","-","-","-","-","60.3%","-","-","-"
"Canada","Individuals with basic skills in communication and collaboration","-","-","-","-","-","-","-","-","12.8%","-","-","-"
"Canada","Individuals with above basic ICT skills in communication and collaboration","-","-","-","-","-","-","-","-","80.1%","-","-","-"
"Canada","Individuals with basic ICT skills in problem solving","-","-","-","-","-","-","-","-","16.1%","-","-","-"
"Canada","Individuals with above basic ICT skills in problem solving","-","-","-","-","-","-","-","-","68.6%","-","-","-"
"Chile","Individuals with basic ICT skills in safety","-","-","-","-","-","-","-","-","-","-","-","-"
"Chile","Individuals with above basic ICT skills in safety","-","-","-","-","-","-","-","-","-","-","-","-"
"Chile","Individuals with basic ICT skills in information and data literacy","-","-","-","-","-","-","-","-","-","20.5533%","-","-"
"Chile","Individuals with above basic ICT skills in information and data literacy","-","-","-","-","-","-","-","-","-","45.9343%","-","-"
"Chile","Individuals with basic ICT skills in digital content creation","-","-","-","-","-","-","-","-","-","19.7405%","-","-"
"Chile","Individuals with above basic ICT skills in digital content creation","-","-","-","-","-","-","-","-","-","47.0166%","-","-"
"Chile","Individuals with basic skills in communication and collaboration","-","-","-","-","-","-","-","-","-","11.8609%","-","-"
"Chile","Individuals with above basic ICT skills in communication and collaboration","-","-","-","-","-","-","-","-","-","71.3537%","-","-"
"Chile","Individuals with basic ICT skills in problem solving","-","-","-","-","-","-","-","-","-","11.6454%","-","-"
"Chile","Individuals with above basic ICT skills in problem solving","-","-","-","-","-","-","-","-","-","50.4105%","-","-"
"Croatia","Individuals with basic ICT skills in safety","-","-","-","-","-","-","-","-","-","-","-","-"
"Croatia","Individuals with above basic ICT skills in safety","-","-","-","-","-","-","-","-","-","-","-","-"
"Croatia","Individuals with basic ICT skills in information and data literacy","-","-","-","-","-","-","-","3.48001%","5.776%","5.14001%","8.26823%","-"
"Croatia","Individuals with above basic ICT skills in information and data literacy","-","-","-","-","-","-","-","76.12%","73.11%","75.82%","71.3399%","-"
"Croatia","Individuals with basic ICT skills in digital content creation","-","-","-","-","-","-","-","16.83%","-","41.8298%","-","-"
"Croatia","Individuals with above basic ICT skills in digital content creation","-","-","-","-","-","-","-","64.43%","-","39.72%","-","-"
"Croatia","Individuals with basic skills in communication and collaboration","-","-","-","-","-","-","-","3.80058%","-","3.67999%","20.9721%","-"
"Croatia","Individuals with above basic ICT skills in communication and collaboration","-","-","-","-","-","-","-","75.54%","-","77.64%","52.5034%","-"
"Croatia","Individuals with basic ICT skills in problem solving","-","-","-","-","-","-","-","20.49%","26.5104%","20.8103%","20.1679%","-"
"Croatia","Individuals with above basic ICT skills in problem solving","-","-","-","-","-","-","-","50.67%","45.8803%","46.1156%","47.912%","-"
"Czech Republic","Individuals with basic ICT skills in safety","-","-","-","-","-","-","-","-","-","-","-","-"
"Czech Republic","Individuals with above basic ICT skills in safety","-","-","-","-","-","-","-","-","-","-","-","-"
"Czech Republic","Individuals with basic ICT skills in information and data literacy","-","-","-","-","-","-","-","6.57703%","-","5.96999%","-","-"
"Czech Republic","Individuals with above basic ICT skills in information and data literacy","-","-","-","-","-","-","-","74.3408%","-","77.7005%","-","-"
"Czech Republic","Individuals with basic ICT skills in digital content creation","-","-","-","-","-","-","-","17.3937%","-","16.6663%","-","-"
"Czech Republic","Individuals with above basic ICT skills in digital content creation","-","-","-","-","-","-","-","34.4393%","-","42.6085%","-","-"
"Czech Republic","Individuals with basic skills in communication and collaboration","-","-","-","-","-","-","-","21.9773%","23.745%","21.171%","-","-"
"Czech Republic","Individuals with above basic ICT skills in communication and collaboration","-","-","-","-","-","-","-","44.9086%","46.4475%","51.1126%","-","-"
"Czech Republic","Individuals with basic ICT skills in problem solving","-","-","-","-","-","-","-","11.0938%","-","8.24179%","-","-"
"Czech Republic","Individuals with above basic ICT skills in problem solving","-","-","-","-","-","-","-","64.2857%","-","71.6975%","-","-"
"Dominican Rep.","Individuals with basic ICT skills in safety","-","-","-","-","-","-","-","-","5.98098%","-","-","-"
"Dominican Rep.","Individuals with above basic ICT skills in safety","-","-","-","-","-","-","-","-","7.82907%","-","-","-"
"Dominican Rep.","Individuals with basic ICT skills in information and data literacy","-","-","-","-","-","-","-","-","19.2695%","-","-","-"
"Dominican Rep.","Individuals with above basic ICT skills in information and data literacy","-","-","-","-","-","-","-","-","21.6415%","-","-","-"
"Dominican Rep.","Individuals with basic ICT skills in digital content creation","-","-","-","-","-","-","-","-","21.6914%","-","-","-"
"Dominican Rep.","Individuals with above basic ICT skills in digital content creation","-","-","-","-","-","-","-","-","17.5897%","-","-","-"
"Dominican Rep.","Individuals with basic skills in communication and collaboration","-","-","-","-","-","-","-","-","16.7892%","-","-","-"
"Dominican Rep.","Individuals with above basic ICT skills in communication and collaboration","-","-","-","-","-","-","-","-","62.5932%","-","-","-"
"Dominican Rep.","Individuals with basic ICT skills in problem solving","-","-","-","-","-","-","-","-","14.0087%","-","-","-"
"Dominican Rep.","Individuals with above basic ICT skills in problem solving","-","-","-","-","-","-","-","-","20.4999%","-","-","-"
"Estonia","Individuals with basic ICT skills in safety","-","-","-","-","-","-","-","-","-","-","-","-"
"Estonia","Individuals with above basic ICT skills in safety","-","-","-","-","-","-","-","-","-","-","-","-"
"Estonia","Individuals with basic ICT skills in information and data literacy","-","-","-","-","-","-","-","-","-","7.30423%","-","-"
"Estonia","Individuals with above basic ICT skills in information and data literacy","-","-","-","-","-","-","-","-","-","76.5159%","-","-"
"Estonia","Individuals with basic ICT skills in digital content creation","-","-","-","-","-","-","-","-","-","0%","-","-"
"Estonia","Individuals with above basic ICT skills in digital content creation","-","-","-","-","-","-","-","-","-","49.7328%","-","-"
"Estonia","Individuals with basic skills in communication and collaboration","-","-","-","-","-","-","-","-","-","6.988%","-","-"
"Estonia","Individuals with above basic ICT skills in communication and collaboration","-","-","-","-","-","-","-","-","-","76.8781%","-","-"
"Estonia","Individuals with basic ICT skills in problem solving","-","-","-","-","-","-","-","-","-","21.1233%","-","-"
"Estonia","Individuals with above basic ICT skills in problem solving","-","-","-","-","-","-","-","-","-","62.287%","-","-"
"Finland","Individuals with basic ICT skills in safety","-","-","-","-","-","-","-","-","-","-","-","-"
"Finland","Individuals with above basic ICT skills in safety","-","-","-","-","-","-","-","-","-","-","-","-"
"Finland","Individuals with basic ICT skills in information and data literacy","-","-","-","-","-","-","-","15.938%","15.7061%","13.6318%","-","-"
"Finland","Individuals with above basic ICT skills in information and data literacy","-","-","-","-","-","-","-","72.4222%","72.3438%","75.2702%","-","-"
"Finland","Individuals with basic ICT skills in digital content creation","-","-","-","-","-","-","-","19.8526%","-","20.5061%","-","-"
"Finland","Individuals with above basic ICT skills in digital content creation","-","-","-","-","-","-","-","39.0518%","-","39.6726%","-","-"
"Finland","Individuals with basic skills in communication and collaboration","-","-","-","-","-","-","-","22.43%","22.283%","21.9623%","-","-"
"Finland","Individuals with above basic ICT skills in communication and collaboration","-","-","-","-","-","-","-","58.8568%","59.7229%","61.407%","-","-"
"Finland","Individuals with basic ICT skills in problem solving","-","-","-","-","-","-","-","16.7905%","63.4178%","15.334%","-","-"
"Finland","Individuals with above basic ICT skills in problem solving","-","-","-","-","-","-","-","73.9834%","26.9673%","76.0356%","-","-"
"France","Individuals with basic ICT skills in safety","-","-","-","-","-","-","-","-","-","21.7825%","-","-"
"France","Individuals with above basic ICT skills in safety","-","-","-","-","-","-","-","-","-","44.8921%","-","-"
"France","Individuals with basic ICT skills in information and data literacy","-","-","-","-","-","-","-","-","-","14.5199%","-","-"
"France","Individuals with above basic ICT skills in information and data literacy","-","-","-","-","-","-","-","-","-","61.6124%","-","-"
"France","Individuals with basic ICT skills in digital content creation","-","-","-","-","-","-","-","-","-","19.7017%","-","-"
"France","Individuals with above basic ICT skills in digital content creation","-","-","-","-","-","-","-","-","-","46.0175%","-","-"
"France","Individuals with basic skills in communication and collaboration","-","-","-","-","-","-","-","-","-","12.8292%","-","-"
"France","Individuals with above basic ICT skills in communication and collaboration","-","-","-","-","-","-","-","-","-","71.1882%","-","-"
"France","Individuals with basic ICT skills in problem solving","-","-","-","-","-","-","-","-","-","26.168%","-","-"
"France","Individuals with above basic ICT skills in problem solving","-","-","-","-","-","-","-","-","-","55.4216%","-","-"
"Georgia","Individuals with basic ICT skills in safety","-","-","-","-","-","-","-","-","-","-","-","-"
"Georgia","Individuals with above basic ICT skills in safety","-","-","-","-","-","-","-","-","-","-","-","-"
"Georgia","Individuals with basic ICT skills in information and data literacy","-","-","-","-","-","-","-","16.5779%","17.518%","19.7584%","-","-"
"Georgia","Individuals with above basic ICT skills in information and data literacy","-","-","-","-","-","-","-","37.4232%","39.1849%","40.4344%","-","-"
"Georgia","Individuals with basic ICT skills in digital content creation","-","-","-","-","-","-","-","19.2311%","21.1066%","21.0073%","-","-"
"Georgia","Individuals with above basic ICT skills in digital content creation","-","-","-","-","-","-","-","21.6864%","22.3992%","21.6123%","-","-"
"Georgia","Individuals with basic skills in communication and collaboration","-","-","-","-","-","-","-","4.65826%","6.72119%","5.28085%","-","-"
"Georgia","Individuals with above basic ICT skills in communication and collaboration","-","-","-","-","-","-","-","71.2969%","71.4415%","76.3655%","-","-"
"Georgia","Individuals with basic ICT skills in problem solving","-","-","-","-","-","-","-","15.9881%","17.4241%","17.367%","-","-"
"Georgia","Individuals with above basic ICT skills in problem solving","-","-","-","-","-","-","-","25.9857%","27.4756%","30.3994%","-","-"
"Greece","Individuals with basic ICT skills in safety","-","-","-","-","-","-","-","-","-","-","-","-"
"Greece","Individuals with above basic ICT skills in safety","-","-","-","-","-","-","-","-","-","-","-","-"
"Greece","Individuals with basic ICT skills in information and data literacy","-","-","-","-","-","-","-","6.56122%","6.29243%","9.09815%","-","-"
"Greece","Individuals with above basic ICT skills in information and data literacy","-","-","-","-","-","-","-","69.928%","73.4532%","73.1794%","-","-"
"Greece","Individuals with basic ICT skills in digital content creation","-","-","-","-","-","-","-","20.0095%","-","17.3424%","-","-"
"Greece","Individuals with above basic ICT skills in digital content creation","-","-","-","-","-","-","-","39.8488%","-","44.0567%","-","-"
"Greece","Individuals with basic skills in communication and collaboration","-","-","-","-","-","-","-","6.64393%","6.42077%","8.22767%","-","-"
"Greece","Individuals with above basic ICT skills in communication and collaboration","-","-","-","-","-","-","-","68.9441%","73.1482%","71.9273%","-","-"
"Greece","Individuals with basic ICT skills in problem solving","-","-","-","-","-","-","-","9.52533%","23.5639%","10.9092%","-","-"
"Greece","Individuals with above basic ICT skills in problem solving","-","-","-","-","-","-","-","57.1744%","40.7481%","60.2173%","-","-"
"Hong Kong, China","Individuals with basic ICT skills in safety","-","-","-","-","-","-","-","-","-","6.15264%","-","-"
"Hong Kong, China","Individuals with above basic ICT skills in safety","-","-","-","-","-","-","-","-","-","21.2139%","-","-"
"Hong Kong, China","Individuals with basic ICT skills in information and data literacy","-","-","-","-","-","-","-","-","-","-","-","-"
"Hong Kong, China","Individuals with above basic ICT skills in information and data literacy","-","-","-","-","-","-","-","-","-","-","-","-"
"Hong Kong, China","Individuals with basic ICT skills in digital content creation","-","-","-","-","-","-","-","-","-","16.3516%","-","-"
"Hong Kong, China","Individuals with above basic ICT skills in digital content creation","-","-","-","-","-","-","-","-","-","47.7132%","-","-"
"Hong Kong, China","Individuals with basic skills in communication and collaboration","-","-","-","-","-","-","-","-","-","-","-","-"
"Hong Kong, China","Individuals with above basic ICT skills in communication and collaboration","-","-","-","-","-","-","-","-","-","-","-","-"
"Hong Kong, China","Individuals with basic ICT skills in problem solving","-","-","-","-","-","-","-","-","-","8.95094%","-","-"
"Hong Kong, China","Individuals with above basic ICT skills in problem solving","-","-","-","-","-","-","-","-","-","46.0481%","-","-"
"Indonesia","Individuals with basic ICT skills in safety","-","-","-","-","-","-","-","-","-","-","-","-"
"Indonesia","Individuals with above basic ICT skills in safety","-","-","-","-","-","-","-","-","-","-","-","-"
"Indonesia","Individuals with basic ICT skills in information and data literacy","-","-","-","-","-","-","-","-","-","-","19.1878%","-"
"Indonesia","Individuals with above basic ICT skills in information and data literacy","-","-","-","-","-","-","-","-","-","-","50.5936%","-"
"Indonesia","Individuals with basic ICT skills in digital content creation","-","-","-","-","-","-","-","-","-","-","5.97388%","-"
"Indonesia","Individuals with above basic ICT skills in digital content creation","-","-","-","-","-","-","-","-","-","-","0.185632%","-"
"Indonesia","Individuals with basic skills in communication and collaboration","-","-","-","-","-","-","-","-","-","-","49.0764%","-"
"Indonesia","Individuals with above basic ICT skills in communication and collaboration","-","-","-","-","-","-","-","-","-","-","8.37808%","-"
"Indonesia","Individuals with basic ICT skills in problem solving","-","-","-","-","-","-","-","-","-","-","18.9093%","-"
"Indonesia","Individuals with above basic ICT skills in problem solving","-","-","-","-","-","-","-","-","-","-","6.99788%","-"
"Italy","Individuals with basic ICT skills in safety","-","-","-","-","-","-","-","-","-","24.2422%","-","-"
"Italy","Individuals with above basic ICT skills in safety","-","-","-","-","-","-","-","-","-","34.8941%","-","-"
"Italy","Individuals with basic ICT skills in information and data literacy","-","-","-","-","-","-","-","-","-","14.6746%","-","-"
"Italy","Individuals with above basic ICT skills in information and data literacy","-","-","-","-","-","-","-","-","-","60.8246%","-","-"
"Italy","Individuals with basic ICT skills in digital content creation","-","-","-","-","-","-","-","-","-","17.6857%","-","-"
"Italy","Individuals with above basic ICT skills in digital content creation","-","-","-","-","-","-","-","-","-","42.5967%","-","-"
"Italy","Individuals with basic skills in communication and collaboration","-","-","-","-","-","-","-","-","-","4.19099%","-","-"
"Italy","Individuals with above basic ICT skills in communication and collaboration","-","-","-","-","-","-","-","-","-","79.8937%","-","-"
"Italy","Individuals with basic ICT skills in problem solving","-","-","-","-","-","-","-","-","-","23.6914%","-","-"
"Italy","Individuals with above basic ICT skills in problem solving","-","-","-","-","-","-","-","-","-","50.0683%","-","-"
"Jamaica","Individuals with basic ICT skills in safety","-","-","-","-","-","-","-","-","-","-","-","-"
"Jamaica","Individuals with above basic ICT skills in safety","-","-","-","-","-","-","-","-","-","-","-","-"
"Jamaica","Individuals with basic ICT skills in information and data literacy","-","-","-","-","-","-","-","-","-","44.3096%","-","-"
"Jamaica","Individuals with above basic ICT skills in information and data literacy","-","-","-","-","-","-","-","-","-","21.2966%","-","-"
"Jamaica","Individuals with basic ICT skills in digital content creation","-","-","-","-","-","-","-","-","-","9.03635%","-","-"
"Jamaica","Individuals with above basic ICT skills in digital content creation","-","-","-","-","-","-","-","-","-","10.2875%","-","-"
"Jamaica","Individuals with basic skills in communication and collaboration","-","-","-","-","-","-","-","-","-","20.7405%","-","-"
"Jamaica","Individuals with above basic ICT skills in communication and collaboration","-","-","-","-","-","-","-","-","-","60.7658%","-","-"
"Jamaica","Individuals with basic ICT skills in problem solving","-","-","-","-","-","-","-","-","-","28.702%","-","-"
"Jamaica","Individuals with above basic ICT skills in problem solving","-","-","-","-","-","-","-","-","-","23.432%","-","-"
"Japan","Individuals with basic ICT skills in safety","-","-","-","-","-","-","-","-","-","-","-","-"
"Japan","Individuals with above basic ICT skills in safety","-","-","-","-","-","-","-","-","-","-","-","-"
"Japan","Individuals with basic ICT skills in information and data literacy","-","-","-","-","-","-","-","-","-","-","-","-"
"Japan","Individuals with above basic ICT skills in information and data literacy","-","-","-","-","-","-","-","-","-","-","-","-"
"Japan","Individuals with basic ICT skills in digital content creation","-","-","-","-","-","-","-","19.5848%","19.401%","-","-","-"
"Japan","Individuals with above basic ICT skills in digital content creation","-","-","-","-","-","-","-","54.9253%","56.7434%","-","-","-"
"Japan","Individuals with basic skills in communication and collaboration","-","-","-","-","-","-","-","-","-","-","-","-"
"Japan","Individuals with above basic ICT skills in communication and collaboration","-","-","-","-","-","-","-","-","-","-","-","-"
"Japan","Individuals with basic ICT skills in problem solving","-","-","-","-","-","-","-","13.3068%","12.4823%","-","-","-"
"Japan","Individuals with above basic ICT skills in problem solving","-","-","-","-","-","-","-","49.9409%","51.8428%","-","-","-"
"Jordan","Individuals with basic ICT skills in safety","-","-","-","-","-","-","-","-","-","7.1276%","-","-"
"Jordan","Individuals with above basic ICT skills in safety","-","-","-","-","-","-","-","-","-","4.56599%","-","-"
"Jordan","Individuals with basic ICT skills in information and data literacy","-","-","-","-","-","-","-","-","-","19.6509%","-","-"
"Jordan","Individuals with above basic ICT skills in information and data literacy","-","-","-","-","-","-","-","-","-","26.3387%","-","-"
"Jordan","Individuals with basic ICT skills in digital content creation","-","-","-","-","-","-","-","-","-","14.8959%","-","-"
"Jordan","Individuals with above basic ICT skills in digital content creation","-","-","-","-","-","-","-","-","-","19.7155%","-","-"
"Jordan","Individuals with basic skills in communication and collaboration","-","-","-","-","-","-","-","-","-","18.1906%","-","-"
"Jordan","Individuals with above basic ICT skills in communication and collaboration","-","-","-","-","-","-","-","-","-","65.3733%","-","-"
"Jordan","Individuals with basic ICT skills in problem solving","-","-","-","-","-","-","-","-","-","17.1914%","-","-"
"Jordan","Individuals with above basic ICT skills in problem solving","-","-","-","-","-","-","-","-","-","15.582%","-","-"
"Korea (Rep. of)","Individuals with basic ICT skills in safety","-","-","-","-","-","-","-","23.875%","26.6778%","32.6842%","35.173%","-"
"Korea (Rep. of)","Individuals with above basic ICT skills in safety","-","-","-","-","-","-","-","22.1297%","20.6756%","25.054%","24.9908%","-"
"Korea (Rep. of)","Individuals with basic ICT skills in information and data literacy","-","-","-","-","-","-","-","1.91197%","2.23071%","6.68559%","7.816%","-"
"Korea (Rep. of)","Individuals with above basic ICT skills in information and data literacy","-","-","-","-","-","-","-","95.5535%","94.6016%","90.1016%","87.4546%","-"
"Korea (Rep. of)","Individuals with basic ICT skills in digital content creation","-","-","-","-","-","-","-","18.5164%","14.7291%","16.4949%","33.5222%","-"
"Korea (Rep. of)","Individuals with above basic ICT skills in digital content creation","-","-","-","-","-","-","-","78.7793%","74.241%","79.3656%","62.7629%","-"
"Korea (Rep. of)","Individuals with basic skills in communication and collaboration","-","-","-","-","-","-","-","14.7774%","13.0024%","14.0433%","15.898%","-"
"Korea (Rep. of)","Individuals with above basic ICT skills in communication and collaboration","-","-","-","-","-","-","-","81.1823%","82.5062%","81.9686%","81.7238%","-"
"Korea (Rep. of)","Individuals with basic ICT skills in problem solving","-","-","-","-","-","-","-","3.78429%","8.36131%","7.83233%","6.36644%","-"
"Korea (Rep. of)","Individuals with above basic ICT skills in problem solving","-","-","-","-","-","-","-","90.1475%","82.1094%","82.1565%","89.2479%","-"
"Latvia","Individuals with basic ICT skills in safety","-","-","-","-","-","-","-","-","-","-","-","-"
"Latvia","Individuals with above basic ICT skills in safety","-","-","-","-","-","-","-","-","-","-","-","-"
"Latvia","Individuals with basic ICT skills in information and data literacy","-","-","-","-","-","-","-","14.871%","17.0179%","15.9028%","-","-"
"Latvia","Individuals with above basic ICT skills in information and data literacy","-","-","-","-","-","-","-","69.8056%","65.2722%","67.8686%","-","-"
"Latvia","Individuals with basic ICT skills in digital content creation","-","-","-","-","-","-","-","29.5248%","-","27.3233%","-","-"
"Latvia","Individuals with above basic ICT skills in digital content creation","-","-","-","-","-","-","-","4.26449%","-","3.59741%","-","-"
"Latvia","Individuals with basic skills in communication and collaboration","-","-","-","-","-","-","-","20.6117%","19.3034%","18.7012%","-","-"
"Latvia","Individuals with above basic ICT skills in communication and collaboration","-","-","-","-","-","-","-","60.5657%","62.4635%","65.3352%","-","-"
"Latvia","Individuals with basic ICT skills in problem solving","-","-","-","-","-","-","-","15.8174%","39.4367%","18.4913%","-","-"
"Latvia","Individuals with above basic ICT skills in problem solving","-","-","-","-","-","-","-","69.7269%","44.3352%","68.2555%","-","-"
"Lithuania","Individuals with basic ICT skills in safety","-","-","-","-","-","-","-","-","-","-","-","-"
"Lithuania","Individuals with above basic ICT skills in safety","-","-","-","-","-","-","-","-","-","-","-","-"
"Lithuania","Individuals with basic ICT skills in information and data literacy","-","-","-","-","-","-","-","7.84777%","7.30047%","7.85309%","-","-"
"Lithuania","Individuals with above basic ICT skills in information and data literacy","-","-","-","-","-","-","-","76.9619%","77.62%","78.4973%","-","-"
"Lithuania","Individuals with basic ICT skills in digital content creation","-","-","-","-","-","-","-","22.1234%","-","18.749%","-","-"
"Lithuania","Individuals with above basic ICT skills in digital content creation","-","-","-","-","-","-","-","32.4668%","-","39.5887%","-","-"
"Lithuania","Individuals with basic skills in communication and collaboration","-","-","-","-","-","-","-","17.6764%","17.0304%","16.6744%","-","-"
"Lithuania","Individuals with above basic ICT skills in communication and collaboration","-","-","-","-","-","-","-","60.046%","62.3806%","63.843%","-","-"
"Lithuania","Individuals with basic ICT skills in problem solving","-","-","-","-","-","-","-","17.0764%","29.2461%","18.107%","-","-"
"Lithuania","Individuals with above basic ICT skills in problem solving","-","-","-","-","-","-","-","59.273%","47.311%","60.3608%","-","-"
"Malawi","Individuals with basic ICT skills in safety","-","-","-","-","-","-","-","-","-","0.451442%","-","-"
"Malawi","Individuals with above basic ICT skills in safety","-","-","-","-","-","-","-","-","-","0.858115%","-","-"
"Malawi","Individuals with basic ICT skills in information and data literacy","-","-","-","-","-","-","-","-","-","3.37882%","-","-"
"Malawi","Individuals with above basic ICT skills in information and data literacy","-","-","-","-","-","-","-","-","-","1.46589%","-","-"
"Malawi","Individuals with basic ICT skills in digital content creation","-","-","-","-","-","-","-","-","-","1.15992%","-","-"
"Malawi","Individuals with above basic ICT skills in digital content creation","-","-","-","-","-","-","-","-","-","1.53701%","-","-"
"Malawi","Individuals with basic skills in communication and collaboration","-","-","-","-","-","-","-","-","-","12.0066%","-","-"
"Malawi","Individuals with above basic ICT skills in communication and collaboration","-","-","-","-","-","-","-","-","-","4.11375%","-","-"
"Malawi","Individuals with basic ICT skills in problem solving","-","-","-","-","-","-","-","-","-","1.3931%","-","-"
"Malawi","Individuals with above basic ICT skills in problem solving","-","-","-","-","-","-","-","-","-","1.95989%","-","-"
"Malaysia","Individuals with basic ICT skills in safety","-","-","-","-","-","-","-","-","-","-","20.9635%","-"
"Malaysia","Individuals with above basic ICT skills in safety","-","-","-","-","-","-","-","-","-","-","53.1028%","-"
"Malaysia","Individuals with basic ICT skills in information and data literacy","-","-","-","-","-","-","-","-","-","-","14.9622%","-"
"Malaysia","Individuals with above basic ICT skills in information and data literacy","-","-","-","-","-","-","-","-","-","-","80.0668%","-"
"Malaysia","Individuals with basic ICT skills in digital content creation","-","-","-","-","-","-","-","-","-","15.4983%","15.6237%","-"
"Malaysia","Individuals with above basic ICT skills in digital content creation","-","-","-","-","-","-","-","-","-","66.5157%","68.2064%","-"
"Malaysia","Individuals with basic skills in communication and collaboration","-","-","-","-","-","-","-","-","-","4.56881%","4.42954%","-"
"Malaysia","Individuals with above basic ICT skills in communication and collaboration","-","-","-","-","-","-","-","-","-","92.8122%","94.0046%","-"
"Malaysia","Individuals with basic ICT skills in problem solving","-","-","-","-","-","-","-","-","-","7.73033%","9.41552%","-"
"Malaysia","Individuals with above basic ICT skills in problem solving","-","-","-","-","-","-","-","-","-","80.5614%","81.0148%","-"
"Malta","Individuals with basic ICT skills in safety","-","-","-","-","-","-","-","-","-","24.2373%","-","-"
"Malta","Individuals with above basic ICT skills in safety","-","-","-","-","-","-","-","-","-","54.726%","-","-"
"Malta","Individuals with basic ICT skills in information and data literacy","-","-","-","-","-","-","-","-","-","6.78719%","-","-"
"Malta","Individuals with above basic ICT skills in information and data literacy","-","-","-","-","-","-","-","-","-","80.7162%","-","-"
"Malta","Individuals with basic ICT skills in digital content creation","-","-","-","-","-","-","-","-","-","0%","-","-"
"Malta","Individuals with above basic ICT skills in digital content creation","-","-","-","-","-","-","-","-","-","50.1207%","-","-"
"Malta","Individuals with basic skills in communication and collaboration","-","-","-","-","-","-","-","-","-","2.67565%","-","-"
"Malta","Individuals with above basic ICT skills in communication and collaboration","-","-","-","-","-","-","-","-","-","88.0808%","-","-"
"Malta","Individuals with basic ICT skills in problem solving","-","-","-","-","-","-","-","-","-","22.7243%","-","-"
"Malta","Individuals with above basic ICT skills in problem solving","-","-","-","-","-","-","-","-","-","63.5662%","-","-"
"Mexico","Individuals with basic ICT skills in safety","-","-","-","-","-","-","-","-","-","-","-","-"
"Mexico","Individuals with above basic ICT skills in safety","-","-","-","-","-","-","-","-","-","-","-","-"
"Mexico","Individuals with basic ICT skills in information and data literacy","-","-","-","-","-","-","-","15.0485%","17.4764%","18.5619%","-","-"
"Mexico","Individuals with above basic ICT skills in information and data literacy","-","-","-","-","-","-","-","53.3428%","53.1089%","53.1123%","-","-"
"Mexico","Individuals with basic ICT skills in digital content creation","-","-","-","-","-","-","-","4.28579%","4.5072%","4.50433%","-","-"
"Mexico","Individuals with above basic ICT skills in digital content creation","-","-","-","-","-","-","-","27.6046%","27.8498%","28.2736%","-","-"
"Mexico","Individuals with basic skills in communication and collaboration","-","-","-","-","-","-","-","9.47047%","9.41244%","9.53667%","-","-"
"Mexico","Individuals with above basic ICT skills in communication and collaboration","-","-","-","-","-","-","-","62.1713%","65.0613%","67.7941%","-","-"
"Mexico","Individuals with basic ICT skills in problem solving","-","-","-","-","-","-","-","17.2562%","15.604%","15.7442%","-","-"
"Mexico","Individuals with above basic ICT skills in problem solving","-","-","-","-","-","-","-","27.5098%","27.6523%","28.5605%","-","-"
"Oman","Individuals with basic ICT skills in safety","-","-","-","-","-","-","-","-","-","62.6043%","-","-"
"Oman","Individuals with above basic ICT skills in safety","-","-","-","-","-","-","-","-","-","21.072%","-","-"
"Oman","Individuals with basic ICT skills in information and data literacy","-","-","-","-","-","-","-","-","-","16.4337%","-","-"
"Oman","Individuals with above basic ICT skills in information and data literacy","-","-","-","-","-","-","-","-","-","71.8809%","-","-"
"Oman","Individuals with basic ICT skills in digital content creation","-","-","-","-","-","-","-","-","-","14.3741%","-","-"
"Oman","Individuals with above basic ICT skills in digital content creation","-","-","-","-","-","-","-","-","-","76%","-","-"
"Oman","Individuals with basic skills in communication and collaboration","-","-","-","-","-","-","-","-","-","-","-","-"
"Oman","Individuals with above basic ICT skills in communication and collaboration","-","-","-","-","-","-","-","-","-","-","-","-"
"Oman","Individuals with basic ICT skills in problem solving","-","-","-","-","-","-","-","-","-","17.2714%","-","-"
"Oman","Individuals with above basic ICT skills in problem solving","-","-","-","-","-","-","-","-","-","70.2055%","-","-"
"Poland","Individuals with basic ICT skills in safety","-","-","-","-","-","-","-","-","-","-","-","-"
"Poland","Individuals with above basic ICT skills in safety","-","-","-","-","-","-","-","-","-","-","-","-"
"Poland","Individuals with basic ICT skills in information and data literacy","-","-","-","-","-","-","-","12.668%","12.0958%","9.7044%","10.0381%","-"
"Poland","Individuals with above basic ICT skills in information and data literacy","-","-","-","-","-","-","-","67.5707%","70.8588%","72.7487%","74.5315%","-"
"Poland","Individuals with basic ICT skills in digital content creation","-","-","-","-","-","-","-","14.7144%","14.3828%","14.4489%","-","-"
"Poland","Individuals with above basic ICT skills in digital content creation","-","-","-","-","-","-","-","28.4271%","25.2236%","26.0882%","-","-"
"Poland","Individuals with basic skills in communication and collaboration","-","-","-","-","-","-","-","23.6544%","24.3591%","22.7752%","-","-"
"Poland","Individuals with above basic ICT skills in communication and collaboration","-","-","-","-","-","-","-","45.1995%","46.2172%","48.341%","-","-"
"Poland","Individuals with basic ICT skills in problem solving","-","-","-","-","-","-","-","12.1337%","11.4473%","11.5559%","-","-"
"Poland","Individuals with above basic ICT skills in problem solving","-","-","-","-","-","-","-","58.9768%","64.2796%","63.3337%","-","-"
"Portugal","Individuals with basic ICT skills in safety","-","-","-","-","-","-","-","-","-","-","-","-"
"Portugal","Individuals with above basic ICT skills in safety","-","-","-","-","-","-","-","-","-","-","-","-"
"Portugal","Individuals with basic ICT skills in information and data literacy","-","-","-","-","-","-","-","7.5915%","9.5104%","9.73971%","-","-"
"Portugal","Individuals with above basic ICT skills in information and data literacy","-","-","-","-","-","-","-","69.1942%","69.1507%","70.0828%","-","-"
"Portugal","Individuals with basic ICT skills in digital content creation","-","-","-","-","-","-","-","11.3829%","-","11.5668%","-","-"
"Portugal","Individuals with above basic ICT skills in digital content creation","-","-","-","-","-","-","-","42.0286%","-","42.4858%","-","-"
"Portugal","Individuals with basic skills in communication and collaboration","-","-","-","-","-","-","-","19.6765%","19.6298%","19.4713%","-","-"
"Portugal","Individuals with above basic ICT skills in communication and collaboration","-","-","-","-","-","-","-","56.6277%","58.4501%","60.3893%","-","-"
"Portugal","Individuals with basic ICT skills in problem solving","-","-","-","-","-","-","-","17.7195%","24.537%","18.5968%","-","-"
"Portugal","Individuals with above basic ICT skills in problem solving","-","-","-","-","-","-","-","47.5267%","40.2971%","51.0024%","-","-"
"Romania","Individuals with basic ICT skills in safety","-","-","-","-","-","-","-","-","-","-","-","-"
"Romania","Individuals with above basic ICT skills in safety","-","-","-","-","-","-","-","-","-","-","-","-"
"Romania","Individuals with basic ICT skills in information and data literacy","-","-","-","-","-","-","-","-","-","17.6919%","-","-"
"Romania","Individuals with above basic ICT skills in information and data literacy","-","-","-","-","-","-","-","-","-","52.5146%","-","-"
"Romania","Individuals with basic ICT skills in digital content creation","-","-","-","-","-","-","-","-","-","27.7722%","-","-"
"Romania","Individuals with above basic ICT skills in digital content creation","-","-","-","-","-","-","-","-","-","5.04164%","-","-"
"Romania","Individuals with basic skills in communication and collaboration","-","-","-","-","-","-","-","-","-","22.6991%","-","-"
"Romania","Individuals with above basic ICT skills in communication and collaboration","-","-","-","-","-","-","-","-","-","61.5962%","-","-"
"Romania","Individuals with basic ICT skills in problem solving","-","-","-","-","-","-","-","-","-","23.3896%","-","-"
"Romania","Individuals with above basic ICT skills in problem solving","-","-","-","-","-","-","-","-","-","14.163%","-","-"
"Russian Federation","Individuals with basic ICT skills in safety","-","-","-","-","-","-","-","-","-","9.54229%","10.8218%","-"
"Russian Federation","Individuals with above basic ICT skills in safety","-","-","-","-","-","-","-","-","-","7.7961%","8.47072%","-"
"Russian Federation","Individuals with basic ICT skills in information and data literacy","-","-","-","-","-","-","-","-","-","29.1861%","23.4114%","-"
"Russian Federation","Individuals with above basic ICT skills in information and data literacy","-","-","-","-","-","-","-","-","-","36.8428%","59.8852%","-"
"Russian Federation","Individuals with basic ICT skills in digital content creation","-","-","-","-","-","-","-","-","-","19.198%","19.6247%","-"
"Russian Federation","Individuals with above basic ICT skills in digital content creation","-","-","-","-","-","-","-","-","-","31.5249%","26.4269%","-"
"Russian Federation","Individuals with basic skills in communication and collaboration","-","-","-","-","-","-","-","-","-","9.69664%","9.25347%","-"
"Russian Federation","Individuals with above basic ICT skills in communication and collaboration","-","-","-","-","-","-","-","-","-","79.6296%","80.8927%","-"
"Russian Federation","Individuals with basic ICT skills in problem solving","-","-","-","-","-","-","-","-","-","22.204%","27.6243%","-"
"Russian Federation","Individuals with above basic ICT skills in problem solving","-","-","-","-","-","-","-","-","-","51.0311%","53.8087%","-"
"Saudi Arabia","Individuals with basic ICT skills in safety","-","-","-","-","-","-","-","-","-","-","15.451%","-"
"Saudi Arabia","Individuals with above basic ICT skills in safety","-","-","-","-","-","-","-","-","-","-","75.45%","-"
"Saudi Arabia","Individuals with basic ICT skills in information and data literacy","-","-","-","-","-","-","-","-","-","-","7.9%","-"
"Saudi Arabia","Individuals with above basic ICT skills in information and data literacy","-","-","-","-","-","-","-","-","-","-","85%","-"
"Saudi Arabia","Individuals with basic ICT skills in digital content creation","-","-","-","-","-","-","-","-","-","-","12.29%","-"
"Saudi Arabia","Individuals with above basic ICT skills in digital content creation","-","-","-","-","-","-","-","-","-","-","79%","-"
"Saudi Arabia","Individuals with basic skills in communication and collaboration","-","-","-","-","-","-","-","-","-","-","4.73491%","-"
"Saudi Arabia","Individuals with above basic ICT skills in communication and collaboration","-","-","-","-","-","-","-","-","-","-","94.0461%","-"
"Saudi Arabia","Individuals with basic ICT skills in problem solving","-","-","-","-","-","-","-","-","-","-","7.65%","-"
"Saudi Arabia","Individuals with above basic ICT skills in problem solving","-","-","-","-","-","-","-","-","-","-","87.62%","-"
"Singapore","Individuals with basic ICT skills in safety","-","-","-","-","-","-","-","-","-","-","12.3199%","-"
"Singapore","Individuals with above basic ICT skills in safety","-","-","-","-","-","-","-","-","-","-","72.8644%","-"
"Singapore","Individuals with basic ICT skills in information and data literacy","-","-","-","-","-","-","-","-","-","-","3.63227%","-"
"Singapore","Individuals with above basic ICT skills in information and data literacy","-","-","-","-","-","-","-","-","-","-","87.0956%","-"
"Singapore","Individuals with basic ICT skills in digital content creation","-","-","-","-","-","-","-","-","-","-","12.3658%","-"
"Singapore","Individuals with above basic ICT skills in digital content creation","-","-","-","-","-","-","-","-","-","-","58.823%","-"
"Singapore","Individuals with basic skills in communication and collaboration","-","-","-","-","-","-","-","-","-","-","5.34042%","-"
"Singapore","Individuals with above basic ICT skills in communication and collaboration","-","-","-","-","-","-","-","-","-","-","88.5959%","-"
"Singapore","Individuals with basic ICT skills in problem solving","-","-","-","-","-","-","-","-","-","-","8.06236%","-"
"Singapore","Individuals with above basic ICT skills in problem solving","-","-","-","-","-","-","-","-","-","-","80.8089%","-"
"Slovakia","Individuals with basic ICT skills in safety","-","-","-","-","-","-","-","32.6891%","-","29.9134%","-","-"
"Slovakia","Individuals with above basic ICT skills in safety","-","-","-","-","-","-","-","31.2411%","-","33.9937%","-","-"
"Slovakia","Individuals with basic ICT skills in information and data literacy","-","-","-","-","-","-","-","11.0307%","-","11.816%","-","-"
"Slovakia","Individuals with above basic ICT skills in information and data literacy","-","-","-","-","-","-","-","72.7892%","-","69.3172%","-","-"
"Slovakia","Individuals with basic ICT skills in digital content creation","-","-","-","-","-","-","-","29.0427%","-","24.3634%","-","-"
"Slovakia","Individuals with above basic ICT skills in digital content creation","-","-","-","-","-","-","-","43.3107%","-","39.5822%","-","-"
"Slovakia","Individuals with basic skills in communication and collaboration","-","-","-","-","-","-","-","9.70604%","-","12.0953%","-","-"
"Slovakia","Individuals with above basic ICT skills in communication and collaboration","-","-","-","-","-","-","-","76.3448%","-","72.7462%","-","-"
"Slovakia","Individuals with basic ICT skills in problem solving","-","-","-","-","-","-","-","33.7958%","-","33.8058%","-","-"
"Slovakia","Individuals with above basic ICT skills in problem solving","-","-","-","-","-","-","-","37.0705%","-","37.753%","-","-"
"Slovenia","Individuals with basic ICT skills in safety","-","-","-","-","-","-","-","30.2371%","-","27.3633%","-","-"
"Slovenia","Individuals with above basic ICT skills in safety","-","-","-","-","-","-","-","28.4606%","-","28.9793%","-","-"
"Slovenia","Individuals with basic ICT skills in information and data literacy","-","-","-","-","-","-","-","10.6754%","-","10.4928%","-","-"
"Slovenia","Individuals with above basic ICT skills in information and data literacy","-","-","-","-","-","-","-","74.3468%","-","75.335%","-","-"
"Slovenia","Individuals with basic ICT skills in digital content creation","-","-","-","-","-","-","-","25.8653%","-","21.3681%","-","-"
"Slovenia","Individuals with above basic ICT skills in digital content creation","-","-","-","-","-","-","-","40.3046%","-","40.5774%","-","-"
"Slovenia","Individuals with basic skills in communication and collaboration","-","-","-","-","-","-","-","9.74412%","-","10.9196%","-","-"
"Slovenia","Individuals with above basic ICT skills in communication and collaboration","-","-","-","-","-","-","-","76.106%","-","76.5054%","-","-"
"Slovenia","Individuals with basic ICT skills in problem solving","-","-","-","-","-","-","-","27.275%","-","28.0845%","-","-"
"Slovenia","Individuals with above basic ICT skills in problem solving","-","-","-","-","-","-","-","53.3298%","-","51.6161%","-","-"
"Spain","Individuals with basic ICT skills in safety","-","-","-","-","-","-","-","18.1%","-","17.1895%","-","-"
"Spain","Individuals with above basic ICT skills in safety","-","-","-","-","-","-","-","59.1%","-","62.9351%","-","-"
"Spain","Individuals with basic ICT skills in information and data literacy","-","-","-","-","-","-","-","8.6%","-","9.24099%","-","-"
"Spain","Individuals with above basic ICT skills in information and data literacy","-","-","-","-","-","-","-","79%","-","78.9878%","-","-"
"Spain","Individuals with basic ICT skills in digital content creation","-","-","-","-","-","-","-","21.2%","-","21.5458%","-","-"
"Spain","Individuals with above basic ICT skills in digital content creation","-","-","-","-","-","-","-","52.4%","-","52.283%","-","-"
"Spain","Individuals with basic skills in communication and collaboration","-","-","-","-","-","-","-","4.5%","-","4.77368%","-","-"
"Spain","Individuals with above basic ICT skills in communication and collaboration","-","-","-","-","-","-","-","88.3%","-","90.1057%","-","-"
"Spain","Individuals with basic ICT skills in problem solving","-","-","-","-","-","-","-","21.1%","-","21.7998%","-","-"
"Spain","Individuals with above basic ICT skills in problem solving","-","-","-","-","-","-","-","63.9%","-","65.6417%","-","-"
"State of Palestine","Individuals with basic ICT skills in safety","-","-","-","-","-","-","-","-","-","8.98967%","-","-"
"State of Palestine","Individuals with above basic ICT skills in safety","-","-","-","-","-","-","-","-","-","13.5274%","-","-"
"State of Palestine","Individuals with basic ICT skills in information and data literacy","-","-","-","-","-","-","-","-","-","17.9086%","-","-"
"State of Palestine","Individuals with above basic ICT skills in information and data literacy","-","-","-","-","-","-","-","-","-","39.5767%","-","-"
"State of Palestine","Individuals with basic ICT skills in digital content creation","-","-","-","-","-","-","-","-","-","18.0458%","-","-"
"State of Palestine","Individuals with above basic ICT skills in digital content creation","-","-","-","-","-","-","-","-","-","28.1229%","-","-"
"State of Palestine","Individuals with basic skills in communication and collaboration","-","-","-","-","-","-","-","-","-","20.6272%","-","-"
"State of Palestine","Individuals with above basic ICT skills in communication and collaboration","-","-","-","-","-","-","-","-","-","55.5931%","-","-"
"State of Palestine","Individuals with basic ICT skills in problem solving","-","-","-","-","-","-","-","-","-","14.0658%","-","-"
"State of Palestine","Individuals with above basic ICT skills in problem solving","-","-","-","-","-","-","-","-","-","9.65084%","-","-"
"Sweden","Individuals with basic ICT skills in safety","-","-","-","-","-","-","-","3.22311%","-","3.32969%","-","-"
"Sweden","Individuals with above basic ICT skills in safety","-","-","-","-","-","-","-","90.8729%","-","91.7967%","-","-"
"Sweden","Individuals with basic ICT skills in information and data literacy","-","-","-","-","-","-","-","8.88843%","-","7.4065%","-","-"
"Sweden","Individuals with above basic ICT skills in information and data literacy","-","-","-","-","-","-","-","79.9903%","-","83.2%","-","-"
"Sweden","Individuals with basic ICT skills in digital content creation","-","-","-","-","-","-","-","12.0734%","-","11.92%","-","-"
"Sweden","Individuals with above basic ICT skills in digital content creation","-","-","-","-","-","-","-","66.1602%","-","66.999%","-","-"
"Sweden","Individuals with basic skills in communication and collaboration","-","-","-","-","-","-","-","11.0112%","-","11.9897%","-","-"
"Sweden","Individuals with above basic ICT skills in communication and collaboration","-","-","-","-","-","-","-","79.6056%","-","80.391%","-","-"
"Sweden","Individuals with basic ICT skills in problem solving","-","-","-","-","-","-","-","6.67028%","-","6.02614%","-","-"
"Sweden","Individuals with above basic ICT skills in problem solving","-","-","-","-","-","-","-","85.1356%","-","87.4024%","-","-"
"Switzerland","Individuals with basic ICT skills in safety","-","-","-","-","-","-","-","22.1569%","-","20.5252%","-","-"
"Switzerland","Individuals with above basic ICT skills in safety","-","-","-","-","-","-","-","61.6277%","-","65.5109%","-","-"
"Switzerland","Individuals with basic ICT skills in information and data literacy","-","-","-","-","-","-","-","9.13259%","-","8.48176%","-","-"
"Switzerland","Individuals with above basic ICT skills in information and data literacy","-","-","-","-","-","-","-","82.0132%","-","83.3114%","-","-"
"Switzerland","Individuals with basic ICT skills in digital content creation","-","-","-","-","-","-","-","25.6618%","-","24.6218%","-","-"
"Switzerland","Individuals with above basic ICT skills in digital content creation","-","-","-","-","-","-","-","56.66%","-","57.3354%","-","-"
"Switzerland","Individuals with basic skills in communication and collaboration","-","-","-","-","-","-","-","5.23392%","-","5.59112%","-","-"
"Switzerland","Individuals with above basic ICT skills in communication and collaboration","-","-","-","-","-","-","-","89.1542%","-","90.5197%","-","-"
"Switzerland","Individuals with basic ICT skills in problem solving","-","-","-","-","-","-","-","23.8513%","-","23.716%","-","-"
"Switzerland","Individuals with above basic ICT skills in problem solving","-","-","-","-","-","-","-","62.8801%","-","66.1385%","-","-"
"Taiwan, Province of China","Individuals with basic ICT skills in safety","-","-","-","-","-","-","-","-","-","-","-","-"
"Taiwan, Province of China","Individuals with above basic ICT skills in safety","-","-","-","-","-","-","-","-","-","-","-","-"
"Taiwan, Province of China","Individuals with basic ICT skills in information and data literacy","-","-","-","-","-","-","-","-","-","27.0324%","25.4902%","-"
"Taiwan, Province of China","Individuals with above basic ICT skills in information and data literacy","-","-","-","-","-","-","-","-","-","18.0444%","23.6528%","-"
"Taiwan, Province of China","Individuals with basic ICT skills in digital content creation","-","-","-","-","-","-","-","-","-","23.0757%","-","-"
"Taiwan, Province of China","Individuals with above basic ICT skills in digital content creation","-","-","-","-","-","-","-","-","-","5.33177%","-","-"
"Taiwan, Province of China","Individuals with basic skills in communication and collaboration","-","-","-","-","-","-","-","-","-","56.4499%","48.2932%","-"
"Taiwan, Province of China","Individuals with above basic ICT skills in communication and collaboration","-","-","-","-","-","-","-","-","-","28.8476%","45.1127%","-"
"Taiwan, Province of China","Individuals with basic ICT skills in problem solving","-","-","-","-","-","-","-","-","-","28.1397%","21.1%","-"
"Taiwan, Province of China","Individuals with above basic ICT skills in problem solving","-","-","-","-","-","-","-","-","-","21.0989%","40.7%","-"
"Türkiye","Individuals with basic ICT skills in safety","-","-","-","-","-","-","-","11.5221%","-","12.8728%","-","-"
"Türkiye","Individuals with above basic ICT skills in safety","-","-","-","-","-","-","-","3.47062%","-","3.56172%","-","-"
"Türkiye","Individuals with basic ICT skills in information and data literacy","-","-","-","-","-","-","-","12.0103%","12.8104%","11.6366%","14.3008%","-"
"Türkiye","Individuals with above basic ICT skills in information and data literacy","-","-","-","-","-","-","-","56.1295%","58.1165%","61.9226%","60.8568%","-"
"Türkiye","Individuals with basic ICT skills in digital content creation","-","-","-","-","-","-","-","17.3906%","12.0392%","18.2172%","-","-"
"Türkiye","Individuals with above basic ICT skills in digital content creation","-","-","-","-","-","-","-","25.4677%","-","27.784%","-","-"
"Türkiye","Individuals with basic skills in communication and collaboration","-","-","-","-","-","-","-","15.2675%","12.1512%","10.4564%","10.5555%","-"
"Türkiye","Individuals with above basic ICT skills in communication and collaboration","-","-","-","-","-","-","-","62.1598%","69.4121%","73.5644%","75.2488%","-"
"Türkiye","Individuals with basic ICT skills in problem solving","-","-","-","-","-","-","-","13.8669%","23.5144%","16.7133%","26.6883%","-"
"Türkiye","Individuals with above basic ICT skills in problem solving","-","-","-","-","-","-","-","48.1278%","35.5428%","53.2342%","41.6216%","-"
"Uruguay","Individuals with basic ICT skills in safety","-","-","-","-","-","-","-","-","16.7135%","-","26.5931%","-"
"Uruguay","Individuals with above basic ICT skills in safety","-","-","-","-","-","-","-","-","46.2267%","-","53.0331%","-"
"Uruguay","Individuals with basic ICT skills in information and data literacy","-","-","-","-","-","-","-","-","8.79965%","-","9.38579%","-"
"Uruguay","Individuals with above basic ICT skills in information and data literacy","-","-","-","-","-","-","-","-","73.2675%","-","83.0324%","-"
"Uruguay","Individuals with basic ICT skills in digital content creation","-","-","-","-","-","-","-","-","12.3726%","-","17.498%","-"
"Uruguay","Individuals with above basic ICT skills in digital content creation","-","-","-","-","-","-","-","-","54.6035%","-","56.2916%","-"
"Uruguay","Individuals with basic skills in communication and collaboration","-","-","-","-","-","-","-","-","3.70796%","-","6.8343%","-"
"Uruguay","Individuals with above basic ICT skills in communication and collaboration","-","-","-","-","-","-","-","-","85.0712%","-","83.0324%","-"
"Uruguay","Individuals with basic ICT skills in problem solving","-","-","-","-","-","-","-","-","8.64065%","-","19.5313%","-"
"Uruguay","Individuals with above basic ICT skills in problem solving","-","-","-","-","-","-","-","-","56.0859%","-","59.2206%","-"
"Viet Nam","Individuals with basic ICT skills in safety","-","-","-","-","-","-","-","-","-","-","-","-"
"Viet Nam","Individuals with above basic ICT skills in safety","-","-","-","-","-","-","-","-","-","-","-","-"
"Viet Nam","Individuals with basic ICT skills in information and data literacy","-","-","-","-","-","-","-","-","-","-","-","-"
"Viet Nam","Individuals with above basic ICT skills in information and data literacy","-","-","-","-","-","-","-","-","-","-","-","-"
"Viet Nam","Individuals with basic ICT skills in digital content creation","-","-","-","-","-","-","-","-","-","-","-","-"
"Viet Nam","Individuals with above basic ICT skills in digital content creation","-","-","-","-","-","-","-","-","-","-","-","-"
"Viet Nam","Individuals with basic skills in communication and collaboration","-","-","-","-","-","-","-","-","-","47.32%","-","-"
"Viet Nam","Individuals with above basic ICT skills in communication and collaboration","-","-","-","-","-","-","-","-","-","20.18%","-","-"
"Viet Nam","Individuals with basic ICT skills in problem solving","-","-","-","-","-","-","-","-","-","-","-","-"
"Viet Nam","Individuals with above basic ICT skills in problem solving","-","-","-","-","-","-","-","-","-","-","-","-"