"Economy","Indicator","2014","2015","2016","2017","2018","2019","2020","2021","2022","2023","2024","2025"
"Albania","Changing privacy settings on your device, account or app","-","-","-","-","-","-","4.47532%","7.30382%","11.5594%","12.718%","-","-"
"Albania","Setting up effective security measures to protect devices and accounts","-","-","-","-","-","-","-","-","-","-","-","-"
"Bahrain","Changing privacy settings on your device, account or app","-","-","-","-","-","-","52.6974%","-","-","70.2507%","-","-"
"Bahrain","Setting up effective security measures to protect devices and accounts","-","-","-","-","-","-","41.1184%","-","-","59.6306%","-","-"
"Bangladesh","Changing privacy settings on your device, account or app","-","-","-","-","-","-","-","6.26199%","-","4.97179%","-","-"
"Bangladesh","Setting up effective security measures to protect devices and accounts","-","-","-","-","-","-","-","6.03971%","-","7.9941%","-","-"
"Belarus","Changing privacy settings on your device, account or app","-","-","-","-","-","-","-","-","34.4686%","37.3344%","37.6328%","-"
"Belarus","Setting up effective security measures to protect devices and accounts","-","-","-","-","-","-","-","-","42.5376%","43.4314%","48.8578%","-"
"Belgium","Changing privacy settings on your device, account or app","-","-","-","-","-","-","-","49.6848%","-","74.5357%","-","-"
"Belgium","Setting up effective security measures to protect devices and accounts","-","-","-","55.8353%","-","-","-","-","-","78.887%","-","-"
"Bosnia and Herzegovina","Changing privacy settings on your device, account or app","-","-","-","-","-","-","-","6.70523%","-","8.43176%","10.1305%","-"
"Bosnia and Herzegovina","Setting up effective security measures to protect devices and accounts","-","-","-","-","-","-","-","7.21326%","-","12.0132%","13.1268%","-"
"Brazil","Changing privacy settings on your device, account or app","-","-","-","-","-","-","-","-","28.8458%","32.7554%","-","-"
"Brazil","Setting up effective security measures to protect devices and accounts","-","-","-","-","-","-","-","-","37.7175%","42.4498%","-","-"
"Brunei Darussalam","Changing privacy settings on your device, account or app","-","-","-","-","27.6887%","-","-","-","70.9139%","-","-","-"
"Brunei Darussalam","Setting up effective security measures to protect devices and accounts","-","-","-","-","52.3646%","-","-","-","82.6254%","-","-","-"
"Canada","Changing privacy settings on your device, account or app","-","-","-","-","-","-","-","-","49%","-","-","-"
"Canada","Setting up effective security measures to protect devices and accounts","-","-","-","-","-","-","-","-","75%","-","-","-"
"Chile","Changing privacy settings on your device, account or app","-","-","-","-","-","-","-","-","-","34.178%","-","-"
"Chile","Setting up effective security measures to protect devices and accounts","-","-","-","-","-","-","-","-","-","-","-","-"
"Colombia","Changing privacy settings on your device, account or app","-","-","-","-","-","-","-","-","12.7415%","15.9527%","-","-"
"Colombia","Setting up effective security measures to protect devices and accounts","-","-","-","-","-","-","-","-","12.8528%","16.0789%","-","-"
"Croatia","Changing privacy settings on your device, account or app","-","-","-","-","-","-","-","34.7505%","-","42.3009%","-","-"
"Croatia","Setting up effective security measures to protect devices and accounts","-","-","-","-","-","-","-","-","-","-","-","-"
"Côte d'Ivoire","Changing privacy settings on your device, account or app","-","-","-","-","-","-","-","-","-","8.69773%","-","-"
"Côte d'Ivoire","Setting up effective security measures to protect devices and accounts","-","-","-","-","-","-","-","-","-","8.30317%","-","-"
"Denmark","Changing privacy settings on your device, account or app","-","-","-","-","-","-","44.7944%","48.2517%","-","52.5069%","-","-"
"Denmark","Setting up effective security measures to protect devices and accounts","-","-","-","-","-","-","-","-","-","-","-","-"
"Dominican Rep.","Changing privacy settings on your device, account or app","-","-","-","-","-","-","-","-","9.61706%","-","-","-"
"Dominican Rep.","Setting up effective security measures to protect devices and accounts","-","-","-","-","-","-","-","-","12.0221%","-","-","-"
"Egypt","Changing privacy settings on your device, account or app","-","-","-","-","-","37.6895%","43.6895%","-","56.719%","-","-","-"
"Egypt","Setting up effective security measures to protect devices and accounts","-","-","-","-","-","37.6895%","44.6895%","-","64.6254%","-","-","-"
"Germany","Changing privacy settings on your device, account or app","-","-","-","-","-","-","-","25.0749%","-","57.4912%","-","-"
"Germany","Setting up effective security measures to protect devices and accounts","-","-","-","-","-","-","-","-","-","-","-","-"
"Greece","Changing privacy settings on your device, account or app","-","-","-","-","-","-","-","66.5241%","-","66.0334%","-","-"
"Greece","Setting up effective security measures to protect devices and accounts","-","-","-","-","-","-","-","-","-","-","-","-"
"Hong Kong, China","Changing privacy settings on your device, account or app","-","-","-","-","-","-","-","-","17.1174%","23.0935%","-","-"
"Hong Kong, China","Setting up effective security measures to protect devices and accounts","-","-","-","-","-","45.2573%","45.1539%","45.1279%","49.5015%","25.4854%","-","-"
"Iran (Islamic Republic of)","Changing privacy settings on your device, account or app","-","-","-","-","-","-","-","1.2382%","-","-","-","-"
"Iran (Islamic Republic of)","Setting up effective security measures to protect devices and accounts","-","-","-","-","-","-","-","0.424007%","-","-","-","-"
"Iraq","Changing privacy settings on your device, account or app","-","-","-","-","-","-","-","-","1.41938%","-","-","-"
"Iraq","Setting up effective security measures to protect devices and accounts","-","-","-","-","-","-","-","-","1.30722%","-","-","-"
"Ireland","Changing privacy settings on your device, account or app","-","-","-","-","-","-","47.0003%","-","-","-","-","-"
"Ireland","Setting up effective security measures to protect devices and accounts","-","-","-","-","-","-","-","-","-","-","-","-"
"Jordan","Changing privacy settings on your device, account or app","-","-","-","-","-","-","-","-","-","7.0989%","-","-"
"Jordan","Setting up effective security measures to protect devices and accounts","-","-","-","-","-","-","-","-","-","9.16069%","-","-"
"Kazakhstan","Changing privacy settings on your device, account or app","-","-","-","-","-","-","-","-","-","-","-","-"
"Kazakhstan","Setting up effective security measures to protect devices and accounts","-","-","-","-","9.7899%","9.67608%","10.9824%","11.8925%","13.7036%","12.2044%","-","-"
"Korea (Rep. of)","Changing privacy settings on your device, account or app","-","-","-","-","-","-","-","28.9624%","29.0383%","37.4432%","36.8451%","-"
"Korea (Rep. of)","Setting up effective security measures to protect devices and accounts","-","-","-","-","-","-","-","39.172%","38.9907%","45.349%","48.3095%","-"
"Kuwait","Changing privacy settings on your device, account or app","-","-","-","-","-","-","43.42%","43.42%","-","40.0505%","-","-"
"Kuwait","Setting up effective security measures to protect devices and accounts","-","-","-","-","-","-","55.9496%","55.9496%","-","30.1958%","-","-"
"Lesotho","Changing privacy settings on your device, account or app","-","-","-","-","-","3.79102%","-","-","-","-","-","-"
"Lesotho","Setting up effective security measures to protect devices and accounts","-","-","-","-","-","2.62326%","-","-","-","-","-","-"
"Lithuania","Changing privacy settings on your device, account or app","-","-","-","-","-","27.5247%","-","30.7026%","-","36.1294%","-","-"
"Lithuania","Setting up effective security measures to protect devices and accounts","-","-","-","-","-","-","-","-","-","-","-","-"
"Macao, China","Changing privacy settings on your device, account or app","-","-","-","-","-","-","-","33.3695%","-","-","-","-"
"Macao, China","Setting up effective security measures to protect devices and accounts","-","-","-","-","-","-","-","35.3252%","-","-","-","-"
"Malawi","Changing privacy settings on your device, account or app","-","-","-","-","-","-","-","-","-","1.15685%","-","-"
"Malawi","Setting up effective security measures to protect devices and accounts","-","-","-","-","-","-","-","-","-","1.16637%","-","-"
"Malaysia","Changing privacy settings on your device, account or app","-","-","-","-","-","-","-","-","-","-","62.7756%","-"
"Malaysia","Setting up effective security measures to protect devices and accounts","-","-","-","-","-","-","-","-","18.8207%","-","64.3935%","-"
"Malta","Changing privacy settings on your device, account or app","-","-","-","-","-","25.8363%","-","-","-","-","-","-"
"Malta","Setting up effective security measures to protect devices and accounts","-","-","-","-","-","-","74.4316%","-","-","-","-","-"
"Mexico","Changing privacy settings on your device, account or app","-","-","-","7.52921%","7.65321%","-","-","-","-","-","-","-"
"Mexico","Setting up effective security measures to protect devices and accounts","-","-","-","-","-","-","-","-","-","-","-","-"
"Mongolia","Changing privacy settings on your device, account or app","-","-","-","-","-","-","-","-","-","-","-","-"
"Mongolia","Setting up effective security measures to protect devices and accounts","-","-","-","-","-","-","-","12.6083%","-","-","-","-"
"Morocco","Changing privacy settings on your device, account or app","-","-","-","-","-","-","22.0026%","23.2568%","-","-","-","-"
"Morocco","Setting up effective security measures to protect devices and accounts","-","-","-","-","-","-","18.5777%","20.9149%","-","-","-","-"
"Norway","Changing privacy settings on your device, account or app","-","-","-","-","-","-","35%","44%","-","55.6%","-","-"
"Norway","Setting up effective security measures to protect devices and accounts","-","-","-","-","-","-","-","-","-","-","-","-"
"Oman","Changing privacy settings on your device, account or app","-","-","-","-","-","-","52.3447%","-","-","61.4616%","61.4616%","-"
"Oman","Setting up effective security measures to protect devices and accounts","-","-","-","-","-","-","57.0064%","-","-","78.928%","78.928%","-"
"Portugal","Changing privacy settings on your device, account or app","-","-","-","-","-","13.9778%","-","17.7589%","-","18.4446%","-","-"
"Portugal","Setting up effective security measures to protect devices and accounts","-","-","-","-","-","-","-","-","-","-","-","-"
"Romania","Changing privacy settings on your device, account or app","-","-","-","-","-","-","-","-","-","18.3036%","-","-"
"Romania","Setting up effective security measures to protect devices and accounts","-","-","-","-","-","-","-","-","-","-","-","-"
"Russian Federation","Changing privacy settings on your device, account or app","-","-","-","-","-","-","-","7.14687%","9.67083%","9.62733%","11.4552%","-"
"Russian Federation","Setting up effective security measures to protect devices and accounts","-","-","-","-","-","-","-","11.8461%","14.3989%","15.5072%","16.3081%","-"
"Saudi Arabia","Changing privacy settings on your device, account or app","-","-","-","-","-","-","-","70.25%","73.6241%","75.8833%","79.22%","-"
"Saudi Arabia","Setting up effective security measures to protect devices and accounts","-","-","-","-","-","-","-","75.12%","77.4378%","78.4174%","76.31%","-"
"Singapore","Changing privacy settings on your device, account or app","-","-","-","-","-","-","-","73.7349%","76.1325%","74.4073%","75.5725%","-"
"Singapore","Setting up effective security measures to protect devices and accounts","-","-","-","-","-","-","-","77.6605%","79.5585%","78.7024%","82.6844%","-"
"Slovakia","Changing privacy settings on your device, account or app","-","-","-","-","-","-","-","25.308%","-","29.0278%","-","-"
"Slovakia","Setting up effective security measures to protect devices and accounts","-","-","-","-","-","-","-","61.2424%","-","60.6623%","-","-"
"Slovenia","Changing privacy settings on your device, account or app","-","-","-","-","-","-","24.9094%","22.2554%","-","20.7054%","-","-"
"Slovenia","Setting up effective security measures to protect devices and accounts","-","-","-","-","-","-","-","-","-","-","-","-"
"Spain","Changing privacy settings on your device, account or app","-","-","-","-","-","-","69.9559%","72.1196%","-","75.9465%","-","-"
"Spain","Setting up effective security measures to protect devices and accounts","-","-","-","-","-","-","66.231%","-","-","-","-","-"
"State of Palestine","Changing privacy settings on your device, account or app","-","-","-","-","-","-","-","-","-","17.4434%","-","-"
"State of Palestine","Setting up effective security measures to protect devices and accounts","-","-","-","-","-","-","-","-","-","18.6011%","-","-"
"Switzerland","Changing privacy settings on your device, account or app","-","-","-","-","-","-","-","51.5259%","-","54.0415%","-","-"
"Switzerland","Setting up effective security measures to protect devices and accounts","-","-","-","-","-","-","-","-","-","-","-","-"
"Türkiye","Changing privacy settings on your device, account or app","-","-","-","-","-","-","-","13.2213%","-","14.4368%","-","-"
"Türkiye","Setting up effective security measures to protect devices and accounts","-","-","-","-","-","-","-","5.24203%","-","5.5595%","-","-"
"Ukraine","Changing privacy settings on your device, account or app","-","-","-","-","-","-","2.25878%","2.00359%","-","-","-","-"
"Ukraine","Setting up effective security measures to protect devices and accounts","-","-","-","-","-","-","-","-","-","-","-","-"
"United Arab Emirates","Changing privacy settings on your device, account or app","-","-","-","-","-","-","-","-","50.6%","54.2749%","62.4161%","-"
"United Arab Emirates","Setting up effective security measures to protect devices and accounts","-","-","-","-","-","-","-","-","45%","58.8771%","61.2322%","-"
"Uruguay","Changing privacy settings on your device, account or app","-","-","-","-","-","-","-","-","52.4644%","-","-","-"
"Uruguay","Setting up effective security measures to protect devices and accounts","-","-","-","-","-","-","-","-","56.7025%","-","-","-"
"Uzbekistan","Changing privacy settings on your device, account or app","-","-","-","-","-","-","-","1.21407%","1.4%","2.59986%","-","-"
"Uzbekistan","Setting up effective security measures to protect devices and accounts","-","-","-","-","-","-","-","5.82985%","6.7%","9.07463%","-","-"
"Viet Nam","Changing privacy settings on your device, account or app","-","-","-","-","-","-","-","4.47%","-","4.94%","4.81%","-"
"Viet Nam","Setting up effective security measures to protect devices and accounts","-","-","-","-","-","-","-","3.78%","-","4.64%","4.56%","-"
"Zimbabwe","Changing privacy settings on your device, account or app","-","-","-","-","-","-","7.71369%","-","-","-","-","-"
"Zimbabwe","Setting up effective security measures to protect devices and accounts","-","-","-","-","-","-","8.33508%","-","-","-","-","-"