"Economy","Indicator","2014","2015","2016","2017","2018","2019","2020","2021","2022","2023","2024","2025"
"Afghanistan","Who regulates issues related to the Internet of Things?","-","-","-","-","Yes","Yes","Yes","-","-","-","-","-"
"Afghanistan","Internet of Things (IoT) regulations","-","-","-","-","No","No","No","-","-","-","-","-"
"Albania","Who regulates issues related to the Internet of Things?","-","No","No","No","No","No","No","-","-","-","-","-"
"Albania","Internet of Things (IoT) regulations","-","No","No","No","No","No","No","-","-","-","-","-"
"Algeria","Who regulates issues related to the Internet of Things?","-","No","Yes","Yes","Yes","Yes","Yes","-","-","-","-","-"
"Algeria","Internet of Things (IoT) regulations","-","No","Yes","Yes","Yes","Yes","Yes","-","-","-","-","-"
"Andorra","Who regulates issues related to the Internet of Things?","-","-","Yes","-","-","-","-","-","-","-","-","-"
"Andorra","Internet of Things (IoT) regulations","-","-","No","-","-","-","-","-","-","-","-","-"
"Angola","Who regulates issues related to the Internet of Things?","-","-","-","-","-","-","Yes","-","-","-","-","-"
"Angola","Internet of Things (IoT) regulations","-","-","-","-","-","-","-","-","-","-","-","-"
"Argentina","Who regulates issues related to the Internet of Things?","-","-","-","-","Yes","Yes","Yes","-","-","-","-","-"
"Argentina","Internet of Things (IoT) regulations","-","-","-","-","No","No","No","-","-","-","-","-"
"Armenia","Who regulates issues related to the Internet of Things?","-","No","No","-","No","No","No","-","-","-","-","-"
"Armenia","Internet of Things (IoT) regulations","-","No","No","-","No","No","No","-","-","-","-","-"
"Australia","Who regulates issues related to the Internet of Things?","-","No","-","Yes","Yes","Yes","Yes","-","-","-","-","-"
"Australia","Internet of Things (IoT) regulations","-","No","-","No","Yes","Yes","Yes","-","-","-","-","-"
"Austria","Who regulates issues related to the Internet of Things?","-","No","No","No","No","No","-","-","-","-","-","-"
"Austria","Internet of Things (IoT) regulations","-","No","No","No","No","No","-","-","-","-","-","-"
"Azerbaijan","Who regulates issues related to the Internet of Things?","-","No","No","No","No","No","No","-","-","-","-","-"
"Azerbaijan","Internet of Things (IoT) regulations","-","No","No","No","No","No","No","-","-","-","-","-"
"Bahamas","Who regulates issues related to the Internet of Things?","-","-","Yes","-","-","No","Yes","-","-","-","-","-"
"Bahamas","Internet of Things (IoT) regulations","-","-","No","-","-","No","No","-","-","-","-","-"
"Bangladesh","Who regulates issues related to the Internet of Things?","-","No","-","-","Yes","-","Yes","-","-","-","-","-"
"Bangladesh","Internet of Things (IoT) regulations","-","No","-","-","No","-","Yes","-","-","-","-","-"
"Belarus","Who regulates issues related to the Internet of Things?","-","-","-","-","No","-","No","-","-","-","-","-"
"Belarus","Internet of Things (IoT) regulations","-","-","-","-","No","-","No","-","-","-","-","-"
"Belgium","Who regulates issues related to the Internet of Things?","-","Yes","Yes","Yes","Yes","Yes","Yes","-","-","-","-","-"
"Belgium","Internet of Things (IoT) regulations","-","Yes","Yes","Yes","Yes","Yes","Yes","-","-","-","-","-"
"Belize","Who regulates issues related to the Internet of Things?","-","-","-","-","-","-","-","-","-","-","-","-"
"Belize","Internet of Things (IoT) regulations","-","-","No","-","-","-","-","-","-","-","-","-"
"Benin","Who regulates issues related to the Internet of Things?","-","-","No","-","-","Yes","Yes","-","-","-","-","-"
"Benin","Internet of Things (IoT) regulations","-","-","No","-","-","-","Yes","-","-","-","-","-"
"Bhutan","Who regulates issues related to the Internet of Things?","-","-","No","-","-","-","Yes","-","-","-","-","-"
"Bhutan","Internet of Things (IoT) regulations","-","-","No","-","-","-","No","-","-","-","-","-"
"Bolivia (Plurinational State of)","Who regulates issues related to the Internet of Things?","-","-","-","-","-","No","-","-","-","-","-","-"
"Bolivia (Plurinational State of)","Internet of Things (IoT) regulations","-","-","-","-","-","No","-","-","-","-","-","-"
"Bosnia and Herzegovina","Who regulates issues related to the Internet of Things?","-","-","-","-","Yes","-","Yes","-","-","-","-","-"
"Bosnia and Herzegovina","Internet of Things (IoT) regulations","-","-","-","-","No","No","No","-","-","-","-","-"
"Botswana","Who regulates issues related to the Internet of Things?","-","-","-","-","-","No","No","-","-","-","-","-"
"Botswana","Internet of Things (IoT) regulations","-","-","-","-","-","No","-","-","-","-","-","-"
"Brazil","Who regulates issues related to the Internet of Things?","-","Yes","Yes","Yes","Yes","Yes","Yes","-","-","-","-","-"
"Brazil","Internet of Things (IoT) regulations","-","Yes","Yes","Yes","Yes","Yes","Yes","-","-","-","-","-"
"Brunei Darussalam","Who regulates issues related to the Internet of Things?","-","-","-","-","Yes","Yes","-","-","-","-","-","-"
"Brunei Darussalam","Internet of Things (IoT) regulations","-","-","-","-","No","No","-","-","-","-","-","-"
"Bulgaria","Who regulates issues related to the Internet of Things?","-","Yes","Yes","Yes","Yes","Yes","Yes","-","-","-","-","-"
"Bulgaria","Internet of Things (IoT) regulations","-","Yes","Yes","Yes","Yes","Yes","Yes","-","-","-","-","-"
"Burkina Faso","Who regulates issues related to the Internet of Things?","-","No","-","No","No","No","-","-","-","-","-","-"
"Burkina Faso","Internet of Things (IoT) regulations","-","No","-","No","No","No","-","-","-","-","-","-"
"Burundi","Who regulates issues related to the Internet of Things?","-","-","Yes","-","No","No","No","-","-","-","-","-"
"Burundi","Internet of Things (IoT) regulations","-","-","No","-","-","No","No","-","-","-","-","-"
"Cabo Verde","Who regulates issues related to the Internet of Things?","-","No","No","-","-","-","-","-","-","-","-","-"
"Cabo Verde","Internet of Things (IoT) regulations","-","No","No","-","-","No","No","-","-","-","-","-"
"Cambodia","Who regulates issues related to the Internet of Things?","-","Yes","Yes","Yes","Yes","Yes","Yes","-","-","-","-","-"
"Cambodia","Internet of Things (IoT) regulations","-","No","No","No","No","No","No","-","-","-","-","-"
"Cameroon","Who regulates issues related to the Internet of Things?","-","No","-","-","-","No","No","-","-","-","-","-"
"Cameroon","Internet of Things (IoT) regulations","-","No","-","-","-","No","No","-","-","-","-","-"
"Canada","Who regulates issues related to the Internet of Things?","-","No","No","-","-","-","-","-","-","-","-","-"
"Canada","Internet of Things (IoT) regulations","-","No","No","-","-","-","-","-","-","-","-","-"
"Central African Rep.","Who regulates issues related to the Internet of Things?","-","-","-","-","-","No","No","-","-","-","-","-"
"Central African Rep.","Internet of Things (IoT) regulations","-","-","-","-","-","No","No","-","-","-","-","-"
"Chad","Who regulates issues related to the Internet of Things?","-","-","Yes","-","-","-","-","-","-","-","-","-"
"Chad","Internet of Things (IoT) regulations","-","-","Yes","-","-","-","-","-","-","-","-","-"
"Chile","Who regulates issues related to the Internet of Things?","-","Yes","-","-","Yes","Yes","Yes","-","-","-","-","-"
"Chile","Internet of Things (IoT) regulations","-","-","-","-","Yes","Yes","Yes","-","-","-","-","-"
"China","Who regulates issues related to the Internet of Things?","-","-","-","-","Yes","Yes","Yes","-","-","-","-","-"
"China","Internet of Things (IoT) regulations","-","-","-","-","Yes","Yes","Yes","-","-","-","-","-"
"Colombia","Who regulates issues related to the Internet of Things?","-","-","-","-","Yes","Yes","Yes","-","-","-","-","-"
"Colombia","Internet of Things (IoT) regulations","-","-","-","-","No","No","No","-","-","-","-","-"
"Comoros","Who regulates issues related to the Internet of Things?","-","-","No","-","No","No","-","-","-","-","-","-"
"Comoros","Internet of Things (IoT) regulations","-","-","No","-","No","No","-","-","-","-","-","-"
"Congo (Rep. of the)","Who regulates issues related to the Internet of Things?","-","-","-","No","No","No","No","-","-","-","-","-"
"Congo (Rep. of the)","Internet of Things (IoT) regulations","-","-","-","Yes","No","No","No","-","-","-","-","-"
"Costa Rica","Who regulates issues related to the Internet of Things?","-","No","No","No","No","Yes","Yes","-","-","-","-","-"
"Costa Rica","Internet of Things (IoT) regulations","-","No","No","No","No","Yes","Yes","-","-","-","-","-"
"Croatia","Who regulates issues related to the Internet of Things?","-","Yes","Yes","Yes","Yes","Yes","Yes","-","-","-","-","-"
"Croatia","Internet of Things (IoT) regulations","-","No","Yes","Yes","Yes","Yes","Yes","-","-","-","-","-"
"Cuba","Who regulates issues related to the Internet of Things?","-","-","-","-","Yes","Yes","Yes","-","-","-","-","-"
"Cuba","Internet of Things (IoT) regulations","-","-","-","-","No","No","No","-","-","-","-","-"
"Cyprus","Who regulates issues related to the Internet of Things?","-","Yes","Yes","Yes","Yes","Yes","Yes","-","-","-","-","-"
"Cyprus","Internet of Things (IoT) regulations","-","No","No","No","No","No","No","-","-","-","-","-"
"Czech Republic","Who regulates issues related to the Internet of Things?","-","Yes","-","-","No","No","No","-","-","-","-","-"
"Czech Republic","Internet of Things (IoT) regulations","-","No","-","-","No","No","No","-","-","-","-","-"
"Dem. Rep. of the Congo","Who regulates issues related to the Internet of Things?","-","Yes","-","-","-","-","-","-","-","-","-","-"
"Dem. Rep. of the Congo","Internet of Things (IoT) regulations","-","No","-","-","-","-","-","-","-","-","-","-"
"Denmark","Who regulates issues related to the Internet of Things?","-","-","-","-","-","Yes","-","-","-","-","-","-"
"Denmark","Internet of Things (IoT) regulations","-","-","-","-","-","Yes","-","-","-","-","-","-"
"Dominica","Who regulates issues related to the Internet of Things?","-","-","No","-","-","-","-","-","-","-","-","-"
"Dominica","Internet of Things (IoT) regulations","-","-","No","-","-","-","-","-","-","-","-","-"
"Dominican Rep.","Who regulates issues related to the Internet of Things?","-","No","No","No","Yes","Yes","Yes","-","-","-","-","-"
"Dominican Rep.","Internet of Things (IoT) regulations","-","No","No","No","No","No","No","-","-","-","-","-"
"Ecuador","Who regulates issues related to the Internet of Things?","-","-","-","-","Yes","Yes","Yes","-","-","-","-","-"
"Ecuador","Internet of Things (IoT) regulations","-","-","-","-","No","-","-","-","-","-","-","-"
"Egypt","Who regulates issues related to the Internet of Things?","-","Yes","Yes","-","-","Yes","Yes","-","-","-","-","-"
"Egypt","Internet of Things (IoT) regulations","-","Yes","Yes","-","-","Yes","Yes","-","-","-","-","-"
"El Salvador","Who regulates issues related to the Internet of Things?","-","No","-","-","-","-","-","-","-","-","-","-"
"El Salvador","Internet of Things (IoT) regulations","-","No","-","-","-","-","-","-","-","-","-","-"
"Equatorial Guinea","Who regulates issues related to the Internet of Things?","-","No","Yes","-","Yes","Yes","Yes","-","-","-","-","-"
"Equatorial Guinea","Internet of Things (IoT) regulations","-","No","No","-","No","No","No","-","-","-","-","-"
"Estonia","Who regulates issues related to the Internet of Things?","-","No","No","Yes","Yes","Yes","Yes","-","-","-","-","-"
"Estonia","Internet of Things (IoT) regulations","-","No","Yes","Yes","Yes","Yes","Yes","-","-","-","-","-"
"Eswatini","Who regulates issues related to the Internet of Things?","-","-","-","-","No","No","-","-","-","-","-","-"
"Eswatini","Internet of Things (IoT) regulations","-","-","-","-","No","No","-","-","-","-","-","-"
"Ethiopia","Who regulates issues related to the Internet of Things?","-","-","Yes","-","Yes","-","-","-","-","-","-","-"
"Ethiopia","Internet of Things (IoT) regulations","-","-","-","-","-","-","-","-","-","-","-","-"
"Finland","Who regulates issues related to the Internet of Things?","-","Yes","Yes","Yes","Yes","Yes","-","-","-","-","-","-"
"Finland","Internet of Things (IoT) regulations","-","No","No","Yes","Yes","Yes","Yes","-","-","-","-","-"
"France","Who regulates issues related to the Internet of Things?","-","Yes","Yes","Yes","Yes","Yes","Yes","-","-","-","-","-"
"France","Internet of Things (IoT) regulations","-","-","Yes","Yes","Yes","Yes","Yes","-","-","-","-","-"
"Gabon","Who regulates issues related to the Internet of Things?","-","No","-","No","No","No","No","-","-","-","-","-"
"Gabon","Internet of Things (IoT) regulations","-","No","-","No","No","No","No","-","-","-","-","-"
"Georgia","Who regulates issues related to the Internet of Things?","-","-","No","No","No","No","No","-","-","-","-","-"
"Georgia","Internet of Things (IoT) regulations","-","-","No","No","No","No","No","-","-","-","-","-"
"Germany","Who regulates issues related to the Internet of Things?","-","Yes","Yes","-","Yes","Yes","Yes","-","-","-","-","-"
"Germany","Internet of Things (IoT) regulations","-","Yes","Yes","-","Yes","Yes","Yes","-","-","-","-","-"
"Ghana","Who regulates issues related to the Internet of Things?","-","-","-","-","Yes","Yes","Yes","-","-","-","-","-"
"Ghana","Internet of Things (IoT) regulations","-","-","-","-","No","No","No","-","-","-","-","-"
"Greece","Who regulates issues related to the Internet of Things?","-","No","No","Yes","Yes","Yes","Yes","-","-","-","-","-"
"Greece","Internet of Things (IoT) regulations","-","No","No","-","No","Yes","Yes","-","-","-","-","-"
"Grenada","Who regulates issues related to the Internet of Things?","-","-","-","-","-","-","No","-","-","-","-","-"
"Grenada","Internet of Things (IoT) regulations","-","-","-","-","-","-","No","-","-","-","-","-"
"Guatemala","Who regulates issues related to the Internet of Things?","-","-","No","No","No","No","No","-","-","-","-","-"
"Guatemala","Internet of Things (IoT) regulations","-","-","No","No","No","No","No","-","-","-","-","-"
"Guinea","Who regulates issues related to the Internet of Things?","-","Yes","Yes","Yes","Yes","-","-","-","-","-","-","-"
"Guinea","Internet of Things (IoT) regulations","-","No","No","No","No","-","-","-","-","-","-","-"
"Guyana","Who regulates issues related to the Internet of Things?","-","-","-","-","No","No","No","-","-","-","-","-"
"Guyana","Internet of Things (IoT) regulations","-","-","-","-","No","No","No","-","-","-","-","-"
"Haiti","Who regulates issues related to the Internet of Things?","-","-","-","-","-","No","-","-","-","-","-","-"
"Haiti","Internet of Things (IoT) regulations","-","-","-","-","-","No","-","-","-","-","-","-"
"Honduras","Who regulates issues related to the Internet of Things?","-","-","-","-","Yes","Yes","No","-","-","-","-","-"
"Honduras","Internet of Things (IoT) regulations","-","-","-","-","No","No","No","-","-","-","-","-"
"Hong Kong, China","Who regulates issues related to the Internet of Things?","-","-","No","-","Yes","Yes","Yes","-","-","-","-","-"
"Hong Kong, China","Internet of Things (IoT) regulations","-","-","No","-","Yes","Yes","Yes","-","-","-","-","-"
"Hungary","Who regulates issues related to the Internet of Things?","-","-","-","-","Yes","Yes","Yes","-","-","-","-","-"
"Hungary","Internet of Things (IoT) regulations","-","-","-","-","No","No","No","-","-","-","-","-"
"Iceland","Who regulates issues related to the Internet of Things?","-","Yes","Yes","Yes","Yes","Yes","Yes","-","-","-","-","-"
"Iceland","Internet of Things (IoT) regulations","-","No","No","No","No","No","No","-","-","-","-","-"
"India","Who regulates issues related to the Internet of Things?","-","-","-","Yes","-","Yes","Yes","-","-","-","-","-"
"India","Internet of Things (IoT) regulations","-","-","-","Yes","-","Yes","Yes","-","-","-","-","-"
"Indonesia","Who regulates issues related to the Internet of Things?","-","No","No","No","No","-","Yes","-","-","-","-","-"
"Indonesia","Internet of Things (IoT) regulations","-","No","No","No","No","-","Yes","-","-","-","-","-"
"Iran (Islamic Republic of)","Who regulates issues related to the Internet of Things?","-","Yes","Yes","Yes","Yes","Yes","Yes","-","-","-","-","-"
"Iran (Islamic Republic of)","Internet of Things (IoT) regulations","-","No","No","Yes","Yes","Yes","Yes","-","-","-","-","-"
"Iraq","Who regulates issues related to the Internet of Things?","-","-","-","-","Yes","Yes","Yes","-","-","-","-","-"
"Iraq","Internet of Things (IoT) regulations","-","-","-","-","No","No","No","-","-","-","-","-"
"Ireland","Who regulates issues related to the Internet of Things?","-","Yes","Yes","-","-","-","Yes","-","-","-","-","-"
"Ireland","Internet of Things (IoT) regulations","-","No","No","-","-","-","No","-","-","-","-","-"
"Israel","Who regulates issues related to the Internet of Things?","-","Yes","-","-","Yes","Yes","No","-","-","-","-","-"
"Israel","Internet of Things (IoT) regulations","-","No","-","-","No","No","No","-","-","-","-","-"
"Italy","Who regulates issues related to the Internet of Things?","-","-","-","Yes","-","-","-","-","-","-","-","-"
"Italy","Internet of Things (IoT) regulations","-","-","-","-","-","-","-","-","-","-","-","-"
"Japan","Who regulates issues related to the Internet of Things?","-","Yes","Yes","Yes","Yes","Yes","Yes","-","-","-","-","-"
"Japan","Internet of Things (IoT) regulations","-","Yes","Yes","Yes","Yes","Yes","Yes","-","-","-","-","-"
"Jordan","Who regulates issues related to the Internet of Things?","-","-","-","-","Yes","-","Yes","-","-","-","-","-"
"Jordan","Internet of Things (IoT) regulations","-","-","-","-","Yes","-","Yes","-","-","-","-","-"
"Kenya","Who regulates issues related to the Internet of Things?","-","No","-","-","-","Yes","Yes","-","-","-","-","-"
"Kenya","Internet of Things (IoT) regulations","-","No","-","-","-","No","Yes","-","-","-","-","-"
"Korea (Rep. of)","Who regulates issues related to the Internet of Things?","-","-","-","-","-","-","No","-","-","-","-","-"
"Korea (Rep. of)","Internet of Things (IoT) regulations","-","-","-","-","-","-","No","-","-","-","-","-"
"Kuwait","Who regulates issues related to the Internet of Things?","-","-","Yes","Yes","Yes","Yes","Yes","-","-","-","-","-"
"Kuwait","Internet of Things (IoT) regulations","-","-","No","No","No","No","No","-","-","-","-","-"
"Kyrgyzstan","Who regulates issues related to the Internet of Things?","-","No","No","-","-","-","Yes","-","-","-","-","-"
"Kyrgyzstan","Internet of Things (IoT) regulations","-","No","No","-","-","-","No","-","-","-","-","-"
"Latvia","Who regulates issues related to the Internet of Things?","-","-","No","No","No","No","No","-","-","-","-","-"
"Latvia","Internet of Things (IoT) regulations","-","-","No","No","No","No","No","-","-","-","-","-"
"Lesotho","Who regulates issues related to the Internet of Things?","-","No","-","-","No","-","-","-","-","-","-","-"
"Lesotho","Internet of Things (IoT) regulations","-","No","-","-","No","-","-","-","-","-","-","-"
"Liberia","Who regulates issues related to the Internet of Things?","-","-","-","-","Yes","Yes","Yes","-","-","-","-","-"
"Liberia","Internet of Things (IoT) regulations","-","-","-","-","No","No","No","-","-","-","-","-"
"Libya","Who regulates issues related to the Internet of Things?","-","-","-","-","-","-","No","-","-","-","-","-"
"Libya","Internet of Things (IoT) regulations","-","-","-","-","-","-","No","-","-","-","-","-"
"Liechtenstein","Who regulates issues related to the Internet of Things?","-","No","No","Yes","Yes","Yes","-","-","-","-","-","-"
"Liechtenstein","Internet of Things (IoT) regulations","-","No","No","No","No","No","No","-","-","-","-","-"
"Lithuania","Who regulates issues related to the Internet of Things?","-","-","-","-","-","-","No","-","-","-","-","-"
"Lithuania","Internet of Things (IoT) regulations","-","-","-","-","-","-","No","-","-","-","-","-"
"Luxembourg","Who regulates issues related to the Internet of Things?","-","-","-","-","-","Yes","Yes","-","-","-","-","-"
"Luxembourg","Internet of Things (IoT) regulations","-","-","-","-","-","-","-","-","-","-","-","-"
"Madagascar","Who regulates issues related to the Internet of Things?","-","-","-","-","No","No","No","-","-","-","-","-"
"Madagascar","Internet of Things (IoT) regulations","-","-","-","-","No","No","No","-","-","-","-","-"
"Malawi","Who regulates issues related to the Internet of Things?","-","No","Yes","-","Yes","Yes","Yes","-","-","-","-","-"
"Malawi","Internet of Things (IoT) regulations","-","No","No","-","No","No","No","-","-","-","-","-"
"Malaysia","Who regulates issues related to the Internet of Things?","-","No","Yes","-","-","Yes","Yes","-","-","-","-","-"
"Malaysia","Internet of Things (IoT) regulations","-","Yes","Yes","-","-","No","No","-","-","-","-","-"
"Mali","Who regulates issues related to the Internet of Things?","-","-","-","-","No","Yes","Yes","-","-","-","-","-"
"Mali","Internet of Things (IoT) regulations","-","-","-","-","No","Yes","No","-","-","-","-","-"
"Malta","Who regulates issues related to the Internet of Things?","-","-","No","-","-","Yes","Yes","-","-","-","-","-"
"Malta","Internet of Things (IoT) regulations","-","-","No","-","-","Yes","Yes","-","-","-","-","-"
"Marshall Islands","Who regulates issues related to the Internet of Things?","-","-","-","-","-","-","-","-","-","-","-","-"
"Marshall Islands","Internet of Things (IoT) regulations","-","-","No","-","-","-","-","-","-","-","-","-"
"Mauritania","Who regulates issues related to the Internet of Things?","-","-","-","-","No","-","-","-","-","-","-","-"
"Mauritania","Internet of Things (IoT) regulations","-","-","-","-","No","-","-","-","-","-","-","-"
"Mauritius","Who regulates issues related to the Internet of Things?","-","-","-","-","Yes","Yes","Yes","-","-","-","-","-"
"Mauritius","Internet of Things (IoT) regulations","-","-","-","-","No","No","No","-","-","-","-","-"
"Mexico","Who regulates issues related to the Internet of Things?","-","Yes","Yes","Yes","Yes","Yes","Yes","-","-","-","-","-"
"Mexico","Internet of Things (IoT) regulations","-","No","No","No","No","No","No","-","-","-","-","-"
"Micronesia","Who regulates issues related to the Internet of Things?","-","-","No","-","-","No","No","-","-","-","-","-"
"Micronesia","Internet of Things (IoT) regulations","-","-","No","-","-","No","No","-","-","-","-","-"
"Moldova","Who regulates issues related to the Internet of Things?","-","-","Yes","Yes","Yes","Yes","No","-","-","-","-","-"
"Moldova","Internet of Things (IoT) regulations","-","-","Yes","Yes","Yes","Yes","No","-","-","-","-","-"
"Mongolia","Who regulates issues related to the Internet of Things?","-","-","-","-","No","Yes","Yes","-","-","-","-","-"
"Mongolia","Internet of Things (IoT) regulations","-","-","-","-","No","No","No","-","-","-","-","-"
"Montenegro","Who regulates issues related to the Internet of Things?","-","No","Yes","Yes","Yes","Yes","Yes","-","-","-","-","-"
"Montenegro","Internet of Things (IoT) regulations","-","No","No","No","No","No","No","-","-","-","-","-"
"Morocco","Who regulates issues related to the Internet of Things?","-","No","No","No","No","No","No","-","-","-","-","-"
"Morocco","Internet of Things (IoT) regulations","-","No","No","No","No","Yes","Yes","-","-","-","-","-"
"Mozambique","Who regulates issues related to the Internet of Things?","-","-","-","-","-","-","Yes","-","-","-","-","-"
"Mozambique","Internet of Things (IoT) regulations","-","-","-","-","-","-","No","-","-","-","-","-"
"Myanmar","Who regulates issues related to the Internet of Things?","-","No","-","No","No","No","No","-","-","-","-","-"
"Myanmar","Internet of Things (IoT) regulations","-","No","-","No","No","No","No","-","-","-","-","-"
"Namibia","Who regulates issues related to the Internet of Things?","-","No","No","-","No","No","No","-","-","-","-","-"
"Namibia","Internet of Things (IoT) regulations","-","No","No","-","No","No","No","-","-","-","-","-"
"Nauru","Who regulates issues related to the Internet of Things?","-","-","-","-","-","-","-","-","-","-","-","-"
"Nauru","Internet of Things (IoT) regulations","-","No","-","-","-","-","-","-","-","-","-","-"
"Netherlands","Who regulates issues related to the Internet of Things?","-","-","-","-","Yes","Yes","-","-","-","-","-","-"
"Netherlands","Internet of Things (IoT) regulations","-","-","-","-","No","No","-","-","-","-","-","-"
"New Zealand","Who regulates issues related to the Internet of Things?","-","-","-","-","Yes","Yes","Yes","-","-","-","-","-"
"New Zealand","Internet of Things (IoT) regulations","-","-","-","-","No","No","No","-","-","-","-","-"
"Nicaragua","Who regulates issues related to the Internet of Things?","-","No","-","-","-","-","Yes","-","-","-","-","-"
"Nicaragua","Internet of Things (IoT) regulations","-","No","-","-","-","No","No","-","-","-","-","-"
"Niger","Who regulates issues related to the Internet of Things?","-","-","-","-","No","No","No","-","-","-","-","-"
"Niger","Internet of Things (IoT) regulations","-","-","-","-","No","No","No","-","-","-","-","-"
"Nigeria","Who regulates issues related to the Internet of Things?","-","-","-","-","-","No","No","-","-","-","-","-"
"Nigeria","Internet of Things (IoT) regulations","-","-","-","-","-","No","No","-","-","-","-","-"
"North Macedonia","Who regulates issues related to the Internet of Things?","-","No","No","No","No","No","Yes","-","-","-","-","-"
"North Macedonia","Internet of Things (IoT) regulations","-","No","No","No","No","No","No","-","-","-","-","-"
"Norway","Who regulates issues related to the Internet of Things?","-","Yes","-","-","Yes","Yes","Yes","-","-","-","-","-"
"Norway","Internet of Things (IoT) regulations","-","Yes","-","-","Yes","Yes","Yes","-","-","-","-","-"
"Oman","Who regulates issues related to the Internet of Things?","-","No","-","Yes","Yes","Yes","Yes","-","-","-","-","-"
"Oman","Internet of Things (IoT) regulations","-","No","-","No","Yes","Yes","No","-","-","-","-","-"
"Pakistan","Who regulates issues related to the Internet of Things?","-","Yes","Yes","Yes","Yes","Yes","Yes","-","-","-","-","-"
"Pakistan","Internet of Things (IoT) regulations","-","No","No","No","No","Yes","Yes","-","-","-","-","-"
"Panama","Who regulates issues related to the Internet of Things?","-","-","No","No","-","-","No","-","-","-","-","-"
"Panama","Internet of Things (IoT) regulations","-","-","No","No","-","-","No","-","-","-","-","-"
"Papua New Guinea","Who regulates issues related to the Internet of Things?","-","-","-","-","No","Yes","-","-","-","-","-","-"
"Papua New Guinea","Internet of Things (IoT) regulations","-","-","-","-","No","No","-","-","-","-","-","-"
"Paraguay","Who regulates issues related to the Internet of Things?","-","-","-","-","No","No","Yes","-","-","-","-","-"
"Paraguay","Internet of Things (IoT) regulations","-","-","-","-","No","No","No","-","-","-","-","-"
"Peru","Who regulates issues related to the Internet of Things?","-","No","-","-","-","No","No","-","-","-","-","-"
"Peru","Internet of Things (IoT) regulations","-","No","-","-","-","No","No","-","-","-","-","-"
"Philippines","Who regulates issues related to the Internet of Things?","-","-","-","-","Yes","No","Yes","-","-","-","-","-"
"Philippines","Internet of Things (IoT) regulations","-","-","-","-","No","No","No","-","-","-","-","-"
"Poland","Who regulates issues related to the Internet of Things?","-","No","-","No","No","No","No","-","-","-","-","-"
"Poland","Internet of Things (IoT) regulations","-","No","-","No","No","No","No","-","-","-","-","-"
"Portugal","Who regulates issues related to the Internet of Things?","-","Yes","Yes","Yes","Yes","Yes","Yes","-","-","-","-","-"
"Portugal","Internet of Things (IoT) regulations","-","No","No","-","No","Yes","Yes","-","-","-","-","-"
"Qatar","Who regulates issues related to the Internet of Things?","-","Yes","-","-","Yes","Yes","Yes","-","-","-","-","-"
"Qatar","Internet of Things (IoT) regulations","-","No","-","-","Yes","Yes","Yes","-","-","-","-","-"
"Romania","Who regulates issues related to the Internet of Things?","-","-","No","-","-","-","No","-","-","-","-","-"
"Romania","Internet of Things (IoT) regulations","-","-","No","-","-","-","No","-","-","-","-","-"
"Russian Federation","Who regulates issues related to the Internet of Things?","-","-","-","-","-","-","Yes","-","-","-","-","-"
"Russian Federation","Internet of Things (IoT) regulations","-","-","-","-","-","-","Yes","-","-","-","-","-"
"Rwanda","Who regulates issues related to the Internet of Things?","-","-","Yes","Yes","-","Yes","Yes","-","-","-","-","-"
"Rwanda","Internet of Things (IoT) regulations","-","-","No","Yes","-","No","No","-","-","-","-","-"
"Saint Lucia","Who regulates issues related to the Internet of Things?","-","-","No","-","-","-","-","-","-","-","-","-"
"Saint Lucia","Internet of Things (IoT) regulations","-","-","-","-","-","-","-","-","-","-","-","-"
"Saint Vincent and the Grenadines","Who regulates issues related to the Internet of Things?","-","No","No","-","-","-","-","-","-","-","-","-"
"Saint Vincent and the Grenadines","Internet of Things (IoT) regulations","-","No","No","-","-","-","-","-","-","-","-","-"
"Samoa","Who regulates issues related to the Internet of Things?","-","-","-","-","No","No","Yes","-","-","-","-","-"
"Samoa","Internet of Things (IoT) regulations","-","-","-","-","No","No","No","-","-","-","-","-"
"Sao Tome and Principe","Who regulates issues related to the Internet of Things?","-","-","-","-","No","No","No","-","-","-","-","-"
"Sao Tome and Principe","Internet of Things (IoT) regulations","-","-","-","-","No","No","No","-","-","-","-","-"
"Saudi Arabia","Who regulates issues related to the Internet of Things?","-","No","Yes","Yes","Yes","Yes","Yes","-","-","-","-","-"
"Saudi Arabia","Internet of Things (IoT) regulations","-","No","Yes","No","No","No","Yes","-","-","-","-","-"
"Senegal","Who regulates issues related to the Internet of Things?","-","No","-","-","-","No","No","-","-","-","-","-"
"Senegal","Internet of Things (IoT) regulations","-","No","-","-","-","No","No","-","-","-","-","-"
"Serbia","Who regulates issues related to the Internet of Things?","-","No","Yes","Yes","Yes","Yes","Yes","-","-","-","-","-"
"Serbia","Internet of Things (IoT) regulations","-","No","No","No","No","No","No","-","-","-","-","-"
"Seychelles","Who regulates issues related to the Internet of Things?","-","-","-","-","-","-","-","-","-","-","-","-"
"Seychelles","Internet of Things (IoT) regulations","-","No","No","No","No","No","No","-","-","-","-","-"
"Sierra Leone","Who regulates issues related to the Internet of Things?","-","-","-","-","No","No","-","-","-","-","-","-"
"Sierra Leone","Internet of Things (IoT) regulations","-","-","-","-","No","No","-","-","-","-","-","-"
"Singapore","Who regulates issues related to the Internet of Things?","-","-","Yes","-","Yes","Yes","Yes","-","-","-","-","-"
"Singapore","Internet of Things (IoT) regulations","-","-","Yes","-","Yes","Yes","Yes","-","-","-","-","-"
"Slovakia","Who regulates issues related to the Internet of Things?","-","Yes","Yes","Yes","Yes","Yes","Yes","-","-","-","-","-"
"Slovakia","Internet of Things (IoT) regulations","-","No","No","No","No","No","No","-","-","-","-","-"
"Slovenia","Who regulates issues related to the Internet of Things?","-","No","No","Yes","Yes","Yes","Yes","-","-","-","-","-"
"Slovenia","Internet of Things (IoT) regulations","-","No","No","No","No","Yes","Yes","-","-","-","-","-"
"Solomon Islands","Who regulates issues related to the Internet of Things?","-","-","-","-","-","Yes","-","-","-","-","-","-"
"Solomon Islands","Internet of Things (IoT) regulations","-","-","-","-","-","No","-","-","-","-","-","-"
"Somalia","Who regulates issues related to the Internet of Things?","-","Yes","-","-","Yes","Yes","-","-","-","-","-","-"
"Somalia","Internet of Things (IoT) regulations","-","No","-","-","No","No","-","-","-","-","-","-"
"South Africa","Who regulates issues related to the Internet of Things?","-","Yes","Yes","Yes","Yes","Yes","Yes","-","-","-","-","-"
"South Africa","Internet of Things (IoT) regulations","-","-","Yes","Yes","Yes","Yes","Yes","-","-","-","-","-"
"South Sudan","Who regulates issues related to the Internet of Things?","-","-","-","-","No","No","-","-","-","-","-","-"
"South Sudan","Internet of Things (IoT) regulations","-","-","-","-","No","No","-","-","-","-","-","-"
"Spain","Who regulates issues related to the Internet of Things?","-","No","No","No","No","No","No","-","-","-","-","-"
"Spain","Internet of Things (IoT) regulations","-","Yes","Yes","Yes","Yes","Yes","Yes","-","-","-","-","-"
"Sri Lanka","Who regulates issues related to the Internet of Things?","-","-","-","-","-","Yes","Yes","-","-","-","-","-"
"Sri Lanka","Internet of Things (IoT) regulations","-","-","-","-","-","No","Yes","-","-","-","-","-"
"State of Palestine","Who regulates issues related to the Internet of Things?","-","-","-","-","No","Yes","Yes","-","-","-","-","-"
"State of Palestine","Internet of Things (IoT) regulations","-","-","-","-","No","No","No","-","-","-","-","-"
"Sudan","Who regulates issues related to the Internet of Things?","-","No","No","No","No","Yes","-","-","-","-","-","-"
"Sudan","Internet of Things (IoT) regulations","-","No","No","-","-","-","-","-","-","-","-","-"
"Suriname","Who regulates issues related to the Internet of Things?","-","No","-","-","No","No","No","-","-","-","-","-"
"Suriname","Internet of Things (IoT) regulations","-","No","-","No","No","No","No","-","-","-","-","-"
"Sweden","Who regulates issues related to the Internet of Things?","-","-","-","-","-","No","No","-","-","-","-","-"
"Sweden","Internet of Things (IoT) regulations","-","-","-","-","-","No","No","-","-","-","-","-"
"Switzerland","Who regulates issues related to the Internet of Things?","-","No","Yes","Yes","Yes","Yes","Yes","-","-","-","-","-"
"Switzerland","Internet of Things (IoT) regulations","-","No","No","Yes","No","No","No","-","-","-","-","-"
"Syrian Arab Republic","Who regulates issues related to the Internet of Things?","-","No","-","-","Yes","Yes","Yes","-","-","-","-","-"
"Syrian Arab Republic","Internet of Things (IoT) regulations","-","No","-","-","No","No","No","-","-","-","-","-"
"Tanzania","Who regulates issues related to the Internet of Things?","-","No","-","-","-","Yes","Yes","-","-","-","-","-"
"Tanzania","Internet of Things (IoT) regulations","-","No","-","-","-","No","No","-","-","-","-","-"
"Thailand","Who regulates issues related to the Internet of Things?","-","-","-","-","-","Yes","Yes","-","-","-","-","-"
"Thailand","Internet of Things (IoT) regulations","-","-","-","-","-","Yes","Yes","-","-","-","-","-"
"Timor-Leste","Who regulates issues related to the Internet of Things?","-","-","-","-","-","-","Yes","-","-","-","-","-"
"Timor-Leste","Internet of Things (IoT) regulations","-","-","-","-","-","-","-","-","-","-","-","-"
"Togo","Who regulates issues related to the Internet of Things?","-","-","No","No","Yes","Yes","Yes","-","-","-","-","-"
"Togo","Internet of Things (IoT) regulations","-","-","No","No","No","No","No","-","-","-","-","-"
"Tonga","Who regulates issues related to the Internet of Things?","-","-","-","-","No","-","-","-","-","-","-","-"
"Tonga","Internet of Things (IoT) regulations","-","-","-","-","No","-","-","-","-","-","-","-"
"Trinidad and Tobago","Who regulates issues related to the Internet of Things?","-","No","No","Yes","-","-","-","-","-","-","-","-"
"Trinidad and Tobago","Internet of Things (IoT) regulations","-","No","No","No","-","-","-","-","-","-","-","-"
"Tunisia","Who regulates issues related to the Internet of Things?","-","No","No","No","No","No","No","-","-","-","-","-"
"Tunisia","Internet of Things (IoT) regulations","-","No","No","No","No","No","No","-","-","-","-","-"
"Türkiye","Who regulates issues related to the Internet of Things?","-","No","No","Yes","Yes","Yes","Yes","-","-","-","-","-"
"Türkiye","Internet of Things (IoT) regulations","-","-","No","No","No","No","No","-","-","-","-","-"
"Ukraine","Who regulates issues related to the Internet of Things?","-","-","-","-","No","No","Yes","-","-","-","-","-"
"Ukraine","Internet of Things (IoT) regulations","-","-","-","-","No","Yes","Yes","-","-","-","-","-"
"United Arab Emirates","Who regulates issues related to the Internet of Things?","-","Yes","Yes","Yes","Yes","Yes","Yes","-","-","-","-","-"
"United Arab Emirates","Internet of Things (IoT) regulations","-","No","No","Yes","Yes","Yes","Yes","-","-","-","-","-"
"United Kingdom","Who regulates issues related to the Internet of Things?","-","-","-","-","-","Yes","Yes","-","-","-","-","-"
"United Kingdom","Internet of Things (IoT) regulations","-","-","-","-","-","-","Yes","-","-","-","-","-"
"United States","Who regulates issues related to the Internet of Things?","-","Yes","Yes","Yes","Yes","Yes","Yes","-","-","-","-","-"
"United States","Internet of Things (IoT) regulations","-","-","-","-","-","-","-","-","-","-","-","-"
"Uruguay","Who regulates issues related to the Internet of Things?","-","Yes","-","-","-","-","Yes","-","-","-","-","-"
"Uruguay","Internet of Things (IoT) regulations","-","No","-","-","-","-","Yes","-","-","-","-","-"
"Vanuatu","Who regulates issues related to the Internet of Things?","-","No","-","-","No","No","No","-","-","-","-","-"
"Vanuatu","Internet of Things (IoT) regulations","-","No","-","-","No","No","No","-","-","-","-","-"
"Venezuela","Who regulates issues related to the Internet of Things?","-","Yes","-","-","-","-","-","-","-","-","-","-"
"Venezuela","Internet of Things (IoT) regulations","-","-","-","-","-","-","-","-","-","-","-","-"
"Viet Nam","Who regulates issues related to the Internet of Things?","-","Yes","-","-","Yes","Yes","Yes","-","-","-","-","-"
"Viet Nam","Internet of Things (IoT) regulations","-","No","-","-","Yes","Yes","Yes","-","-","-","-","-"
"Zambia","Who regulates issues related to the Internet of Things?","-","No","No","Yes","Yes","Yes","Yes","-","-","-","-","-"
"Zambia","Internet of Things (IoT) regulations","-","No","No","No","No","No","No","-","-","-","-","-"
"Zimbabwe","Who regulates issues related to the Internet of Things?","-","-","-","-","-","Yes","Yes","-","-","-","-","-"
"Zimbabwe","Internet of Things (IoT) regulations","-","-","-","-","-","No","No","-","-","-","-","-"