"Economy","Indicator","2014","2015","2016","2017","2018","2019","2020","2021","2022","2023","2024","2025"
"Afghanistan","Is there a billing framework to support charging mechanisms for IoT services and applications?","-","-","-","-","No","No","No","No","-","-","No","-"
"Afghanistan","Significant reforms planned on IoT/M2M ","-","-","-","-","Revision of law/policies, Preparation of a billing framework to support operators","Other","Other","Other","-","-","Revision of law/policies","-"
"Albania","Is there a billing framework to support charging mechanisms for IoT services and applications?","-","-","-","-","No","No","No","No","No","-","-","-"
"Albania","Significant reforms planned on IoT/M2M ","-","-","-","-","Nothing, this is managed by operators’ commercial agreements","Nothing, this is managed by operators’ commercial agreements","Nothing, this is managed by operators’ commercial agreements","Nothing, this is managed by operators’ commercial agreements","-","-","-","-"
"Algeria","Is there a billing framework to support charging mechanisms for IoT services and applications?","-","-","-","-","-","-","-","No","No","No","No","-"
"Algeria","Significant reforms planned on IoT/M2M ","-","-","-","-","-","-","-","-","-","-","Other","-"
"Andorra","Is there a billing framework to support charging mechanisms for IoT services and applications?","-","-","-","-","Yes","-","-","No","No","No","No","-"
"Andorra","Significant reforms planned on IoT/M2M ","-","-","-","-","-","-","-","Nothing, this is managed by operators’ commercial agreements","Nothing, this is managed by operators’ commercial agreements","Nothing, this is managed by operators’ commercial agreements","Nothing, this is managed by operators’ commercial agreements","-"
"Angola","Is there a billing framework to support charging mechanisms for IoT services and applications?","-","-","-","-","-","-","No","No","-","No","No","-"
"Angola","Significant reforms planned on IoT/M2M ","-","-","-","-","-","-","Other","Revision of law/policies","-","Revision of law/policies","Revision of law/policies","-"
"Armenia","Is there a billing framework to support charging mechanisms for IoT services and applications?","-","-","-","-","No","No","No","No","No","No","No","-"
"Armenia","Significant reforms planned on IoT/M2M ","-","-","-","-","Nothing, this is managed by operators’ commercial agreements","Nothing, this is managed by operators’ commercial agreements","Nothing, this is managed by operators’ commercial agreements","Revision of law/policies","Revision of law/policies","Revision of law/policies","Revision of law/policies","-"
"Australia","Is there a billing framework to support charging mechanisms for IoT services and applications?","-","-","-","-","No","No","No","No","No","No","No","-"
"Australia","Significant reforms planned on IoT/M2M ","-","-","-","-","-","Nothing, this is managed by operators’ commercial agreements, Other","Nothing, this is managed by operators’ commercial agreements","Nothing, this is managed by operators’ commercial agreements","Other","Other","Other","-"
"Austria","Is there a billing framework to support charging mechanisms for IoT services and applications?","-","-","-","-","Yes","No","No","No","No","No","No","-"
"Austria","Significant reforms planned on IoT/M2M ","-","-","-","-","Revision of law/policies","Nothing, this is managed by operators’ commercial agreements","Nothing, this is managed by operators’ commercial agreements","Nothing, this is managed by operators’ commercial agreements","Nothing, this is managed by operators’ commercial agreements","Nothing, this is managed by operators’ commercial agreements","Nothing, this is managed by operators’ commercial agreements","-"
"Azerbaijan","Is there a billing framework to support charging mechanisms for IoT services and applications?","-","-","-","-","-","-","-","-","-","-","-","-"
"Azerbaijan","Significant reforms planned on IoT/M2M ","-","-","-","-","-","-","Revision of law/policies","-","-","-","-","-"
"Bahamas","Is there a billing framework to support charging mechanisms for IoT services and applications?","-","-","-","-","-","No","-","No","No","No","No","-"
"Bahamas","Significant reforms planned on IoT/M2M ","-","-","-","-","-","-","-","-","-","-","-","-"
"Bahrain","Is there a billing framework to support charging mechanisms for IoT services and applications?","-","-","-","-","-","-","-","No","No","No","No","-"
"Bahrain","Significant reforms planned on IoT/M2M ","-","-","-","-","-","-","-","-","-","-","-","-"
"Bangladesh","Is there a billing framework to support charging mechanisms for IoT services and applications?","-","-","-","-","-","-","-","-","No","-","-","-"
"Bangladesh","Significant reforms planned on IoT/M2M ","-","-","-","-","-","-","-","-","Other","-","-","-"
"Barbados","Is there a billing framework to support charging mechanisms for IoT services and applications?","-","-","-","-","No","-","-","-","No","No","-","-"
"Barbados","Significant reforms planned on IoT/M2M ","-","-","-","-","-","-","-","-","-","Other","-","-"
"Belarus","Is there a billing framework to support charging mechanisms for IoT services and applications?","-","-","-","-","No","-","-","-","-","No","No","-"
"Belarus","Significant reforms planned on IoT/M2M ","-","-","-","-","Nothing, this is managed by operators’ commercial agreements","-","-","-","-","-","-","-"
"Belgium","Is there a billing framework to support charging mechanisms for IoT services and applications?","-","-","-","-","-","No","-","-","No","No","No","-"
"Belgium","Significant reforms planned on IoT/M2M ","-","-","-","-","-","Nothing, this is managed by operators’ commercial agreements","-","-","Nothing, this is managed by operators’ commercial agreements","Nothing, this is managed by operators’ commercial agreements","Nothing, this is managed by operators’ commercial agreements","-"
"Belize","Is there a billing framework to support charging mechanisms for IoT services and applications?","-","-","-","-","No","-","-","-","-","No","-","-"
"Belize","Significant reforms planned on IoT/M2M ","-","-","-","-","Revision of law/policies","-","-","-","-","Revision of law/policies","-","-"
"Benin","Is there a billing framework to support charging mechanisms for IoT services and applications?","-","-","-","-","-","-","-","Yes","Yes","Yes","Yes","-"
"Benin","Significant reforms planned on IoT/M2M ","-","-","-","-","-","Operators’ obligation on infrastructure investment and network optimization, Preparation of a billing framework to support operators","-","Operators’ obligation on infrastructure investment and network optimization","Operators’ obligation on infrastructure investment and network optimization","Operators’ obligation on infrastructure investment and network optimization","Operators’ obligation on infrastructure investment and network optimization","-"
"Bolivia (Plurinational State of)","Is there a billing framework to support charging mechanisms for IoT services and applications?","-","-","-","-","No","-","No","No","No","No","No","-"
"Bolivia (Plurinational State of)","Significant reforms planned on IoT/M2M ","-","-","-","-","Revision of law/policies","-","-","-","-","-","-","-"
"Bosnia and Herzegovina","Is there a billing framework to support charging mechanisms for IoT services and applications?","-","-","-","-","-","No","No","No","No","No","No","-"
"Bosnia and Herzegovina","Significant reforms planned on IoT/M2M ","-","-","-","-","-","-","-","-","-","-","-","-"
"Botswana","Is there a billing framework to support charging mechanisms for IoT services and applications?","-","-","-","-","-","No","-","-","-","No","No","-"
"Botswana","Significant reforms planned on IoT/M2M ","-","-","-","-","-","Operators’ obligation on infrastructure investment and network optimization, Revision of law/policies, Preparation of a billing framework to support operators, Price control of IoT services","-","-","-","-","-","-"
"Brazil","Is there a billing framework to support charging mechanisms for IoT services and applications?","-","-","-","-","No","No","No","No","No","-","-","-"
"Brazil","Significant reforms planned on IoT/M2M ","-","-","-","-","Revision of law/policies","Other","Revision of law/policies","Revision of law/policies","Revision of law/policies","-","-","-"
"Brunei Darussalam","Is there a billing framework to support charging mechanisms for IoT services and applications?","-","-","-","-","No","No","No","No","No","No","No","-"
"Brunei Darussalam","Significant reforms planned on IoT/M2M ","-","-","-","-","Operators’ obligation on infrastructure investment and network optimization, Nothing, this is managed by operators’ commercial agreements","Other","-","-","Nothing, this is managed by operators’ commercial agreements","Nothing, this is managed by operators’ commercial agreements","Nothing, this is managed by operators’ commercial agreements","-"
"Bulgaria","Is there a billing framework to support charging mechanisms for IoT services and applications?","-","-","-","-","No","No","-","-","-","No","No","-"
"Bulgaria","Significant reforms planned on IoT/M2M ","-","-","-","-","Revision of law/policies","Revision of law/policies","-","-","-","-","Nothing, this is managed by operators’ commercial agreements","-"
"Burkina Faso","Is there a billing framework to support charging mechanisms for IoT services and applications?","-","-","-","-","No","No","No","No","No","No","-","-"
"Burkina Faso","Significant reforms planned on IoT/M2M ","-","-","-","-","-","-","-","-","-","-","-","-"
"Burundi","Is there a billing framework to support charging mechanisms for IoT services and applications?","-","-","-","-","No","No","No","No","No","No","No","-"
"Burundi","Significant reforms planned on IoT/M2M ","-","-","-","-","-","Other","-","Revision of law/policies, Preparation of a billing framework to support operators, Price control of IoT services, Operators’ obligation on infrastructure investment and network optimization","Operators’ obligation on infrastructure investment and network optimization, Revision of law/policies, Price control of IoT services, Preparation of a billing framework to support operators","Revision of law/policies, Preparation of a billing framework to support operators, Price control of IoT services, Operators’ obligation on infrastructure investment and network optimization","Preparation of a billing framework to support operators, Revision of law/policies, Operators’ obligation on infrastructure investment and network optimization, Price control of IoT services","-"
"Cambodia","Is there a billing framework to support charging mechanisms for IoT services and applications?","-","-","-","-","No","No","No","No","No","No","No","-"
"Cambodia","Significant reforms planned on IoT/M2M ","-","-","-","-","Revision of law/policies","Revision of law/policies","Revision of law/policies","Revision of law/policies","Revision of law/policies","Revision of law/policies","Revision of law/policies","-"
"Cameroon","Is there a billing framework to support charging mechanisms for IoT services and applications?","-","-","-","-","No","-","-","No","No","-","-","-"
"Cameroon","Significant reforms planned on IoT/M2M ","-","-","-","-","Revision of law/policies, Operators’ obligation on infrastructure investment and network optimization","-","-","Revision of law/policies, Preparation of a billing framework to support operators","Revision of law/policies, Preparation of a billing framework to support operators","-","-","-"
"Canada","Is there a billing framework to support charging mechanisms for IoT services and applications?","-","-","-","-","-","-","-","-","No","-","No","-"
"Canada","Significant reforms planned on IoT/M2M ","-","-","-","-","Nothing, this is managed by operators’ commercial agreements","-","Nothing, this is managed by operators’ commercial agreements","-","Nothing, this is managed by operators’ commercial agreements","-","Nothing, this is managed by operators’ commercial agreements","-"
"Chile","Is there a billing framework to support charging mechanisms for IoT services and applications?","-","-","-","-","-","No","No","No","No","No","No","-"
"Chile","Significant reforms planned on IoT/M2M ","-","-","-","-","-","Nothing, this is managed by operators’ commercial agreements","Nothing, this is managed by operators’ commercial agreements","Nothing, this is managed by operators’ commercial agreements","Nothing, this is managed by operators’ commercial agreements","Nothing, this is managed by operators’ commercial agreements","Nothing, this is managed by operators’ commercial agreements","-"
"China","Is there a billing framework to support charging mechanisms for IoT services and applications?","-","-","-","-","-","-","-","No","No","No","-","-"
"China","Significant reforms planned on IoT/M2M ","-","-","-","-","-","-","-","-","-","-","-","-"
"Colombia","Is there a billing framework to support charging mechanisms for IoT services and applications?","-","-","-","-","No","No","No","No","No","No","No","-"
"Colombia","Significant reforms planned on IoT/M2M ","-","-","-","-","Other","Nothing, this is managed by operators’ commercial agreements","Other","Other","Revision of law/policies","Revision of law/policies","Revision of law/policies","-"
"Congo (Rep. of the)","Is there a billing framework to support charging mechanisms for IoT services and applications?","-","-","-","-","No","No","No","No","No","No","No","-"
"Congo (Rep. of the)","Significant reforms planned on IoT/M2M ","-","-","-","-","Operators’ obligation on infrastructure investment and network optimization, Revision of law/policies, Price control of IoT services, Preparation of a billing framework to support operators","-","Nothing, this is managed by operators’ commercial agreements","Nothing, this is managed by operators’ commercial agreements, Revision of law/policies, Preparation of a billing framework to support operators, Price control of IoT services","Revision of law/policies, Preparation of a billing framework to support operators, Price control of IoT services, Nothing, this is managed by operators’ commercial agreements","Revision of law/policies, Preparation of a billing framework to support operators, Price control of IoT services, Nothing, this is managed by operators’ commercial agreements","Price control of IoT services, Revision of law/policies, Preparation of a billing framework to support operators, Nothing, this is managed by operators’ commercial agreements","-"
"Costa Rica","Is there a billing framework to support charging mechanisms for IoT services and applications?","-","-","-","-","No","No","No","No","No","No","No","-"
"Costa Rica","Significant reforms planned on IoT/M2M ","-","-","-","-","-","Operators’ obligation on infrastructure investment and network optimization","Nothing, this is managed by operators’ commercial agreements","Nothing, this is managed by operators’ commercial agreements","Nothing, this is managed by operators’ commercial agreements","Nothing, this is managed by operators’ commercial agreements","Nothing, this is managed by operators’ commercial agreements","-"
"Croatia","Is there a billing framework to support charging mechanisms for IoT services and applications?","-","-","-","-","-","-","-","No","No","No","No","-"
"Croatia","Significant reforms planned on IoT/M2M ","-","-","-","-","-","-","-","Nothing, this is managed by operators’ commercial agreements","Nothing, this is managed by operators’ commercial agreements","Nothing, this is managed by operators’ commercial agreements","Nothing, this is managed by operators’ commercial agreements","-"
"Cuba","Is there a billing framework to support charging mechanisms for IoT services and applications?","-","-","-","-","No","No","No","No","No","No","No","-"
"Cuba","Significant reforms planned on IoT/M2M ","-","-","-","-","-","-","-","-","-","-","-","-"
"Cyprus","Is there a billing framework to support charging mechanisms for IoT services and applications?","-","-","-","-","No","-","-","-","-","-","-","-"
"Cyprus","Significant reforms planned on IoT/M2M ","-","-","-","-","Other","-","-","-","-","-","-","-"
"Czech Republic","Is there a billing framework to support charging mechanisms for IoT services and applications?","-","-","-","-","No","No","No","No","No","No","No","-"
"Czech Republic","Significant reforms planned on IoT/M2M ","-","-","-","-","Revision of law/policies","Nothing, this is managed by operators’ commercial agreements, Other","Revision of law/policies, Nothing, this is managed by operators’ commercial agreements","Nothing, this is managed by operators’ commercial agreements, Revision of law/policies","Nothing, this is managed by operators’ commercial agreements","Nothing, this is managed by operators’ commercial agreements","Nothing, this is managed by operators’ commercial agreements","-"
"Côte d'Ivoire","Is there a billing framework to support charging mechanisms for IoT services and applications?","-","-","-","-","-","No","-","-","-","-","-","-"
"Côte d'Ivoire","Significant reforms planned on IoT/M2M ","-","-","-","-","-","Revision of law/policies","-","-","-","-","-","-"
"Dem. Rep. of the Congo","Is there a billing framework to support charging mechanisms for IoT services and applications?","-","-","-","-","No","No","No","No","No","No","No","-"
"Dem. Rep. of the Congo","Significant reforms planned on IoT/M2M ","-","-","-","-","Nothing, this is managed by operators’ commercial agreements","-","Revision of law/policies","Revision of law/policies","-","Operators’ obligation on infrastructure investment and network optimization, Revision of law/policies","Revision of law/policies, Operators’ obligation on infrastructure investment and network optimization","-"
"Djibouti","Is there a billing framework to support charging mechanisms for IoT services and applications?","-","-","-","-","Yes","-","-","-","-","-","-","-"
"Djibouti","Significant reforms planned on IoT/M2M ","-","-","-","-","Nothing, this is managed by operators’ commercial agreements","-","-","-","-","-","-","-"
"Dominica","Is there a billing framework to support charging mechanisms for IoT services and applications?","-","-","-","-","-","-","-","-","-","-","No","-"
"Dominica","Significant reforms planned on IoT/M2M ","-","-","-","-","-","-","-","-","-","-","Revision of law/policies, Operators’ obligation on infrastructure investment and network optimization","-"
"Dominican Rep.","Is there a billing framework to support charging mechanisms for IoT services and applications?","-","-","-","-","No","No","-","-","No","No","No","-"
"Dominican Rep.","Significant reforms planned on IoT/M2M ","-","-","-","-","Revision of law/policies","-","-","-","Nothing, this is managed by operators’ commercial agreements","Nothing, this is managed by operators’ commercial agreements","Nothing, this is managed by operators’ commercial agreements","-"
"Ecuador","Is there a billing framework to support charging mechanisms for IoT services and applications?","-","-","-","-","No","No","-","-","-","-","-","-"
"Ecuador","Significant reforms planned on IoT/M2M ","-","-","-","-","Revision of law/policies","Revision of law/policies","-","-","-","-","-","-"
"Egypt","Is there a billing framework to support charging mechanisms for IoT services and applications?","-","-","-","-","-","-","No","No","-","No","No","-"
"Egypt","Significant reforms planned on IoT/M2M ","-","-","-","-","-","-","Preparation of a billing framework to support operators","Preparation of a billing framework to support operators","-","Revision of law/policies, Price control of IoT services","Nothing, this is managed by operators’ commercial agreements","-"
"El Salvador","Is there a billing framework to support charging mechanisms for IoT services and applications?","-","-","-","-","-","No","No","No","No","No","-","-"
"El Salvador","Significant reforms planned on IoT/M2M ","-","-","-","-","-","-","-","-","-","-","-","-"
"Equatorial Guinea","Is there a billing framework to support charging mechanisms for IoT services and applications?","-","-","-","-","-","-","-","No","No","No","-","-"
"Equatorial Guinea","Significant reforms planned on IoT/M2M ","-","-","-","-","-","-","-","Revision of law/policies","Revision of law/policies","Revision of law/policies","-","-"
"Estonia","Is there a billing framework to support charging mechanisms for IoT services and applications?","-","-","-","-","-","-","No","No","-","-","-","-"
"Estonia","Significant reforms planned on IoT/M2M ","-","-","-","-","-","-","Nothing, this is managed by operators’ commercial agreements","Nothing, this is managed by operators’ commercial agreements","-","-","-","-"
"Eswatini","Is there a billing framework to support charging mechanisms for IoT services and applications?","-","-","-","-","No","No","No","No","No","No","No","-"
"Eswatini","Significant reforms planned on IoT/M2M ","-","-","-","-","-","-","-","-","-","-","-","-"
"Fiji","Is there a billing framework to support charging mechanisms for IoT services and applications?","-","-","-","-","-","-","-","No","No","-","-","-"
"Fiji","Significant reforms planned on IoT/M2M ","-","-","-","-","-","-","-","Revision of law/policies","Revision of law/policies","-","-","-"
"Finland","Is there a billing framework to support charging mechanisms for IoT services and applications?","-","-","-","-","No","No","-","No","-","No","No","-"
"Finland","Significant reforms planned on IoT/M2M ","-","-","-","-","Nothing, this is managed by operators’ commercial agreements","Nothing, this is managed by operators’ commercial agreements","-","Nothing, this is managed by operators’ commercial agreements","Nothing, this is managed by operators’ commercial agreements","Nothing, this is managed by operators’ commercial agreements","Nothing, this is managed by operators’ commercial agreements","-"
"France","Is there a billing framework to support charging mechanisms for IoT services and applications?","-","-","-","-","No","No","No","No","No","No","No","-"
"France","Significant reforms planned on IoT/M2M ","-","-","-","-","-","-","Nothing, this is managed by operators’ commercial agreements","Nothing, this is managed by operators’ commercial agreements","Nothing, this is managed by operators’ commercial agreements","Nothing, this is managed by operators’ commercial agreements","Nothing, this is managed by operators’ commercial agreements","-"
"Gabon","Is there a billing framework to support charging mechanisms for IoT services and applications?","-","-","-","-","-","No","-","No","-","No","No","-"
"Gabon","Significant reforms planned on IoT/M2M ","-","-","-","-","-","-","-","-","-","Other","Other","-"
"Gambia","Is there a billing framework to support charging mechanisms for IoT services and applications?","-","-","-","-","No","-","No","No","No","No","No","-"
"Gambia","Significant reforms planned on IoT/M2M ","-","-","-","-","Nothing, this is managed by operators’ commercial agreements","-","Operators’ obligation on infrastructure investment and network optimization","Revision of law/policies, Operators’ obligation on infrastructure investment and network optimization","Operators’ obligation on infrastructure investment and network optimization, Revision of law/policies","Operators’ obligation on infrastructure investment and network optimization, Revision of law/policies","Operators’ obligation on infrastructure investment and network optimization, Revision of law/policies","-"
"Georgia","Is there a billing framework to support charging mechanisms for IoT services and applications?","-","-","-","-","-","-","No","No","No","-","-","-"
"Georgia","Significant reforms planned on IoT/M2M ","-","-","-","-","-","-","Revision of law/policies","Revision of law/policies","Revision of law/policies","-","-","-"
"Germany","Is there a billing framework to support charging mechanisms for IoT services and applications?","-","-","-","-","No","No","No","No","No","No","-","-"
"Germany","Significant reforms planned on IoT/M2M ","-","-","-","-","Other","Other","Other","Other","Other","-","-","-"
"Greece","Is there a billing framework to support charging mechanisms for IoT services and applications?","-","-","-","-","No","-","No","No","No","No","No","-"
"Greece","Significant reforms planned on IoT/M2M ","-","-","-","-","Other","-","Other","Other","Other","-","-","-"
"Grenada","Is there a billing framework to support charging mechanisms for IoT services and applications?","-","-","-","-","No","-","-","-","-","-","-","-"
"Grenada","Significant reforms planned on IoT/M2M ","-","-","-","-","Other","-","-","-","-","-","-","-"
"Guatemala","Is there a billing framework to support charging mechanisms for IoT services and applications?","-","-","-","-","No","No","No","No","No","No","No","-"
"Guatemala","Significant reforms planned on IoT/M2M ","-","-","-","-","Revision of law/policies","Nothing, this is managed by operators’ commercial agreements","-","-","-","-","-","-"
"Guinea","Is there a billing framework to support charging mechanisms for IoT services and applications?","-","-","-","-","No","-","No","No","No","No","No","-"
"Guinea","Significant reforms planned on IoT/M2M ","-","-","-","-","-","-","-","Revision of law/policies","Revision of law/policies","Revision of law/policies","Revision of law/policies","-"
"Guinea-Bissau","Is there a billing framework to support charging mechanisms for IoT services and applications?","-","-","-","-","No","No","No","No","No","No","No","-"
"Guinea-Bissau","Significant reforms planned on IoT/M2M ","-","-","-","-","Revision of law/policies","Revision of law/policies","Revision of law/policies, Other","Revision of law/policies, Other","Revision of law/policies, Other","Revision of law/policies, Other","Revision of law/policies, Operators’ obligation on infrastructure investment and network optimization, Other","-"
"Guyana","Is there a billing framework to support charging mechanisms for IoT services and applications?","-","-","-","-","No","No","No","No","-","-","-","-"
"Guyana","Significant reforms planned on IoT/M2M ","-","-","-","-","-","-","-","-","-","-","-","-"
"Haiti","Is there a billing framework to support charging mechanisms for IoT services and applications?","-","-","-","-","No","-","-","-","No","-","-","-"
"Haiti","Significant reforms planned on IoT/M2M ","-","-","-","-","Other","-","-","-","Other","-","-","-"
"Honduras","Is there a billing framework to support charging mechanisms for IoT services and applications?","-","-","-","-","-","No","No","No","No","No","No","-"
"Honduras","Significant reforms planned on IoT/M2M ","-","-","-","-","-","Revision of law/policies","Revision of law/policies, Preparation of a billing framework to support operators","Revision of law/policies, Preparation of a billing framework to support operators","Revision of law/policies","Revision of law/policies","Operators’ obligation on infrastructure investment and network optimization, Revision of law/policies, Preparation of a billing framework to support operators","-"
"Hong Kong, China","Is there a billing framework to support charging mechanisms for IoT services and applications?","-","-","-","-","No","No","No","No","No","No","No","-"
"Hong Kong, China","Significant reforms planned on IoT/M2M ","-","-","-","-","Nothing, this is managed by operators’ commercial agreements","Nothing, this is managed by operators’ commercial agreements","Nothing, this is managed by operators’ commercial agreements","Nothing, this is managed by operators’ commercial agreements","Nothing, this is managed by operators’ commercial agreements","Nothing, this is managed by operators’ commercial agreements","Nothing, this is managed by operators’ commercial agreements","-"
"Hungary","Is there a billing framework to support charging mechanisms for IoT services and applications?","-","-","-","-","-","-","No","No","No","-","-","-"
"Hungary","Significant reforms planned on IoT/M2M ","-","-","-","-","-","-","Nothing, this is managed by operators’ commercial agreements","Nothing, this is managed by operators’ commercial agreements","Nothing, this is managed by operators’ commercial agreements","Nothing, this is managed by operators’ commercial agreements","-","-"
"Iceland","Is there a billing framework to support charging mechanisms for IoT services and applications?","-","-","-","-","No","-","No","No","No","No","No","-"
"Iceland","Significant reforms planned on IoT/M2M ","-","-","-","-","Other","Revision of law/policies","-","-","-","-","-","-"
"India","Is there a billing framework to support charging mechanisms for IoT services and applications?","-","-","-","-","-","-","-","Yes","Yes","Yes","Yes","-"
"India","Significant reforms planned on IoT/M2M ","-","-","-","-","Revision of law/policies, Other","Other","Revision of law/policies, Other","Other","Other, Revision of law/policies","Revision of law/policies, Other","Revision of law/policies","-"
"Indonesia","Is there a billing framework to support charging mechanisms for IoT services and applications?","-","-","-","-","-","-","-","-","-","Yes","Yes","-"
"Indonesia","Significant reforms planned on IoT/M2M ","-","-","-","-","-","-","-","-","-","-","-","-"
"Iran (Islamic Republic of)","Is there a billing framework to support charging mechanisms for IoT services and applications?","-","-","-","-","No","No","-","-","-","-","-","-"
"Iran (Islamic Republic of)","Significant reforms planned on IoT/M2M ","-","-","-","-","Revision of law/policies","Revision of law/policies","-","-","-","-","-","-"
"Iraq","Is there a billing framework to support charging mechanisms for IoT services and applications?","-","-","-","-","-","-","-","-","-","-","Yes","-"
"Iraq","Significant reforms planned on IoT/M2M ","-","-","-","-","-","-","-","-","-","-","Revision of law/policies","-"
"Ireland","Is there a billing framework to support charging mechanisms for IoT services and applications?","-","-","-","-","-","No","No","No","No","No","-","-"
"Ireland","Significant reforms planned on IoT/M2M ","-","-","-","-","-","Nothing, this is managed by operators’ commercial agreements, Other","Other, Nothing, this is managed by operators’ commercial agreements","Other, Nothing, this is managed by operators’ commercial agreements","Nothing, this is managed by operators’ commercial agreements, Other","Other, Nothing, this is managed by operators’ commercial agreements","Nothing, this is managed by operators’ commercial agreements","-"
"Israel","Is there a billing framework to support charging mechanisms for IoT services and applications?","-","-","-","-","-","-","-","No","No","No","-","-"
"Israel","Significant reforms planned on IoT/M2M ","-","-","-","-","-","-","-","Nothing, this is managed by operators’ commercial agreements","Nothing, this is managed by operators’ commercial agreements","Other","-","-"
"Italy","Is there a billing framework to support charging mechanisms for IoT services and applications?","-","-","-","-","No","No","-","No","-","-","-","-"
"Italy","Significant reforms planned on IoT/M2M ","-","-","-","-","Other","Other","-","Other","-","-","-","-"
"Japan","Is there a billing framework to support charging mechanisms for IoT services and applications?","-","-","-","-","-","No","No","No","No","No","No","-"
"Japan","Significant reforms planned on IoT/M2M ","-","-","-","-","Nothing, this is managed by operators’ commercial agreements","Nothing, this is managed by operators’ commercial agreements","Nothing, this is managed by operators’ commercial agreements","-","Nothing, this is managed by operators’ commercial agreements","Nothing, this is managed by operators’ commercial agreements","Nothing, this is managed by operators’ commercial agreements","-"
"Jordan","Is there a billing framework to support charging mechanisms for IoT services and applications?","-","-","-","-","No","No","-","No","Yes","Yes","Yes","-"
"Jordan","Significant reforms planned on IoT/M2M ","-","-","-","-","Revision of law/policies","Nothing, this is managed by operators’ commercial agreements","-","Nothing, this is managed by operators’ commercial agreements","Revision of law/policies","Revision of law/policies","Revision of law/policies","-"
"Kazakhstan","Is there a billing framework to support charging mechanisms for IoT services and applications?","-","-","-","-","-","-","-","-","-","Yes","-","-"
"Kazakhstan","Significant reforms planned on IoT/M2M ","-","-","-","-","-","-","-","-","-","Other","-","-"
"Kenya","Is there a billing framework to support charging mechanisms for IoT services and applications?","-","-","-","-","-","No","-","No","-","-","-","-"
"Kenya","Significant reforms planned on IoT/M2M ","-","-","-","-","-","Revision of law/policies, Operators’ obligation on infrastructure investment and network optimization","-","Nothing, this is managed by operators’ commercial agreements","-","-","-","-"
"Korea (Rep. of)","Is there a billing framework to support charging mechanisms for IoT services and applications?","-","-","-","-","-","No","No","-","-","-","-","-"
"Korea (Rep. of)","Significant reforms planned on IoT/M2M ","-","-","-","-","-","Nothing, this is managed by operators’ commercial agreements","Nothing, this is managed by operators’ commercial agreements","-","-","-","-","-"
"Kuwait","Is there a billing framework to support charging mechanisms for IoT services and applications?","-","-","-","-","No","No","-","No","No","No","No","-"
"Kuwait","Significant reforms planned on IoT/M2M ","-","-","-","-","Revision of law/policies, Operators’ obligation on infrastructure investment and network optimization","Other, Revision of law/policies","-","Preparation of a billing framework to support operators, Price control of IoT services, Revision of law/policies","Revision of law/policies, Price control of IoT services, Preparation of a billing framework to support operators","Revision of law/policies, Preparation of a billing framework to support operators, Price control of IoT services","Revision of law/policies, Preparation of a billing framework to support operators, Price control of IoT services","-"
"Kyrgyzstan","Is there a billing framework to support charging mechanisms for IoT services and applications?","-","-","-","-","-","No","-","-","-","No","-","-"
"Kyrgyzstan","Significant reforms planned on IoT/M2M ","-","-","-","-","-","Revision of law/policies, Preparation of a billing framework to support operators","-","-","-","-","-","-"
"Lao P.D.R.","Is there a billing framework to support charging mechanisms for IoT services and applications?","-","-","-","-","-","-","-","Yes","Yes","-","-","-"
"Lao P.D.R.","Significant reforms planned on IoT/M2M ","-","-","-","-","-","-","-","Revision of law/policies, Price control of IoT services","Revision of law/policies, Price control of IoT services","-","-","-"
"Latvia","Is there a billing framework to support charging mechanisms for IoT services and applications?","-","-","-","-","No","-","-","-","-","-","-","-"
"Latvia","Significant reforms planned on IoT/M2M ","-","-","-","-","Nothing, this is managed by operators’ commercial agreements","-","-","-","-","-","-","-"
"Lebanon","Is there a billing framework to support charging mechanisms for IoT services and applications?","-","-","-","-","-","-","-","No","-","-","-","-"
"Lebanon","Significant reforms planned on IoT/M2M ","-","-","-","-","-","-","-","-","-","-","-","-"
"Lesotho","Is there a billing framework to support charging mechanisms for IoT services and applications?","-","-","-","-","No","No","No","No","-","No","-","-"
"Lesotho","Significant reforms planned on IoT/M2M ","-","-","-","-","Other","Other","-","Nothing, this is managed by operators’ commercial agreements","-","Revision of law/policies","-","-"
"Liberia","Is there a billing framework to support charging mechanisms for IoT services and applications?","-","-","-","-","No","-","-","No","No","No","-","-"
"Liberia","Significant reforms planned on IoT/M2M ","-","-","-","-","Nothing, this is managed by operators’ commercial agreements","-","-","Nothing, this is managed by operators’ commercial agreements","Nothing, this is managed by operators’ commercial agreements","-","-","-"
"Liechtenstein","Is there a billing framework to support charging mechanisms for IoT services and applications?","-","-","-","-","No","No","No","No","No","No","No","-"
"Liechtenstein","Significant reforms planned on IoT/M2M ","-","-","-","-","Nothing, this is managed by operators’ commercial agreements","Nothing, this is managed by operators’ commercial agreements","Nothing, this is managed by operators’ commercial agreements","Nothing, this is managed by operators’ commercial agreements","Nothing, this is managed by operators’ commercial agreements","Nothing, this is managed by operators’ commercial agreements","Nothing, this is managed by operators’ commercial agreements","-"
"Lithuania","Is there a billing framework to support charging mechanisms for IoT services and applications?","-","-","-","-","No","-","No","No","No","No","No","-"
"Lithuania","Significant reforms planned on IoT/M2M ","-","-","-","-","Nothing, this is managed by operators’ commercial agreements","Nothing, this is managed by operators’ commercial agreements","Nothing, this is managed by operators’ commercial agreements","Nothing, this is managed by operators’ commercial agreements","Nothing, this is managed by operators’ commercial agreements","Nothing, this is managed by operators’ commercial agreements","Nothing, this is managed by operators’ commercial agreements","-"
"Madagascar","Is there a billing framework to support charging mechanisms for IoT services and applications?","-","-","-","-","No","No","-","-","No","No","No","-"
"Madagascar","Significant reforms planned on IoT/M2M ","-","-","-","-","Nothing, this is managed by operators’ commercial agreements","-","-","-","Revision of law/policies","Revision of law/policies","Price control of IoT services, Revision of law/policies","-"
"Malawi","Is there a billing framework to support charging mechanisms for IoT services and applications?","-","-","-","-","No","No","-","No","-","-","-","-"
"Malawi","Significant reforms planned on IoT/M2M ","-","-","-","-","Other","Other","-","Revision of law/policies, Price control of IoT services, Operators’ obligation on infrastructure investment and network optimization","-","-","-","-"
"Malaysia","Is there a billing framework to support charging mechanisms for IoT services and applications?","-","-","-","-","No","-","-","-","No","No","-","-"
"Malaysia","Significant reforms planned on IoT/M2M ","-","-","-","-","Nothing, this is managed by operators’ commercial agreements","-","-","Nothing, this is managed by operators’ commercial agreements","Nothing, this is managed by operators’ commercial agreements","-","-","-"
"Maldives","Is there a billing framework to support charging mechanisms for IoT services and applications?","-","-","-","-","-","-","-","-","-","-","-","-"
"Maldives","Significant reforms planned on IoT/M2M ","-","-","-","-","-","-","-","-","Price control of IoT services","-","Price control of IoT services, Operators’ obligation on infrastructure investment and network optimization","-"
"Mali","Is there a billing framework to support charging mechanisms for IoT services and applications?","-","-","-","-","No","No","No","-","No","No","-","-"
"Mali","Significant reforms planned on IoT/M2M ","-","-","-","-","Other","Operators’ obligation on infrastructure investment and network optimization, Revision of law/policies","Nothing, this is managed by operators’ commercial agreements","-","Operators’ obligation on infrastructure investment and network optimization","Operators’ obligation on infrastructure investment and network optimization, Revision of law/policies","-","-"
"Malta","Is there a billing framework to support charging mechanisms for IoT services and applications?","-","-","-","-","No","-","-","-","No","No","No","-"
"Malta","Significant reforms planned on IoT/M2M ","-","-","-","-","-","-","-","-","-","-","-","-"
"Mauritania","Is there a billing framework to support charging mechanisms for IoT services and applications?","-","-","-","-","No","No","-","-","-","-","-","-"
"Mauritania","Significant reforms planned on IoT/M2M ","-","-","-","-","-","-","-","-","-","-","-","-"
"Mauritius","Is there a billing framework to support charging mechanisms for IoT services and applications?","-","-","-","-","No","No","No","No","No","No","No","-"
"Mauritius","Significant reforms planned on IoT/M2M ","-","-","-","-","Other","Nothing, this is managed by operators’ commercial agreements","Nothing, this is managed by operators’ commercial agreements","Nothing, this is managed by operators’ commercial agreements","Nothing, this is managed by operators’ commercial agreements","Nothing, this is managed by operators’ commercial agreements","Nothing, this is managed by operators’ commercial agreements","-"
"Mexico","Is there a billing framework to support charging mechanisms for IoT services and applications?","-","-","-","-","-","No","-","No","No","No","No","-"
"Mexico","Significant reforms planned on IoT/M2M ","-","-","-","-","-","Revision of law/policies","-","-","-","-","-","-"
"Moldova","Is there a billing framework to support charging mechanisms for IoT services and applications?","-","-","-","-","No","No","-","No","No","No","No","-"
"Moldova","Significant reforms planned on IoT/M2M ","-","-","-","-","Nothing, this is managed by operators’ commercial agreements","-","-","-","-","Nothing, this is managed by operators’ commercial agreements","Nothing, this is managed by operators’ commercial agreements","-"
"Mongolia","Is there a billing framework to support charging mechanisms for IoT services and applications?","-","-","-","-","No","No","No","No","No","-","No","-"
"Mongolia","Significant reforms planned on IoT/M2M ","-","-","-","-","Revision of law/policies","Nothing, this is managed by operators’ commercial agreements","Revision of law/policies","Revision of law/policies","Revision of law/policies","-","Revision of law/policies","-"
"Montenegro","Is there a billing framework to support charging mechanisms for IoT services and applications?","-","-","-","-","No","No","No","No","No","No","No","-"
"Montenegro","Significant reforms planned on IoT/M2M ","-","-","-","-","Other","-","-","-","-","-","-","-"
"Mozambique","Is there a billing framework to support charging mechanisms for IoT services and applications?","-","-","-","-","-","No","No","No","-","-","-","-"
"Mozambique","Significant reforms planned on IoT/M2M ","-","-","-","-","-","Revision of law/policies, Preparation of a billing framework to support operators, Price control of IoT services","Nothing, this is managed by operators’ commercial agreements","Nothing, this is managed by operators’ commercial agreements","-","-","-","-"
"Myanmar","Is there a billing framework to support charging mechanisms for IoT services and applications?","-","-","-","-","No","-","-","-","No","No","No","-"
"Myanmar","Significant reforms planned on IoT/M2M ","-","-","-","-","-","-","-","-","-","-","-","-"
"Namibia","Is there a billing framework to support charging mechanisms for IoT services and applications?","-","-","-","-","No","No","-","No","No","No","No","-"
"Namibia","Significant reforms planned on IoT/M2M ","-","-","-","-","-","Price control of IoT services","-","Nothing, this is managed by operators’ commercial agreements","Nothing, this is managed by operators’ commercial agreements","Nothing, this is managed by operators’ commercial agreements","Nothing, this is managed by operators’ commercial agreements","-"
"Nepal (Republic of)","Is there a billing framework to support charging mechanisms for IoT services and applications?","-","-","-","-","No","-","No","No","No","-","-","-"
"Nepal (Republic of)","Significant reforms planned on IoT/M2M ","-","-","-","-","Nothing, this is managed by operators’ commercial agreements","-","Operators’ obligation on infrastructure investment and network optimization, Revision of law/policies","Revision of law/policies","Revision of law/policies","-","-","-"
"Netherlands","Is there a billing framework to support charging mechanisms for IoT services and applications?","-","-","-","-","-","-","-","No","-","-","-","-"
"Netherlands","Significant reforms planned on IoT/M2M ","-","-","-","-","-","-","-","Nothing, this is managed by operators’ commercial agreements","-","-","-","-"
"New Zealand","Is there a billing framework to support charging mechanisms for IoT services and applications?","-","-","-","-","No","No","No","No","No","No","No","-"
"New Zealand","Significant reforms planned on IoT/M2M ","-","-","-","-","Other","-","Nothing, this is managed by operators’ commercial agreements","Nothing, this is managed by operators’ commercial agreements","Nothing, this is managed by operators’ commercial agreements","Nothing, this is managed by operators’ commercial agreements","Nothing, this is managed by operators’ commercial agreements","-"
"Nicaragua","Is there a billing framework to support charging mechanisms for IoT services and applications?","-","-","-","-","-","-","-","Yes","Yes","No","No","-"
"Nicaragua","Significant reforms planned on IoT/M2M ","-","-","-","-","-","-","-","Revision of law/policies, Other","Revision of law/policies, Other","Revision of law/policies, Other","Other, Revision of law/policies","-"
"Nigeria","Is there a billing framework to support charging mechanisms for IoT services and applications?","-","-","-","-","-","No","-","-","-","-","-","-"
"Nigeria","Significant reforms planned on IoT/M2M ","-","-","-","-","-","Operators’ obligation on infrastructure investment and network optimization","-","-","-","-","-","-"
"Norway","Is there a billing framework to support charging mechanisms for IoT services and applications?","-","-","-","-","No","-","-","-","-","-","-","-"
"Norway","Significant reforms planned on IoT/M2M ","-","-","-","-","-","-","Nothing, this is managed by operators’ commercial agreements","Nothing, this is managed by operators’ commercial agreements","Nothing, this is managed by operators’ commercial agreements","Nothing, this is managed by operators’ commercial agreements","Nothing, this is managed by operators’ commercial agreements","-"
"Oman","Is there a billing framework to support charging mechanisms for IoT services and applications?","-","-","-","-","No","No","No","No","No","No","No","-"
"Oman","Significant reforms planned on IoT/M2M ","-","-","-","-","-","Revision of law/policies","-","-","Operators’ obligation on infrastructure investment and network optimization","Operators’ obligation on infrastructure investment and network optimization","Operators’ obligation on infrastructure investment and network optimization","-"
"Pakistan","Is there a billing framework to support charging mechanisms for IoT services and applications?","-","-","-","-","-","-","-","Yes","Yes","-","-","-"
"Pakistan","Significant reforms planned on IoT/M2M ","-","-","-","-","-","Revision of law/policies","Revision of law/policies, Other","Other","Other","-","-","-"
"Panama","Is there a billing framework to support charging mechanisms for IoT services and applications?","-","-","-","-","-","No","-","-","-","-","-","-"
"Panama","Significant reforms planned on IoT/M2M ","-","-","-","-","-","-","-","-","-","Nothing, this is managed by operators’ commercial agreements","-","-"
"Paraguay","Is there a billing framework to support charging mechanisms for IoT services and applications?","-","-","-","-","No","No","-","No","-","No","-","-"
"Paraguay","Significant reforms planned on IoT/M2M ","-","-","-","-","Revision of law/policies","-","-","Revision of law/policies, Preparation of a billing framework to support operators","-","Nothing, this is managed by operators’ commercial agreements","-","-"
"Peru","Is there a billing framework to support charging mechanisms for IoT services and applications?","-","-","-","-","No","-","-","-","-","No","No","-"
"Peru","Significant reforms planned on IoT/M2M ","-","-","-","-","-","-","-","Other","-","-","Nothing, this is managed by operators’ commercial agreements","-"
"Poland","Is there a billing framework to support charging mechanisms for IoT services and applications?","-","-","-","-","-","-","-","-","-","-","-","-"
"Poland","Significant reforms planned on IoT/M2M ","-","-","-","-","-","-","-","Other","-","-","-","-"
"Portugal","Is there a billing framework to support charging mechanisms for IoT services and applications?","-","-","-","-","-","-","-","No","No","No","No","-"
"Portugal","Significant reforms planned on IoT/M2M ","-","-","-","-","Revision of law/policies, Other","-","Other","Other","Nothing, this is managed by operators’ commercial agreements","Nothing, this is managed by operators’ commercial agreements","Nothing, this is managed by operators’ commercial agreements","-"
"Qatar","Is there a billing framework to support charging mechanisms for IoT services and applications?","-","-","-","-","Yes","Yes","No","No","No","No","No","-"
"Qatar","Significant reforms planned on IoT/M2M ","-","-","-","-","Revision of law/policies, Preparation of a billing framework to support operators","Revision of law/policies, Other","Revision of law/policies","Revision of law/policies","Revision of law/policies","Revision of law/policies","Revision of law/policies","-"
"Romania","Is there a billing framework to support charging mechanisms for IoT services and applications?","-","-","-","-","-","-","-","-","-","-","No","-"
"Romania","Significant reforms planned on IoT/M2M ","-","-","-","-","-","-","-","-","-","-","-","-"
"Russian Federation","Is there a billing framework to support charging mechanisms for IoT services and applications?","-","-","-","-","Yes","Yes","-","Yes","Yes","Yes","-","-"
"Russian Federation","Significant reforms planned on IoT/M2M ","-","-","-","-","-","Nothing, this is managed by operators’ commercial agreements","Nothing, this is managed by operators’ commercial agreements","Nothing, this is managed by operators’ commercial agreements","Nothing, this is managed by operators’ commercial agreements","Nothing, this is managed by operators’ commercial agreements","-","-"
"Rwanda","Is there a billing framework to support charging mechanisms for IoT services and applications?","-","-","-","-","No","No","No","No","-","No","No","-"
"Rwanda","Significant reforms planned on IoT/M2M ","-","-","-","-","Nothing, this is managed by operators’ commercial agreements","Nothing, this is managed by operators’ commercial agreements","Nothing, this is managed by operators’ commercial agreements","Nothing, this is managed by operators’ commercial agreements","-","Nothing, this is managed by operators’ commercial agreements","Nothing, this is managed by operators’ commercial agreements","-"
"Saint Lucia","Is there a billing framework to support charging mechanisms for IoT services and applications?","-","-","-","-","No","No","No","No","No","No","No","-"
"Saint Lucia","Significant reforms planned on IoT/M2M ","-","-","-","-","-","Revision of law/policies","-","-","-","-","-","-"
"Saint Vincent and the Grenadines","Is there a billing framework to support charging mechanisms for IoT services and applications?","-","-","-","-","No","No","-","No","No","No","No","-"
"Saint Vincent and the Grenadines","Significant reforms planned on IoT/M2M ","-","-","-","-","Revision of law/policies","-","-","-","-","-","-","-"
"Samoa","Is there a billing framework to support charging mechanisms for IoT services and applications?","-","-","-","-","No","No","-","No","No","No","No","-"
"Samoa","Significant reforms planned on IoT/M2M ","-","-","-","-","Nothing, this is managed by operators’ commercial agreements","-","-","-","-","-","Preparation of a billing framework to support operators, Price control of IoT services, Operators’ obligation on infrastructure investment and network optimization","-"
"Sao Tome and Principe","Is there a billing framework to support charging mechanisms for IoT services and applications?","-","-","-","-","-","No","-","No","No","-","-","-"
"Sao Tome and Principe","Significant reforms planned on IoT/M2M ","-","-","-","-","-","Nothing, this is managed by operators’ commercial agreements","-","-","-","-","-","-"
"Saudi Arabia","Is there a billing framework to support charging mechanisms for IoT services and applications?","-","-","-","-","No","No","No","No","Yes","Yes","-","-"
"Saudi Arabia","Significant reforms planned on IoT/M2M ","-","-","-","-","Revision of law/policies","Revision of law/policies","Revision of law/policies, Price control of IoT services","Revision of law/policies","Operators’ obligation on infrastructure investment and network optimization, Revision of law/policies","Operators’ obligation on infrastructure investment and network optimization, Revision of law/policies","-","-"
"Senegal","Is there a billing framework to support charging mechanisms for IoT services and applications?","-","-","-","-","-","-","No","No","No","No","No","-"
"Senegal","Significant reforms planned on IoT/M2M ","-","-","-","-","-","-","Nothing, this is managed by operators’ commercial agreements","-","-","-","-","-"
"Serbia","Is there a billing framework to support charging mechanisms for IoT services and applications?","-","-","-","-","No","No","No","-","-","-","-","-"
"Serbia","Significant reforms planned on IoT/M2M ","-","-","-","-","Revision of law/policies","Revision of law/policies","Nothing, this is managed by operators’ commercial agreements","-","-","-","-","-"
"Seychelles","Is there a billing framework to support charging mechanisms for IoT services and applications?","-","-","-","-","-","-","-","-","-","No","No","-"
"Seychelles","Significant reforms planned on IoT/M2M ","-","-","-","-","-","-","-","-","-","-","-","-"
"Sierra Leone","Is there a billing framework to support charging mechanisms for IoT services and applications?","-","-","-","-","-","-","-","No","No","-","-","-"
"Sierra Leone","Significant reforms planned on IoT/M2M ","-","-","-","-","-","-","-","Revision of law/policies, Preparation of a billing framework to support operators, Price control of IoT services, Operators’ obligation on infrastructure investment and network optimization","Revision of law/policies, Price control of IoT services, Preparation of a billing framework to support operators, Operators’ obligation on infrastructure investment and network optimization","-","-","-"
"Slovakia","Is there a billing framework to support charging mechanisms for IoT services and applications?","-","-","-","-","No","No","No","No","No","No","No","-"
"Slovakia","Significant reforms planned on IoT/M2M ","-","-","-","-","-","Revision of law/policies","Nothing, this is managed by operators’ commercial agreements","Nothing, this is managed by operators’ commercial agreements","Nothing, this is managed by operators’ commercial agreements","Nothing, this is managed by operators’ commercial agreements","Nothing, this is managed by operators’ commercial agreements","-"
"Slovenia","Is there a billing framework to support charging mechanisms for IoT services and applications?","-","-","-","-","No","No","No","No","No","No","No","-"
"Slovenia","Significant reforms planned on IoT/M2M ","-","-","-","-","Other","Nothing, this is managed by operators’ commercial agreements","Revision of law/policies","Revision of law/policies","Revision of law/policies","Revision of law/policies","Revision of law/policies","-"
"Somalia","Is there a billing framework to support charging mechanisms for IoT services and applications?","-","-","-","-","No","No","-","No","-","No","No","-"
"Somalia","Significant reforms planned on IoT/M2M ","-","-","-","-","Revision of law/policies","Operators’ obligation on infrastructure investment and network optimization, Revision of law/policies, Price control of IoT services","-","Revision of law/policies","-","Other","Other","-"
"South Africa","Is there a billing framework to support charging mechanisms for IoT services and applications?","-","-","-","-","No","-","-","No","No","No","No","-"
"South Africa","Significant reforms planned on IoT/M2M ","-","-","-","-","Nothing, this is managed by operators’ commercial agreements","-","-","-","Nothing, this is managed by operators’ commercial agreements","Nothing, this is managed by operators’ commercial agreements","Nothing, this is managed by operators’ commercial agreements","-"
"South Sudan","Is there a billing framework to support charging mechanisms for IoT services and applications?","-","-","-","-","No","No","No","No","No","No","No","-"
"South Sudan","Significant reforms planned on IoT/M2M ","-","-","-","-","-","-","Other","Other","-","-","-","-"
"Spain","Is there a billing framework to support charging mechanisms for IoT services and applications?","-","-","-","-","No","No","No","No","No","No","No","-"
"Spain","Significant reforms planned on IoT/M2M ","-","-","-","-","Nothing, this is managed by operators’ commercial agreements","Revision of law/policies","Revision of law/policies","Revision of law/policies","Revision of law/policies","Revision of law/policies","Revision of law/policies","-"
"Sri Lanka","Is there a billing framework to support charging mechanisms for IoT services and applications?","-","-","-","-","-","-","No","No","No","-","-","-"
"Sri Lanka","Significant reforms planned on IoT/M2M ","-","-","-","-","-","-","-","-","-","-","-","-"
"Sudan","Is there a billing framework to support charging mechanisms for IoT services and applications?","-","-","-","-","No","No","-","-","No","-","-","-"
"Sudan","Significant reforms planned on IoT/M2M ","-","-","-","-","Revision of law/policies, Price control of IoT services, Preparation of a billing framework to support operators","-","-","-","-","-","-","-"
"Suriname","Is there a billing framework to support charging mechanisms for IoT services and applications?","-","-","-","-","No","No","-","-","-","-","-","-"
"Suriname","Significant reforms planned on IoT/M2M ","-","-","-","-","-","-","-","-","-","-","-","-"
"Sweden","Is there a billing framework to support charging mechanisms for IoT services and applications?","-","-","-","-","No","No","No","-","No","-","-","-"
"Sweden","Significant reforms planned on IoT/M2M ","-","-","-","-","Nothing, this is managed by operators’ commercial agreements","Nothing, this is managed by operators’ commercial agreements","Nothing, this is managed by operators’ commercial agreements","-","Nothing, this is managed by operators’ commercial agreements","-","-","-"
"Switzerland","Is there a billing framework to support charging mechanisms for IoT services and applications?","-","-","-","-","No","No","No","No","No","No","No","-"
"Switzerland","Significant reforms planned on IoT/M2M ","-","-","-","-","Nothing, this is managed by operators’ commercial agreements","Nothing, this is managed by operators’ commercial agreements","Nothing, this is managed by operators’ commercial agreements","Nothing, this is managed by operators’ commercial agreements","Nothing, this is managed by operators’ commercial agreements","Nothing, this is managed by operators’ commercial agreements","Nothing, this is managed by operators’ commercial agreements","-"
"Tanzania","Is there a billing framework to support charging mechanisms for IoT services and applications?","-","-","-","-","No","No","-","No","No","No","No","-"
"Tanzania","Significant reforms planned on IoT/M2M ","-","-","-","-","Revision of law/policies","Nothing, this is managed by operators’ commercial agreements","-","Revision of law/policies, Operators’ obligation on infrastructure investment and network optimization","Operators’ obligation on infrastructure investment and network optimization, Revision of law/policies","Operators’ obligation on infrastructure investment and network optimization, Revision of law/policies","Revision of law/policies, Operators’ obligation on infrastructure investment and network optimization","-"
"Thailand","Is there a billing framework to support charging mechanisms for IoT services and applications?","-","-","-","-","-","-","-","-","-","-","-","-"
"Thailand","Significant reforms planned on IoT/M2M ","-","-","-","-","Revision of law/policies","Other","-","-","-","-","-","-"
"Timor-Leste","Is there a billing framework to support charging mechanisms for IoT services and applications?","-","-","-","-","-","-","-","-","-","-","-","-"
"Timor-Leste","Significant reforms planned on IoT/M2M ","-","-","-","-","-","-","Operators’ obligation on infrastructure investment and network optimization","-","-","-","-","-"
"Togo","Is there a billing framework to support charging mechanisms for IoT services and applications?","-","-","-","-","No","No","No","No","No","-","No","-"
"Togo","Significant reforms planned on IoT/M2M ","-","-","-","-","-","-","Operators’ obligation on infrastructure investment and network optimization, Revision of law/policies","Revision of law/policies, Operators’ obligation on infrastructure investment and network optimization","Revision of law/policies, Operators’ obligation on infrastructure investment and network optimization","-","Operators’ obligation on infrastructure investment and network optimization","-"
"Tonga","Is there a billing framework to support charging mechanisms for IoT services and applications?","-","-","-","-","-","No","-","No","No","-","-","-"
"Tonga","Significant reforms planned on IoT/M2M ","-","-","-","-","Operators’ obligation on infrastructure investment and network optimization","-","-","Other","Other","-","-","-"
"Trinidad and Tobago","Is there a billing framework to support charging mechanisms for IoT services and applications?","-","-","-","-","No","No","-","No","No","No","No","-"
"Trinidad and Tobago","Significant reforms planned on IoT/M2M ","-","-","-","-","Nothing, this is managed by operators’ commercial agreements","Nothing, this is managed by operators’ commercial agreements, Revision of law/policies, Other","Other","Other","Other","Other","Other","-"
"Tunisia","Is there a billing framework to support charging mechanisms for IoT services and applications?","-","-","-","-","No","No","No","No","No","No","No","-"
"Tunisia","Significant reforms planned on IoT/M2M ","-","-","-","-","Other","Nothing, this is managed by operators’ commercial agreements","Revision of law/policies, Operators’ obligation on infrastructure investment and network optimization","Operators’ obligation on infrastructure investment and network optimization, Revision of law/policies","Operators’ obligation on infrastructure investment and network optimization, Revision of law/policies","Revision of law/policies, Operators’ obligation on infrastructure investment and network optimization","Operators’ obligation on infrastructure investment and network optimization","-"
"Türkiye","Is there a billing framework to support charging mechanisms for IoT services and applications?","-","-","-","-","-","-","No","-","-","-","-","-"
"Türkiye","Significant reforms planned on IoT/M2M ","-","-","-","-","-","-","Revision of law/policies","-","-","-","-","-"
"Uganda","Is there a billing framework to support charging mechanisms for IoT services and applications?","-","-","-","-","No","No","No","No","No","No","-","-"
"Uganda","Significant reforms planned on IoT/M2M ","-","-","-","-","Revision of law/policies","-","Revision of law/policies, Preparation of a billing framework to support operators, Operators’ obligation on infrastructure investment and network optimization","Revision of law/policies, Preparation of a billing framework to support operators, Operators’ obligation on infrastructure investment and network optimization","Operators’ obligation on infrastructure investment and network optimization, Preparation of a billing framework to support operators, Revision of law/policies","Operators’ obligation on infrastructure investment and network optimization, Revision of law/policies, Preparation of a billing framework to support operators","-","-"
"Ukraine","Is there a billing framework to support charging mechanisms for IoT services and applications?","-","-","-","-","No","-","-","-","-","-","-","-"
"Ukraine","Significant reforms planned on IoT/M2M ","-","-","-","-","Nothing, this is managed by operators’ commercial agreements, Revision of law/policies","-","-","-","-","-","-","-"
"United Arab Emirates","Is there a billing framework to support charging mechanisms for IoT services and applications?","-","-","-","-","-","No","-","-","No","No","No","-"
"United Arab Emirates","Significant reforms planned on IoT/M2M ","-","-","-","-","-","Other","-","-","Revision of law/policies","Revision of law/policies","Revision of law/policies","-"
"United Kingdom","Is there a billing framework to support charging mechanisms for IoT services and applications?","-","-","-","-","No","-","-","No","-","-","-","-"
"United Kingdom","Significant reforms planned on IoT/M2M ","-","-","-","-","Nothing, this is managed by operators’ commercial agreements","-","-","Nothing, this is managed by operators’ commercial agreements","-","-","-","-"
"Uruguay","Is there a billing framework to support charging mechanisms for IoT services and applications?","-","-","-","-","No","-","-","No","No","No","-","-"
"Uruguay","Significant reforms planned on IoT/M2M ","-","-","-","-","-","-","-","Nothing, this is managed by operators’ commercial agreements","Nothing, this is managed by operators’ commercial agreements","Nothing, this is managed by operators’ commercial agreements","-","-"
"Uzbekistan","Is there a billing framework to support charging mechanisms for IoT services and applications?","-","-","-","-","No","No","-","-","Yes","Yes","Yes","-"
"Uzbekistan","Significant reforms planned on IoT/M2M ","-","-","-","-","Preparation of a billing framework to support operators, Revision of law/policies, Operators’ obligation on infrastructure investment and network optimization","Revision of law/policies","-","-","Nothing, this is managed by operators’ commercial agreements, Revision of law/policies","Revision of law/policies, Nothing, this is managed by operators’ commercial agreements","Revision of law/policies, Nothing, this is managed by operators’ commercial agreements","-"
"Vanuatu","Is there a billing framework to support charging mechanisms for IoT services and applications?","-","-","-","-","No","-","-","-","-","-","-","-"
"Vanuatu","Significant reforms planned on IoT/M2M ","-","-","-","-","-","-","-","-","-","-","-","-"
"Venezuela","Is there a billing framework to support charging mechanisms for IoT services and applications?","-","-","-","-","No","-","-","-","-","Yes","-","-"
"Venezuela","Significant reforms planned on IoT/M2M ","-","-","-","-","-","-","-","-","-","Revision of law/policies","-","-"
"Viet Nam","Is there a billing framework to support charging mechanisms for IoT services and applications?","-","-","-","-","No","No","No","No","-","-","-","-"
"Viet Nam","Significant reforms planned on IoT/M2M ","-","-","-","-","Nothing, this is managed by operators’ commercial agreements","-","-","-","-","-","-","-"
"Zambia","Is there a billing framework to support charging mechanisms for IoT services and applications?","-","-","-","-","No","-","No","No","No","No","No","-"
"Zambia","Significant reforms planned on IoT/M2M ","-","-","-","-","-","-","-","-","Nothing, this is managed by operators’ commercial agreements","Nothing, this is managed by operators’ commercial agreements","Nothing, this is managed by operators’ commercial agreements","-"
"Zimbabwe","Is there a billing framework to support charging mechanisms for IoT services and applications?","-","-","-","-","No","No","No","No","No","No","No","-"
"Zimbabwe","Significant reforms planned on IoT/M2M ","-","-","-","-","Operators’ obligation on infrastructure investment and network optimization, Revision of law/policies","Operators’ obligation on infrastructure investment and network optimization, Revision of law/policies, Preparation of a billing framework to support operators, Price control of IoT services","Revision of law/policies","Revision of law/policies","Revision of law/policies","Revision of law/policies","Revision of law/policies","-"