"Economy","Indicator","2014","2015","2016","2017","2018","2019","2020","2021","2022","2023","2024","2025"
"Afghanistan","Infrastructure sharing for mobile practiced","-","-","-","-","Yes","Yes","Yes","Yes","-","-","Yes","-"
"Albania","Infrastructure sharing for mobile practiced","-","Yes","Yes","Yes","-","-","Yes","Yes","Yes","Yes","Yes","-"
"Algeria","Infrastructure sharing for mobile practiced","-","Yes","Yes","Yes","Yes","-","-","Yes","Yes","Yes","Yes","-"
"Andorra","Infrastructure sharing for mobile practiced","-","No","-","-","No","-","-","No","No","No","No","-"
"Angola","Infrastructure sharing for mobile practiced","-","-","-","-","Yes","-","Yes","Yes","-","Yes","Yes","-"
"Argentina","Infrastructure sharing for mobile practiced","-","Yes","Yes","Yes","Yes","Yes","Yes","Yes","Yes","Yes","Yes","-"
"Armenia","Infrastructure sharing for mobile practiced","-","No","No","No","No","No","No","No","No","No","No","-"
"Australia","Infrastructure sharing for mobile practiced","-","Yes","Yes","Yes","Yes","Yes","Yes","Yes","Yes","Yes","Yes","-"
"Austria","Infrastructure sharing for mobile practiced","-","Yes","Yes","Yes","Yes","Yes","Yes","Yes","Yes","Yes","Yes","-"
"Azerbaijan","Infrastructure sharing for mobile practiced","-","Yes","Yes","Yes","Yes","Yes","Yes","-","Yes","Yes","Yes","-"
"Bahamas","Infrastructure sharing for mobile practiced","-","-","-","Yes","Yes","Yes","-","Yes","Yes","Yes","Yes","-"
"Bahrain","Infrastructure sharing for mobile practiced","-","-","-","-","-","-","-","Yes","Yes","Yes","Yes","-"
"Bangladesh","Infrastructure sharing for mobile practiced","-","-","-","-","-","-","-","-","Yes","-","-","-"
"Barbados","Infrastructure sharing for mobile practiced","-","-","-","-","Yes","-","-","-","Yes","Yes","-","-"
"Belarus","Infrastructure sharing for mobile practiced","-","-","Yes","Yes","Yes","-","Yes","Yes","-","Yes","Yes","-"
"Belgium","Infrastructure sharing for mobile practiced","-","Yes","Yes","Yes","-","Yes","Yes","Yes","Yes","Yes","Yes","-"
"Belize","Infrastructure sharing for mobile practiced","-","-","-","-","-","-","-","-","-","Yes","-","-"
"Benin","Infrastructure sharing for mobile practiced","-","Yes","Yes","Yes","-","Yes","Yes","Yes","Yes","Yes","Yes","-"
"Bolivia (Plurinational State of)","Infrastructure sharing for mobile practiced","-","No","Yes","-","-","-","Yes","Yes","Yes","Yes","Yes","-"
"Bosnia and Herzegovina","Infrastructure sharing for mobile practiced","-","Yes","Yes","Yes","-","Yes","Yes","Yes","Yes","Yes","Yes","-"
"Botswana","Infrastructure sharing for mobile practiced","-","Yes","Yes","Yes","-","Yes","Yes","Yes","Yes","Yes","Yes","-"
"Brazil","Infrastructure sharing for mobile practiced","-","Yes","-","Yes","Yes","Yes","Yes","Yes","Yes","-","-","-"
"Brunei Darussalam","Infrastructure sharing for mobile practiced","-","Yes","Yes","Yes","Yes","Yes","No","No","No","No","No","-"
"Bulgaria","Infrastructure sharing for mobile practiced","-","Yes","Yes","Yes","Yes","Yes","Yes","Yes","Yes","Yes","Yes","-"
"Burkina Faso","Infrastructure sharing for mobile practiced","-","Yes","Yes","Yes","Yes","Yes","Yes","Yes","Yes","Yes","-","-"
"Burundi","Infrastructure sharing for mobile practiced","-","Yes","-","-","No","Yes","Yes","Yes","Yes","Yes","Yes","-"
"Cabo Verde","Infrastructure sharing for mobile practiced","-","Yes","-","No","-","No","No","No","-","-","Yes","-"
"Cambodia","Infrastructure sharing for mobile practiced","-","Yes","Yes","Yes","Yes","Yes","Yes","Yes","Yes","Yes","Yes","-"
"Cameroon","Infrastructure sharing for mobile practiced","-","-","-","Yes","Yes","-","-","Yes","Yes","-","-","-"
"Canada","Infrastructure sharing for mobile practiced","-","Yes","Yes","Yes","-","-","Yes","-","Yes","-","Yes","-"
"Chile","Infrastructure sharing for mobile practiced","-","Yes","Yes","Yes","Yes","Yes","Yes","Yes","Yes","Yes","Yes","-"
"China","Infrastructure sharing for mobile practiced","-","Yes","Yes","Yes","-","-","-","Yes","Yes","Yes","-","-"
"Colombia","Infrastructure sharing for mobile practiced","-","Yes","Yes","Yes","Yes","Yes","Yes","Yes","Yes","Yes","Yes","-"
"Congo (Rep. of the)","Infrastructure sharing for mobile practiced","-","-","-","Yes","Yes","Yes","Yes","Yes","Yes","Yes","Yes","-"
"Costa Rica","Infrastructure sharing for mobile practiced","-","Yes","Yes","Yes","Yes","Yes","Yes","Yes","Yes","Yes","Yes","-"
"Croatia","Infrastructure sharing for mobile practiced","-","Yes","Yes","-","Yes","Yes","Yes","Yes","Yes","Yes","Yes","-"
"Cuba","Infrastructure sharing for mobile practiced","-","-","Yes","Yes","Yes","Yes","Yes","Yes","Yes","Yes","Yes","-"
"Cyprus","Infrastructure sharing for mobile practiced","-","Yes","Yes","Yes","Yes","Yes","Yes","Yes","Yes","Yes","Yes","-"
"Czech Republic","Infrastructure sharing for mobile practiced","-","-","Yes","Yes","Yes","Yes","Yes","Yes","Yes","Yes","Yes","-"
"Côte d'Ivoire","Infrastructure sharing for mobile practiced","-","Yes","Yes","Yes","Yes","Yes","Yes","Yes","Yes","-","-","-"
"Dem. Rep. of the Congo","Infrastructure sharing for mobile practiced","-","Yes","Yes","Yes","Yes","Yes","Yes","Yes","Yes","Yes","Yes","-"
"Djibouti","Infrastructure sharing for mobile practiced","-","-","-","-","No","-","-","-","-","-","-","-"
"Dominica","Infrastructure sharing for mobile practiced","-","-","-","-","-","-","-","-","-","-","Yes","-"
"Dominican Rep.","Infrastructure sharing for mobile practiced","-","-","-","Yes","Yes","Yes","Yes","Yes","Yes","Yes","Yes","-"
"Ecuador","Infrastructure sharing for mobile practiced","-","-","-","-","Yes","Yes","-","Yes","Yes","Yes","-","-"
"Egypt","Infrastructure sharing for mobile practiced","-","-","-","-","-","-","Yes","Yes","-","Yes","Yes","-"
"El Salvador","Infrastructure sharing for mobile practiced","-","No","No","-","-","No","No","Yes","Yes","Yes","-","-"
"Equatorial Guinea","Infrastructure sharing for mobile practiced","-","-","-","No","-","-","-","Yes","Yes","Yes","-","-"
"Eritrea","Infrastructure sharing for mobile practiced","-","-","-","-","-","-","-","No","-","-","-","-"
"Estonia","Infrastructure sharing for mobile practiced","-","-","Yes","Yes","-","-","No","No","-","-","-","-"
"Eswatini","Infrastructure sharing for mobile practiced","-","-","-","Yes","Yes","Yes","Yes","Yes","Yes","Yes","Yes","-"
"Ethiopia","Infrastructure sharing for mobile practiced","-","-","No","-","-","-","-","-","-","-","-","-"
"Fiji","Infrastructure sharing for mobile practiced","-","-","-","-","-","-","-","Yes","Yes","-","-","-"
"Finland","Infrastructure sharing for mobile practiced","-","-","Yes","Yes","-","-","-","Yes","Yes","Yes","Yes","-"
"France","Infrastructure sharing for mobile practiced","-","-","Yes","Yes","Yes","Yes","Yes","Yes","Yes","Yes","Yes","-"
"Gabon","Infrastructure sharing for mobile practiced","-","Yes","-","-","Yes","Yes","-","Yes","-","Yes","Yes","-"
"Gambia","Infrastructure sharing for mobile practiced","-","-","Yes","Yes","-","-","Yes","Yes","Yes","Yes","Yes","-"
"Georgia","Infrastructure sharing for mobile practiced","-","No","Yes","Yes","-","No","No","No","No","-","-","-"
"Germany","Infrastructure sharing for mobile practiced","-","Yes","Yes","-","Yes","Yes","Yes","Yes","Yes","Yes","-","-"
"Ghana","Infrastructure sharing for mobile practiced","-","-","Yes","Yes","Yes","Yes","Yes","Yes","Yes","Yes","Yes","-"
"Greece","Infrastructure sharing for mobile practiced","-","Yes","Yes","Yes","Yes","Yes","Yes","Yes","Yes","Yes","Yes","-"
"Grenada","Infrastructure sharing for mobile practiced","-","-","-","-","Yes","Yes","-","-","-","-","-","-"
"Guatemala","Infrastructure sharing for mobile practiced","-","-","-","No","Yes","Yes","Yes","Yes","Yes","Yes","Yes","-"
"Guinea","Infrastructure sharing for mobile practiced","-","Yes","-","Yes","Yes","-","Yes","Yes","Yes","Yes","Yes","-"
"Guinea-Bissau","Infrastructure sharing for mobile practiced","-","-","-","-","Yes","Yes","Yes","Yes","Yes","Yes","Yes","-"
"Guyana","Infrastructure sharing for mobile practiced","-","-","-","-","No","No","No","Yes","-","-","-","-"
"Haiti","Infrastructure sharing for mobile practiced","-","Yes","No","No","No","-","-","-","No","-","-","-"
"Honduras","Infrastructure sharing for mobile practiced","-","-","Yes","Yes","-","No","Yes","Yes","Yes","No","No","-"
"Hong Kong, China","Infrastructure sharing for mobile practiced","-","Yes","Yes","Yes","Yes","Yes","Yes","Yes","Yes","Yes","Yes","-"
"Hungary","Infrastructure sharing for mobile practiced","-","-","-","Yes","Yes","Yes","Yes","Yes","Yes","Yes","-","-"
"Iceland","Infrastructure sharing for mobile practiced","-","No","No","-","-","Yes","Yes","Yes","Yes","Yes","Yes","-"
"India","Infrastructure sharing for mobile practiced","-","-","-","-","Yes","Yes","-","-","Yes","Yes","Yes","-"
"Indonesia","Infrastructure sharing for mobile practiced","-","-","-","-","-","-","-","-","-","Yes","Yes","-"
"Iran (Islamic Republic of)","Infrastructure sharing for mobile practiced","-","-","Yes","Yes","Yes","Yes","Yes","Yes","Yes","Yes","Yes","-"
"Iraq","Infrastructure sharing for mobile practiced","-","-","-","-","-","No","No","No","No","No","Yes","-"
"Ireland","Infrastructure sharing for mobile practiced","-","-","Yes","Yes","Yes","Yes","Yes","Yes","Yes","Yes","Yes","-"
"Israel","Infrastructure sharing for mobile practiced","-","-","-","Yes","Yes","Yes","Yes","Yes","Yes","Yes","-","-"
"Italy","Infrastructure sharing for mobile practiced","-","-","-","-","Yes","Yes","-","Yes","-","-","-","-"
"Jamaica","Infrastructure sharing for mobile practiced","-","Yes","Yes","Yes","Yes","Yes","Yes","Yes","Yes","Yes","-","-"
"Japan","Infrastructure sharing for mobile practiced","-","-","Yes","Yes","Yes","Yes","Yes","Yes","Yes","Yes","Yes","-"
"Jordan","Infrastructure sharing for mobile practiced","-","-","-","-","Yes","Yes","-","Yes","Yes","Yes","Yes","-"
"Kazakhstan","Infrastructure sharing for mobile practiced","-","-","-","-","-","-","-","-","-","Yes","-","-"
"Kenya","Infrastructure sharing for mobile practiced","-","Yes","-","-","-","-","-","Yes","-","-","-","-"
"Kiribati","Infrastructure sharing for mobile practiced","-","-","-","-","-","-","-","Yes","-","-","-","-"
"Korea (Rep. of)","Infrastructure sharing for mobile practiced","-","-","-","-","-","Yes","Yes","-","-","-","-","-"
"Kuwait","Infrastructure sharing for mobile practiced","-","-","-","Yes","Yes","Yes","Yes","Yes","Yes","Yes","Yes","-"
"Kyrgyzstan","Infrastructure sharing for mobile practiced","-","-","-","Yes","Yes","Yes","-","-","-","Yes","-","-"
"Lao P.D.R.","Infrastructure sharing for mobile practiced","-","-","-","-","-","-","Yes","Yes","Yes","Yes","-","-"
"Latvia","Infrastructure sharing for mobile practiced","-","Yes","Yes","Yes","Yes","Yes","-","-","-","-","-","-"
"Lebanon","Infrastructure sharing for mobile practiced","-","-","-","-","-","-","-","Yes","-","-","-","-"
"Lesotho","Infrastructure sharing for mobile practiced","-","Yes","Yes","Yes","Yes","Yes","Yes","Yes","-","Yes","-","-"
"Liberia","Infrastructure sharing for mobile practiced","-","-","-","-","Yes","-","-","Yes","Yes","Yes","-","-"
"Libya","Infrastructure sharing for mobile practiced","-","-","-","No","-","-","-","-","-","-","-","-"
"Liechtenstein","Infrastructure sharing for mobile practiced","-","Yes","Yes","Yes","Yes","Yes","Yes","Yes","Yes","Yes","Yes","-"
"Lithuania","Infrastructure sharing for mobile practiced","-","-","Yes","Yes","Yes","Yes","Yes","Yes","Yes","Yes","Yes","-"
"Macao, China","Infrastructure sharing for mobile practiced","-","Yes","Yes","-","-","-","-","-","-","-","-","-"
"Madagascar","Infrastructure sharing for mobile practiced","-","-","Yes","Yes","Yes","Yes","Yes","Yes","Yes","Yes","Yes","-"
"Malawi","Infrastructure sharing for mobile practiced","-","-","Yes","-","-","Yes","-","Yes","-","-","-","-"
"Malaysia","Infrastructure sharing for mobile practiced","-","-","Yes","Yes","Yes","Yes","Yes","Yes","-","Yes","-","-"
"Maldives","Infrastructure sharing for mobile practiced","-","-","-","-","-","-","-","-","Yes","-","Yes","-"
"Mali","Infrastructure sharing for mobile practiced","-","-","Yes","Yes","Yes","Yes","Yes","-","Yes","Yes","-","-"
"Malta","Infrastructure sharing for mobile practiced","-","-","Yes","Yes","Yes","Yes","Yes","Yes","No","No","Yes","-"
"Mauritania","Infrastructure sharing for mobile practiced","-","-","Yes","Yes","Yes","Yes","Yes","-","Yes","-","-","-"
"Mauritius","Infrastructure sharing for mobile practiced","-","-","-","-","Yes","Yes","Yes","Yes","Yes","Yes","Yes","-"
"Mexico","Infrastructure sharing for mobile practiced","-","Yes","Yes","Yes","Yes","-","-","Yes","Yes","Yes","Yes","-"
"Micronesia","Infrastructure sharing for mobile practiced","-","-","-","-","-","-","-","-","-","Yes","-","-"
"Moldova","Infrastructure sharing for mobile practiced","-","-","Yes","Yes","-","Yes","Yes","Yes","Yes","Yes","Yes","-"
"Mongolia","Infrastructure sharing for mobile practiced","-","-","-","-","No","No","Yes","Yes","Yes","Yes","Yes","-"
"Montenegro","Infrastructure sharing for mobile practiced","-","-","Yes","Yes","Yes","Yes","Yes","Yes","Yes","Yes","Yes","-"
"Morocco","Infrastructure sharing for mobile practiced","-","-","Yes","Yes","Yes","Yes","-","-","-","-","-","-"
"Mozambique","Infrastructure sharing for mobile practiced","-","Yes","Yes","Yes","-","Yes","Yes","Yes","-","-","-","-"
"Myanmar","Infrastructure sharing for mobile practiced","-","-","-","Yes","Yes","Yes","Yes","Yes","Yes","Yes","Yes","-"
"Namibia","Infrastructure sharing for mobile practiced","-","Yes","Yes","Yes","Yes","Yes","Yes","Yes","Yes","Yes","Yes","-"
"Nepal (Republic of)","Infrastructure sharing for mobile practiced","-","-","-","No","Yes","-","Yes","Yes","Yes","-","-","-"
"Netherlands","Infrastructure sharing for mobile practiced","-","-","No","-","-","-","-","Yes","-","-","-","-"
"New Zealand","Infrastructure sharing for mobile practiced","-","Yes","-","Yes","Yes","Yes","Yes","Yes","Yes","Yes","Yes","-"
"Nicaragua","Infrastructure sharing for mobile practiced","-","-","Yes","-","-","-","-","Yes","Yes","Yes","Yes","-"
"Nigeria","Infrastructure sharing for mobile practiced","-","-","-","-","-","Yes","-","-","-","-","-","-"
"North Macedonia","Infrastructure sharing for mobile practiced","-","-","-","Yes","Yes","-","-","-","-","-","-","-"
"Norway","Infrastructure sharing for mobile practiced","-","Yes","Yes","Yes","Yes","Yes","Yes","Yes","Yes","Yes","Yes","-"
"Oman","Infrastructure sharing for mobile practiced","-","-","Yes","Yes","Yes","Yes","Yes","Yes","Yes","Yes","Yes","-"
"Pakistan","Infrastructure sharing for mobile practiced","-","-","-","-","-","Yes","Yes","Yes","Yes","-","-","-"
"Panama","Infrastructure sharing for mobile practiced","-","-","Yes","Yes","Yes","Yes","Yes","Yes","Yes","Yes","-","-"
"Papua New Guinea","Infrastructure sharing for mobile practiced","-","-","-","-","No","-","-","-","-","-","-","-"
"Paraguay","Infrastructure sharing for mobile practiced","-","-","Yes","Yes","Yes","-","-","Yes","-","Yes","-","-"
"Peru","Infrastructure sharing for mobile practiced","-","Yes","Yes","Yes","Yes","Yes","Yes","Yes","Yes","Yes","Yes","-"
"Poland","Infrastructure sharing for mobile practiced","-","-","Yes","Yes","Yes","Yes","Yes","Yes","Yes","Yes","Yes","-"
"Portugal","Infrastructure sharing for mobile practiced","-","-","Yes","Yes","Yes","Yes","-","-","-","Yes","Yes","-"
"Qatar","Infrastructure sharing for mobile practiced","-","-","Yes","Yes","Yes","Yes","Yes","Yes","Yes","Yes","Yes","-"
"Romania","Infrastructure sharing for mobile practiced","-","-","Yes","Yes","Yes","-","Yes","Yes","Yes","Yes","Yes","-"
"Russian Federation","Infrastructure sharing for mobile practiced","-","-","-","Yes","Yes","Yes","Yes","Yes","Yes","Yes","-","-"
"Rwanda","Infrastructure sharing for mobile practiced","-","Yes","Yes","Yes","Yes","Yes","Yes","Yes","-","Yes","Yes","-"
"Saint Lucia","Infrastructure sharing for mobile practiced","-","Yes","Yes","-","-","Yes","Yes","Yes","Yes","Yes","Yes","-"
"Saint Vincent and the Grenadines","Infrastructure sharing for mobile practiced","-","Yes","Yes","Yes","Yes","Yes","Yes","Yes","Yes","Yes","Yes","-"
"Samoa","Infrastructure sharing for mobile practiced","-","-","-","Yes","Yes","Yes","Yes","Yes","Yes","Yes","Yes","-"
"Sao Tome and Principe","Infrastructure sharing for mobile practiced","-","Yes","Yes","Yes","-","No","No","No","No","-","-","-"
"Saudi Arabia","Infrastructure sharing for mobile practiced","-","Yes","Yes","Yes","Yes","Yes","Yes","Yes","Yes","Yes","-","-"
"Senegal","Infrastructure sharing for mobile practiced","-","-","-","Yes","Yes","Yes","Yes","Yes","Yes","Yes","Yes","-"
"Serbia","Infrastructure sharing for mobile practiced","-","Yes","Yes","Yes","Yes","Yes","Yes","-","-","-","-","-"
"Seychelles","Infrastructure sharing for mobile practiced","-","-","Yes","Yes","Yes","Yes","Yes","Yes","Yes","Yes","Yes","-"
"Sierra Leone","Infrastructure sharing for mobile practiced","-","Yes","Yes","-","-","-","-","Yes","Yes","-","-","-"
"Singapore","Infrastructure sharing for mobile practiced","-","No","-","-","-","-","-","-","-","-","-","-"
"Slovakia","Infrastructure sharing for mobile practiced","-","-","Yes","Yes","Yes","Yes","Yes","Yes","Yes","Yes","Yes","-"
"Slovenia","Infrastructure sharing for mobile practiced","-","Yes","Yes","Yes","Yes","Yes","Yes","Yes","Yes","Yes","Yes","-"
"Somalia","Infrastructure sharing for mobile practiced","-","-","-","-","-","Yes","Yes","Yes","-","Yes","Yes","-"
"South Africa","Infrastructure sharing for mobile practiced","-","Yes","-","-","Yes","Yes","-","Yes","Yes","Yes","Yes","-"
"South Sudan","Infrastructure sharing for mobile practiced","-","-","Yes","Yes","Yes","Yes","Yes","Yes","Yes","Yes","Yes","-"
"Spain","Infrastructure sharing for mobile practiced","-","Yes","Yes","Yes","Yes","Yes","Yes","Yes","Yes","Yes","Yes","-"
"Sri Lanka","Infrastructure sharing for mobile practiced","-","-","Yes","Yes","-","-","Yes","Yes","Yes","-","-","-"
"Sudan","Infrastructure sharing for mobile practiced","-","Yes","Yes","-","-","Yes","Yes","Yes","Yes","-","-","-"
"Suriname","Infrastructure sharing for mobile practiced","-","No","No","No","No","No","-","No","No","No","No","-"
"Sweden","Infrastructure sharing for mobile practiced","-","Yes","Yes","Yes","Yes","Yes","Yes","-","Yes","-","-","-"
"Switzerland","Infrastructure sharing for mobile practiced","-","Yes","Yes","Yes","Yes","Yes","Yes","Yes","Yes","Yes","Yes","-"
"Syrian Arab Republic","Infrastructure sharing for mobile practiced","-","-","-","-","No","No","-","-","No","Yes","-","-"
"Tanzania","Infrastructure sharing for mobile practiced","-","Yes","-","Yes","Yes","Yes","-","Yes","Yes","Yes","Yes","-"
"Timor-Leste","Infrastructure sharing for mobile practiced","-","-","-","-","-","-","Yes","-","-","-","-","-"
"Togo","Infrastructure sharing for mobile practiced","-","Yes","Yes","Yes","Yes","Yes","Yes","Yes","Yes","-","Yes","-"
"Tonga","Infrastructure sharing for mobile practiced","-","-","-","-","No","No","-","Yes","Yes","-","-","-"
"Trinidad and Tobago","Infrastructure sharing for mobile practiced","-","Yes","Yes","Yes","Yes","Yes","Yes","Yes","Yes","Yes","Yes","-"
"Tunisia","Infrastructure sharing for mobile practiced","-","Yes","Yes","Yes","Yes","Yes","Yes","Yes","Yes","Yes","Yes","-"
"Tuvalu","Infrastructure sharing for mobile practiced","-","No","-","-","-","-","-","-","-","-","-","-"
"Türkiye","Infrastructure sharing for mobile practiced","-","-","Yes","Yes","Yes","Yes","Yes","Yes","Yes","Yes","Yes","-"
"Uganda","Infrastructure sharing for mobile practiced","-","-","-","Yes","Yes","Yes","Yes","Yes","Yes","Yes","-","-"
"Ukraine","Infrastructure sharing for mobile practiced","-","-","No","Yes","Yes","Yes","Yes","Yes","Yes","Yes","Yes","-"
"United Arab Emirates","Infrastructure sharing for mobile practiced","-","Yes","Yes","Yes","Yes","Yes","Yes","Yes","Yes","Yes","Yes","-"
"United Kingdom","Infrastructure sharing for mobile practiced","-","-","-","-","Yes","-","-","Yes","-","-","-","-"
"United States","Infrastructure sharing for mobile practiced","-","Yes","Yes","Yes","Yes","-","-","Yes","Yes","Yes","Yes","-"
"Uruguay","Infrastructure sharing for mobile practiced","-","-","-","-","Yes","-","-","Yes","Yes","Yes","-","-"
"Uzbekistan","Infrastructure sharing for mobile practiced","-","-","-","-","Yes","Yes","-","-","Yes","Yes","Yes","-"
"Vanuatu","Infrastructure sharing for mobile practiced","-","-","-","Yes","Yes","-","-","-","-","-","-","-"
"Venezuela","Infrastructure sharing for mobile practiced","-","Yes","-","Yes","Yes","Yes","-","-","Yes","Yes","-","-"
"Viet Nam","Infrastructure sharing for mobile practiced","-","Yes","-","Yes","Yes","Yes","Yes","Yes","-","-","-","-"
"Yemen","Infrastructure sharing for mobile practiced","-","-","-","-","-","-","-","Yes","-","-","-","-"
"Zambia","Infrastructure sharing for mobile practiced","-","Yes","Yes","Yes","Yes","Yes","Yes","Yes","Yes","Yes","Yes","-"
"Zimbabwe","Infrastructure sharing for mobile practiced","-","Yes","Yes","Yes","Yes","Yes","Yes","Yes","Yes","Yes","Yes","-"