"Economy","Indicator","2014","2015","2016","2017","2018","2019","2020","2021","2022","2023","2024","2025"
"Albania","Do not need the Internet","-","-","-","-","-","23.2922%","24.7653%","23.2022%","32.9005%","52.2316%","-","-"
"Albania","Have access to the Internet elsewhere","-","-","-","-","-","3.10713%","2.15445%","5.21645%","2.62873%","4.28511%","-","-"
"Albania","Cost of the equipment is too high","-","-","-","-","-","25.0903%","23.7921%","25.2258%","43.6586%","54.3197%","-","-"
"Albania","Cost of service is too high","-","-","-","-","-","23.7877%","21.8349%","25.3933%","46.9932%","52.1671%","-","-"
"Albania","Privacy or security concerns","-","-","-","-","-","1.02433%","-","0.306197%","6.77953%","5.9016%","-","-"
"Albania","Internet service is not available in the area","-","-","-","-","-","3.42097%","4.08444%","5.81553%","6.77953%","10.5294%","-","-"
"Albania","Internet service is available but it does not correspond to household needs","-","-","-","-","-","-","-","-","-","-","-","-"
"Albania","Cultural reasons","-","-","-","-","-","-","-","-","-","-","-","-"
"Albania","No electricity in the household","-","-","-","-","-","-","-","-","-","-","-","-"
"Albania","Other reason","-","-","-","-","-","64.9737%","0.414735%","1.66301%","17.572%","21.744%","-","-"
"Algeria","Do not need the Internet","-","-","-","-","45.2124%","-","-","-","-","-","-","-"
"Algeria","Have access to the Internet elsewhere","-","-","-","-","8.13091%","-","-","-","-","-","-","-"
"Algeria","Cost of the equipment is too high","-","-","-","-","60.2199%","-","-","-","-","-","-","-"
"Algeria","Cost of service is too high","-","-","-","-","61.5624%","-","-","-","-","-","-","-"
"Algeria","Privacy or security concerns","-","-","-","-","20.0594%","-","-","-","-","-","-","-"
"Algeria","Internet service is not available in the area","-","-","-","-","26.465%","-","-","-","-","-","-","-"
"Algeria","Internet service is available but it does not correspond to household needs","-","-","-","-","24.0145%","-","-","-","-","-","-","-"
"Algeria","Cultural reasons","-","-","-","-","25.728%","-","-","-","-","-","-","-"
"Algeria","No electricity in the household","-","-","-","-","-","-","-","-","-","-","-","-"
"Algeria","Other reason","-","-","-","-","-","-","-","-","-","-","-","-"
"Armenia","Do not need the Internet","-","-","-","-","-","-","-","-","-","-","-","-"
"Armenia","Have access to the Internet elsewhere","-","-","-","-","-","-","-","-","-","-","-","-"
"Armenia","Cost of the equipment is too high","-","-","-","-","-","-","-","-","-","-","-","-"
"Armenia","Cost of service is too high","-","-","60.2527%","-","-","-","-","-","-","-","-","-"
"Armenia","Privacy or security concerns","-","-","-","-","-","-","-","-","-","-","-","-"
"Armenia","Internet service is not available in the area","-","-","-","-","-","-","-","-","-","-","-","-"
"Armenia","Internet service is available but it does not correspond to household needs","-","-","-","-","-","-","-","-","-","-","-","-"
"Armenia","Cultural reasons","-","-","-","-","-","-","-","-","-","-","-","-"
"Armenia","No electricity in the household","-","-","-","-","-","-","-","-","-","-","-","-"
"Armenia","Other reason","-","-","39.7626%","-","-","-","-","-","-","-","-","-"
"Australia","Do not need the Internet","-","62.4875%","-","-","-","-","-","-","-","-","-","-"
"Australia","Have access to the Internet elsewhere","-","-","-","-","-","-","-","-","-","-","-","-"
"Australia","Cost of the equipment is too high","-","15.7616%","-","-","-","-","-","-","-","-","-","-"
"Australia","Cost of service is too high","-","-","-","-","-","-","-","-","-","-","-","-"
"Australia","Privacy or security concerns","-","3.37248%","-","-","-","-","-","-","-","-","-","-"
"Australia","Internet service is not available in the area","-","-","-","-","-","-","-","-","-","-","-","-"
"Australia","Internet service is available but it does not correspond to household needs","-","-","-","-","-","-","-","-","-","-","-","-"
"Australia","Cultural reasons","-","-","-","-","-","-","-","-","-","-","-","-"
"Australia","No electricity in the household","-","-","-","-","-","-","-","-","-","-","-","-"
"Australia","Other reason","-","10.5412%","-","-","-","-","-","-","-","-","-","-"
"Austria","Do not need the Internet","-","-","78.7018%","80.8059%","-","-","-","-","-","-","-","-"
"Austria","Have access to the Internet elsewhere","-","-","11.6886%","12.1255%","-","-","-","-","-","-","-","-"
"Austria","Cost of the equipment is too high","-","-","11.4507%","9.84845%","-","-","-","-","-","-","-","-"
"Austria","Cost of service is too high","-","-","12.6167%","9.46484%","-","-","-","-","-","-","-","-"
"Austria","Privacy or security concerns","-","-","5.2034%","9.69819%","-","-","-","-","-","-","-","-"
"Austria","Internet service is not available in the area","-","-","2.12558%","1.04493%","-","-","-","-","-","-","-","-"
"Austria","Internet service is available but it does not correspond to household needs","-","-","-","-","-","-","-","-","-","-","-","-"
"Austria","Cultural reasons","-","-","-","-","-","-","-","-","-","-","-","-"
"Austria","No electricity in the household","-","-","-","-","-","-","-","-","-","-","-","-"
"Austria","Other reason","-","-","3.37801%","4.56075%","-","-","-","-","-","-","-","-"
"Azerbaijan","Do not need the Internet","-","-","-","10.7617%","10.7616%","12.3995%","37.3999%","32.1845%","55.8457%","64.5999%","-","-"
"Azerbaijan","Have access to the Internet elsewhere","-","-","-","12.5026%","12.5025%","13.9794%","5.89994%","3.9548%","12.7711%","7.80012%","-","-"
"Azerbaijan","Cost of the equipment is too high","-","-","-","38.1358%","38.1358%","40.7001%","9.79988%","5.9322%","9.63663%","5.29987%","-","-"
"Azerbaijan","Cost of service is too high","-","-","-","7.4579%","7.45796%","8.35788%","11.2999%","7.97794%","11.7265%","4.00017%","-","-"
"Azerbaijan","Privacy or security concerns","-","-","-","4.64887%","4.64886%","5.53695%","3.29988%","1.41353%","3.13485%","2.09981%","-","-"
"Azerbaijan","Internet service is not available in the area","-","-","-","0.850573%","0.850643%","1.80002%","7.60006%","5.04578%","6.8501%","2.99984%","-","-"
"Azerbaijan","Internet service is available but it does not correspond to household needs","-","-","-","1.12754%","1.1276%","1.22492%","6.60006%","2.38655%","3.13485%","1.70014%","-","-"
"Azerbaijan","Cultural reasons","-","-","-","1.93858%","1.93867%","2.58337%","7.60006%","4.84121%","5.57307%","5.00011%","-","-"
"Azerbaijan","No electricity in the household","-","-","-","-","-","-","-","-","-","-","-","-"
"Azerbaijan","Other reason","-","-","-","0.420157%","0.420157%","13.4179%","10.5003%","4.45102%","7.4309%","6.50003%","-","-"
"Bahrain","Do not need the Internet","34.0969%","-","123.364%","28.0113%","90.4698%","60.0559%","-","-","-","-","-","-"
"Bahrain","Have access to the Internet elsewhere","21.4205%","45.9277%","6.15723%","12.0099%","-","-","-","-","-","-","-","-"
"Bahrain","Cost of the equipment is too high","20.9839%","8.88956%","12.3419%","3.99152%","-","19.9721%","-","-","-","-","-","-"
"Bahrain","Cost of service is too high","23.6065%","22.9639%","6.15723%","-","52.3826%","19.9721%","-","-","-","-","-","-"
"Bahrain","Privacy or security concerns","1.3128%","1.47992%","40.1045%","-","23.8255%","-","-","-","-","-","-","-"
"Bahrain","Internet service is not available in the area","-","-","52.4189%","3.99152%","28.557%","-","-","-","-","-","-","-"
"Bahrain","Internet service is available but it does not correspond to household needs","-","1.47992%","6.15723%","-","-","-","-","-","-","-","-","-"
"Bahrain","Cultural reasons","23.6065%","3.70482%","3.07861%","16.0014%","38.0872%","-","-","-","-","-","-","-"
"Bahrain","No electricity in the household","-","-","-","-","-","-","-","-","-","-","-","-"
"Bahrain","Other reason","-","15.5542%","-","60.0141%","-","-","-","-","-","-","-","-"
"Bangladesh","Do not need the Internet","-","-","-","-","-","-","-","64.2617%","-","-","-","-"
"Bangladesh","Have access to the Internet elsewhere","-","-","-","-","-","-","-","7.18304%","-","9.61926%","-","-"
"Bangladesh","Cost of the equipment is too high","-","-","-","-","-","-","-","35.5694%","-","30.9576%","-","-"
"Bangladesh","Cost of service is too high","-","-","-","-","-","-","-","49.0455%","-","39.8107%","-","-"
"Bangladesh","Privacy or security concerns","-","-","-","-","-","-","-","2.70154%","-","3.2647%","-","-"
"Bangladesh","Internet service is not available in the area","-","-","-","-","-","-","-","8.34788%","-","5.03874%","-","-"
"Bangladesh","Internet service is available but it does not correspond to household needs","-","-","-","-","-","-","-","8.04598%","-","7.01381%","-","-"
"Bangladesh","Cultural reasons","-","-","-","-","-","-","-","0.265477%","-","4.33505%","-","-"
"Bangladesh","No electricity in the household","-","-","-","-","-","-","-","0.30705%","-","0.154054%","-","-"
"Bangladesh","Other reason","-","-","-","-","-","-","-","1.43259%","-","1.82962%","-","-"
"Belarus","Do not need the Internet","-","-","-","-","-","-","-","93.6862%","94.3698%","95.9469%","93.1207%","-"
"Belarus","Have access to the Internet elsewhere","-","-","-","-","-","-","-","10.9044%","9.89592%","7.86247%","9.28033%","-"
"Belarus","Cost of the equipment is too high","-","-","-","-","-","-","-","8.21317%","0.979011%","0.832136%","4.02854%","-"
"Belarus","Cost of service is too high","-","-","-","-","-","-","-","3.3435%","2.98787%","2.28966%","3.25616%","-"
"Belarus","Privacy or security concerns","-","-","-","-","-","-","-","1.26773%","1.73291%","1.32775%","4.38939%","-"
"Belarus","Internet service is not available in the area","-","-","-","-","-","-","-","-","0.341223%","0.313983%","0.178803%","-"
"Belarus","Internet service is available but it does not correspond to household needs","-","-","-","-","-","-","-","2.29885%","1.08619%","1.09717%","0.536409%","-"
"Belarus","Cultural reasons","-","-","-","-","-","-","-","3.02864%","3.13604%","2.86804%","6.94089%","-"
"Belarus","No electricity in the household","-","-","-","-","-","-","-","-","-","-","-","-"
"Belarus","Other reason","-","-","-","-","-","-","-","4.9861%","3.81276%","5.80209%","4.77903%","-"
"Belgium","Do not need the Internet","-","-","41.8372%","35.2723%","-","48.2107%","46.1185%","35.3804%","41.5521%","27.1659%","26.9403%","-"
"Belgium","Have access to the Internet elsewhere","-","-","10.9732%","10.6768%","-","11.0082%","10.2844%","10.5516%","7.97332%","21.0754%","18.5573%","-"
"Belgium","Cost of the equipment is too high","-","-","24.6835%","20.511%","-","22.2119%","18.9758%","22.438%","23.4661%","13.8629%","19.0346%","-"
"Belgium","Cost of service is too high","-","-","20.1221%","16.053%","-","17.5014%","16.6433%","20.6055%","22.2047%","17.6851%","15.2775%","-"
"Belgium","Privacy or security concerns","-","-","7.98851%","5.9319%","-","10.6483%","9.51974%","9.2085%","9.08019%","13.814%","11.0543%","-"
"Belgium","Internet service is not available in the area","-","-","0.611939%","0.17307%","-","-","1.11012%","-","-","-","-","-"
"Belgium","Internet service is available but it does not correspond to household needs","-","-","-","-","-","0.216514%","-","-","-","-","-","-"
"Belgium","Cultural reasons","-","-","-","-","-","7.95109%","6.10101%","5.64869%","5.95835%","4.5954%","4.19013%","-"
"Belgium","No electricity in the household","-","-","-","-","-","-","-","-","-","-","-","-"
"Belgium","Other reason","-","-","-","-","-","18.9319%","54.1746%","56.1327%","49.4469%","56.7346%","58.0565%","-"
"Belize","Do not need the Internet","-","-","-","-","-","-","-","25.7316%","-","-","-","-"
"Belize","Have access to the Internet elsewhere","-","-","-","-","-","-","-","-","-","-","-","-"
"Belize","Cost of the equipment is too high","-","-","-","-","-","-","-","-","-","-","-","-"
"Belize","Cost of service is too high","-","-","-","-","-","-","-","42.2445%","-","-","-","-"
"Belize","Privacy or security concerns","-","-","-","-","-","-","-","-","-","-","-","-"
"Belize","Internet service is not available in the area","-","-","-","-","-","-","-","-","-","-","-","-"
"Belize","Internet service is available but it does not correspond to household needs","-","-","-","-","-","-","-","-","-","-","-","-"
"Belize","Cultural reasons","-","-","-","-","-","-","-","-","-","-","-","-"
"Belize","No electricity in the household","-","-","-","-","-","-","-","-","-","-","-","-"
"Belize","Other reason","-","-","-","-","-","-","-","32.0232%","-","-","-","-"
"Bermuda","Do not need the Internet","-","24.9937%","37.4906%","-","-","-","-","-","-","-","-","-"
"Bermuda","Have access to the Internet elsewhere","-","16.6792%","15.6368%","-","-","-","-","-","-","-","-","-"
"Bermuda","Cost of the equipment is too high","-","33.3333%","28.1462%","-","-","-","-","-","-","-","-","-"
"Bermuda","Cost of service is too high","-","41.6729%","28.1462%","-","-","-","-","-","-","-","-","-"
"Bermuda","Privacy or security concerns","-","16.6792%","15.6368%","-","-","-","-","-","-","-","-","-"
"Bermuda","Internet service is not available in the area","-","8.33961%","12.5094%","-","-","-","-","-","-","-","-","-"
"Bermuda","Internet service is available but it does not correspond to household needs","-","16.6792%","37.4906%","-","-","-","-","-","-","-","-","-"
"Bermuda","Cultural reasons","-","8.33961%","12.5094%","-","-","-","-","-","-","-","-","-"
"Bermuda","No electricity in the household","-","-","-","-","-","-","-","-","-","-","-","-"
"Bermuda","Other reason","-","-","-","-","-","-","-","-","-","-","-","-"
"Bhutan","Do not need the Internet","-","-","-","-","-","-","-","19.412%","-","-","-","-"
"Bhutan","Have access to the Internet elsewhere","-","-","-","-","-","-","-","0.251394%","-","-","-","-"
"Bhutan","Cost of the equipment is too high","-","-","-","-","-","-","-","24.6584%","-","-","-","-"
"Bhutan","Cost of service is too high","-","-","-","-","-","-","-","21.3138%","-","-","-","-"
"Bhutan","Privacy or security concerns","-","-","-","-","-","-","-","0.961854%","-","-","-","-"
"Bhutan","Internet service is not available in the area","-","-","-","-","-","-","-","6.47065%","-","-","-","-"
"Bhutan","Internet service is available but it does not correspond to household needs","-","-","-","-","-","-","-","7.5746%","-","-","-","-"
"Bhutan","Cultural reasons","-","-","-","-","-","-","-","1.92371%","-","-","-","-"
"Bhutan","No electricity in the household","-","-","-","-","-","-","-","0.163952%","-","-","-","-"
"Bhutan","Other reason","-","-","-","-","-","-","-","-","-","-","-","-"
"Bosnia and Herzegovina","Do not need the Internet","-","-","45.5384%","50.1002%","-","50.0863%","53.4252%","51.4254%","-","-","-","-"
"Bosnia and Herzegovina","Have access to the Internet elsewhere","-","-","0.648491%","3.81912%","-","7.96872%","8.14043%","9.99696%","-","-","-","-"
"Bosnia and Herzegovina","Cost of the equipment is too high","-","-","16.1539%","26.9146%","-","20.0303%","21.8476%","17.3597%","-","-","-","-"
"Bosnia and Herzegovina","Cost of service is too high","-","-","6.20321%","24.6645%","-","8.38373%","11.5114%","8.00024%","-","-","-","-"
"Bosnia and Herzegovina","Privacy or security concerns","-","-","1.1056%","0.646749%","-","2.86911%","22.4346%","25.3825%","-","-","-","-"
"Bosnia and Herzegovina","Internet service is not available in the area","-","-","1.14829%","2.04832%","-","1.35577%","1.66622%","1.34541%","-","-","-","-"
"Bosnia and Herzegovina","Internet service is available but it does not correspond to household needs","-","-","-","-","-","-","-","1.72258%","-","-","-","-"
"Bosnia and Herzegovina","Cultural reasons","-","-","-","-","-","-","-","-","-","-","-","-"
"Bosnia and Herzegovina","No electricity in the household","-","-","-","-","-","-","-","-","-","-","-","-"
"Bosnia and Herzegovina","Other reason","-","-","9.34518%","47.1307%","-","32.2326%","3.53937%","1.35323%","-","-","-","-"
"Botswana","Do not need the Internet","16.3158%","-","-","-","-","-","-","-","-","-","-","-"
"Botswana","Have access to the Internet elsewhere","2.94116%","-","-","-","-","-","-","-","-","-","-","-"
"Botswana","Cost of the equipment is too high","18.8618%","-","-","-","-","-","-","-","-","-","-","-"
"Botswana","Cost of service is too high","15.1345%","-","-","-","-","-","-","-","-","-","-","-"
"Botswana","Privacy or security concerns","0.242412%","-","-","-","-","-","-","-","-","-","-","-"
"Botswana","Internet service is not available in the area","1.54833%","-","-","-","-","-","-","-","-","-","-","-"
"Botswana","Internet service is available but it does not correspond to household needs","-","-","-","-","-","-","-","-","-","-","-","-"
"Botswana","Cultural reasons","-","-","-","-","-","-","-","-","-","-","-","-"
"Botswana","No electricity in the household","-","-","-","-","-","-","-","-","-","-","-","-"
"Botswana","Other reason","60.6112%","-","-","-","-","-","-","-","-","-","-","-"
"Brazil","Do not need the Internet","56.8202%","-","64.1642%","63.5108%","65.4838%","69.1585%","70.0194%","66.5841%","63.6092%","62.6223%","56.1053%","-"
"Brazil","Have access to the Internet elsewhere","14.9914%","-","30.0118%","31.3778%","31.0069%","29.7989%","36.7415%","26.364%","24.5118%","28.0336%","27.6468%","-"
"Brazil","Cost of the equipment is too high","46.7274%","-","43.486%","41.6894%","39.2472%","40.4091%","41.7564%","-","-","-","-","-"
"Brazil","Cost of service is too high","48.9899%","-","56.9093%","58.9836%","60.9034%","58.6191%","67.3247%","61.3004%","58.1027%","54.5605%","49.2945%","-"
"Brazil","Privacy or security concerns","12.4033%","-","39.5775%","40.3668%","44.0629%","43.2524%","47.1188%","40.7795%","38.8795%","40.8968%","36.5715%","-"
"Brazil","Internet service is not available in the area","17.6664%","-","26.9759%","28.31%","26.8186%","25.099%","32.0213%","17.5496%","16.0199%","17.3748%","16.9771%","-"
"Brazil","Internet service is available but it does not correspond to household needs","-","-","-","-","-","-","-","-","-","-","-","-"
"Brazil","Cultural reasons","11.4992%","-","36.7489%","37.3734%","40.9834%","39.7598%","42.4389%","34.3685%","34.2299%","36.3123%","32.3641%","-"
"Brazil","No electricity in the household","-","-","-","-","-","-","-","-","-","-","-","-"
"Brazil","Other reason","-","-","38.6564%","41.4741%","44.5665%","48.7203%","50.1774%","-","-","-","2.20898%","-"
"Brunei Darussalam","Do not need the Internet","-","-","32.0002%","-","40.937%","-","-","-","-","-","-","-"
"Brunei Darussalam","Have access to the Internet elsewhere","-","-","103.999%","-","19.8232%","-","-","-","-","-","-","-"
"Brunei Darussalam","Cost of the equipment is too high","-","-","-","-","23.1749%","-","-","-","-","-","-","-"
"Brunei Darussalam","Cost of service is too high","-","-","223.996%","-","46.5943%","-","-","-","-","-","-","-"
"Brunei Darussalam","Privacy or security concerns","-","-","20.0023%","-","8.05379%","-","-","-","-","-","-","-"
"Brunei Darussalam","Internet service is not available in the area","-","-","75.9984%","-","9.28474%","-","-","-","-","-","-","-"
"Brunei Darussalam","Internet service is available but it does not correspond to household needs","-","-","-","-","24.6532%","-","-","-","-","-","-","-"
"Brunei Darussalam","Cultural reasons","-","-","20.0023%","-","-","-","-","-","-","-","-","-"
"Brunei Darussalam","No electricity in the household","-","-","-","-","-","-","-","-","-","-","-","-"
"Brunei Darussalam","Other reason","-","-","75.9984%","-","51.1968%","-","-","-","-","-","-","-"
"Bulgaria","Do not need the Internet","-","-","42.4687%","48.176%","-","50.0714%","-","-","-","-","44.7028%","-"
"Bulgaria","Have access to the Internet elsewhere","-","-","4.2273%","3.75902%","-","3.5816%","-","-","-","-","2.23307%","-"
"Bulgaria","Cost of the equipment is too high","-","-","32.1005%","27.5218%","-","18.755%","-","-","-","-","15.3673%","-"
"Bulgaria","Cost of service is too high","-","-","25.2267%","21.9294%","-","24.1748%","-","-","-","-","-","-"
"Bulgaria","Privacy or security concerns","-","-","0.71462%","0.773036%","-","0.450255%","-","-","-","-","0.818848%","-"
"Bulgaria","Internet service is not available in the area","-","-","1.06152%","0.660868%","-","0.556295%","-","-","-","-","2.65446%","-"
"Bulgaria","Internet service is available but it does not correspond to household needs","-","-","-","-","-","-","-","-","-","-","-","-"
"Bulgaria","Cultural reasons","-","-","-","-","-","-","-","-","-","-","-","-"
"Bulgaria","No electricity in the household","-","-","-","-","-","-","-","-","-","-","-","-"
"Bulgaria","Other reason","-","-","7.34785%","6.90963%","-","3.08181%","-","-","-","-","8.15694%","-"
"Cabo Verde","Do not need the Internet","-","-","-","-","33.301%","18.6073%","-","-","-","-","-","-"
"Cabo Verde","Have access to the Internet elsewhere","-","-","-","-","9.31862%","12.3865%","-","-","-","-","-","-"
"Cabo Verde","Cost of the equipment is too high","-","-","-","-","56.8461%","43.5424%","-","-","-","-","-","-"
"Cabo Verde","Cost of service is too high","-","-","-","-","52.6463%","37.7084%","-","-","-","-","-","-"
"Cabo Verde","Privacy or security concerns","-","-","-","-","3.79069%","-","-","-","-","-","-","-"
"Cabo Verde","Internet service is not available in the area","-","-","-","-","8.60325%","4.01811%","-","-","-","-","-","-"
"Cabo Verde","Internet service is available but it does not correspond to household needs","-","-","-","-","3.45975%","0.383309%","-","-","-","-","-","-"
"Cabo Verde","Cultural reasons","-","-","-","-","1.94739%","0.284139%","-","-","-","-","-","-"
"Cabo Verde","No electricity in the household","-","-","-","-","15.9294%","4.3884%","-","-","-","-","-","-"
"Cabo Verde","Other reason","-","-","-","-","0.954981%","8.51055%","-","-","-","-","-","-"
"Colombia","Do not need the Internet","27.9279%","32.4374%","33.6964%","30.1949%","27.5989%","-","-","26.9254%","29.2282%","31.2703%","-","-"
"Colombia","Have access to the Internet elsewhere","2.12247%","2.05612%","2.07432%","2.10452%","1.96389%","-","-","3.3274%","2.81157%","2.93343%","-","-"
"Colombia","Cost of the equipment is too high","2.11922%","-","-","-","-","-","-","-","-","-","-","-"
"Colombia","Cost of service is too high","43.6957%","44.5457%","46.2994%","49.7158%","50.6944%","-","-","53.7792%","52.5103%","49.6533%","-","-"
"Colombia","Privacy or security concerns","-","0.242855%","0.197853%","0.105853%","-","-","-","-","-","-","-","-"
"Colombia","Internet service is not available in the area","2.73254%","3.34902%","4.70621%","4.4728%","7.73517%","-","-","6.2368%","5.18049%","4.41937%","-","-"
"Colombia","Internet service is available but it does not correspond to household needs","-","-","-","-","-","-","-","-","-","1.15912%","-","-"
"Colombia","Cultural reasons","-","-","-","-","-","-","-","-","-","-","-","-"
"Colombia","No electricity in the household","-","-","-","-","-","-","-","-","-","-","-","-"
"Colombia","Other reason","-","2.08149%","1.70268%","1.54175%","1.14569%","-","-","9.73118%","10.2694%","10.5644%","-","-"
"Costa Rica","Do not need the Internet","-","-","-","-","-","-","-","-","-","-","-","-"
"Costa Rica","Have access to the Internet elsewhere","-","-","-","-","-","-","-","-","-","15.1745%","-","-"
"Costa Rica","Cost of the equipment is too high","-","-","-","-","-","-","-","-","-","-","-","-"
"Costa Rica","Cost of service is too high","-","-","-","-","-","-","-","-","-","51.7517%","-","-"
"Costa Rica","Privacy or security concerns","-","-","-","-","-","-","-","-","-","0.553099%","-","-"
"Costa Rica","Internet service is not available in the area","-","-","-","-","-","-","-","-","-","6.6184%","-","-"
"Costa Rica","Internet service is available but it does not correspond to household needs","-","-","-","-","-","-","-","-","-","-","-","-"
"Costa Rica","Cultural reasons","-","-","-","-","-","-","-","-","-","-","-","-"
"Costa Rica","No electricity in the household","-","-","-","-","-","-","-","-","-","-","-","-"
"Costa Rica","Other reason","-","-","-","-","-","-","-","-","-","25.9023%","-","-"
"Croatia","Do not need the Internet","-","-","52.6361%","100%","57.4095%","66.4802%","71.4367%","84.9339%","-","-","-","-"
"Croatia","Have access to the Internet elsewhere","-","-","12.2087%","67.7513%","8.31822%","5.26543%","10.2709%","3.3498%","-","-","-","-"
"Croatia","Cost of the equipment is too high","-","-","47.6967%","8.02135%","43.3175%","34.9502%","32.261%","31.9667%","-","-","-","-"
"Croatia","Cost of service is too high","-","-","50.5834%","52.188%","44.5562%","36.2147%","30.4687%","36.2061%","-","-","-","-"
"Croatia","Privacy or security concerns","-","-","11.6569%","55.7121%","20.7178%","22.9956%","21.3233%","13.7315%","-","-","-","-"
"Croatia","Internet service is not available in the area","-","-","15.0079%","25.3673%","6.13074%","2.77861%","10.43%","4.96772%","-","-","-","-"
"Croatia","Internet service is available but it does not correspond to household needs","-","-","-","-","-","-","-","-","-","-","-","-"
"Croatia","Cultural reasons","-","-","-","-","-","-","-","-","-","-","-","-"
"Croatia","No electricity in the household","-","-","-","-","-","-","-","-","-","-","-","-"
"Croatia","Other reason","-","-","12.276%","15.9311%","15.5272%","4.52808%","2.07123%","10.6786%","-","-","-","-"
"Cyprus","Do not need the Internet","-","-","59.8866%","-","-","79.4375%","-","-","-","-","-","-"
"Cyprus","Have access to the Internet elsewhere","-","-","16.4503%","-","-","10.836%","-","-","-","-","-","-"
"Cyprus","Cost of the equipment is too high","-","-","25.4706%","-","-","52.7887%","-","-","-","-","-","-"
"Cyprus","Cost of service is too high","-","-","25.459%","-","-","48.3763%","-","-","-","-","-","-"
"Cyprus","Privacy or security concerns","-","-","5.18326%","-","-","24.8824%","-","-","-","-","-","-"
"Cyprus","Internet service is not available in the area","-","-","2.36037%","-","-","2.49649%","-","-","-","-","-","-"
"Cyprus","Internet service is available but it does not correspond to household needs","-","-","-","-","-","-","-","-","-","-","-","-"
"Cyprus","Cultural reasons","-","-","-","-","-","-","-","-","-","-","-","-"
"Cyprus","No electricity in the household","-","-","-","-","-","-","-","-","-","-","-","-"
"Cyprus","Other reason","-","-","12.3807%","-","-","0.264339%","-","-","-","-","-","-"
"Czech Republic","Do not need the Internet","-","-","75.9614%","79.9257%","-","80.6168%","-","-","-","-","-","-"
"Czech Republic","Have access to the Internet elsewhere","-","-","6.70758%","6.91928%","-","3.66004%","-","-","-","-","-","-"
"Czech Republic","Cost of the equipment is too high","-","-","23.1774%","18.3044%","-","12.0646%","-","-","-","-","-","-"
"Czech Republic","Cost of service is too high","-","-","14.4448%","11.4344%","-","8.79108%","-","-","-","-","-","-"
"Czech Republic","Privacy or security concerns","-","-","4.5675%","4.66862%","-","3.94597%","-","-","-","-","-","-"
"Czech Republic","Internet service is not available in the area","-","-","-","-","-","-","-","-","-","-","-","-"
"Czech Republic","Internet service is available but it does not correspond to household needs","-","-","-","0.0912575%","-","0.365354%","-","-","-","-","-","-"
"Czech Republic","Cultural reasons","-","-","-","-","-","-","-","-","-","-","-","-"
"Czech Republic","No electricity in the household","-","-","-","-","-","-","-","-","-","-","-","-"
"Czech Republic","Other reason","-","-","47.0009%","-","-","-","-","-","-","-","-","-"
"Côte d'Ivoire","Do not need the Internet","-","-","-","-","-","15.4308%","-","-","35.114%","71.5968%","-","-"
"Côte d'Ivoire","Have access to the Internet elsewhere","-","-","-","-","-","24.9198%","-","-","11.0988%","15.0607%","-","-"
"Côte d'Ivoire","Cost of the equipment is too high","-","-","-","-","-","36.499%","-","-","30.7062%","68.079%","-","-"
"Côte d'Ivoire","Cost of service is too high","-","-","-","-","-","26.5417%","-","-","21.9163%","64.6125%","-","-"
"Côte d'Ivoire","Privacy or security concerns","-","-","-","-","-","1.26635%","-","-","5.70364%","13.9655%","-","-"
"Côte d'Ivoire","Internet service is not available in the area","-","-","-","-","-","6.79449%","-","-","11.6396%","36.1136%","-","-"
"Côte d'Ivoire","Internet service is available but it does not correspond to household needs","-","-","-","-","-","0.835024%","-","-","6.04104%","22.5836%","-","-"
"Côte d'Ivoire","Cultural reasons","-","-","-","-","-","0.781289%","-","-","3.65389%","9.18755%","-","-"
"Côte d'Ivoire","No electricity in the household","-","-","-","-","-","6.99488%","-","-","7.48063%","17.2467%","-","-"
"Côte d'Ivoire","Other reason","-","-","-","-","-","9.82013%","-","-","22.2199%","23.5666%","-","-"
"Denmark","Do not need the Internet","-","-","-","50.325%","-","-","-","-","-","-","-","-"
"Denmark","Have access to the Internet elsewhere","-","-","-","9.5868%","-","-","-","-","-","-","-","-"
"Denmark","Cost of the equipment is too high","-","-","-","4.3613%","-","-","-","-","-","-","-","-"
"Denmark","Cost of service is too high","-","-","-","5.8453%","-","-","-","-","-","-","-","-"
"Denmark","Privacy or security concerns","-","-","-","1.58226%","-","-","-","-","-","-","-","-"
"Denmark","Internet service is not available in the area","-","-","-","1.29882%","-","-","-","-","-","-","-","-"
"Denmark","Internet service is available but it does not correspond to household needs","-","-","-","-","-","-","-","-","-","-","-","-"
"Denmark","Cultural reasons","-","-","-","-","-","-","-","-","-","-","-","-"
"Denmark","No electricity in the household","-","-","-","-","-","-","-","-","-","-","-","-"
"Denmark","Other reason","-","-","-","22.3961%","-","-","-","-","-","-","-","-"
"Dominican Rep.","Do not need the Internet","-","-","-","-","-","-","-","-","1.82114%","-","-","-"
"Dominican Rep.","Have access to the Internet elsewhere","-","-","-","-","-","-","-","-","7.43573%","-","-","-"
"Dominican Rep.","Cost of the equipment is too high","-","-","-","-","-","-","-","-","9.6425%","-","-","-"
"Dominican Rep.","Cost of service is too high","-","-","-","-","-","-","-","-","17.8547%","-","-","-"
"Dominican Rep.","Privacy or security concerns","-","-","-","-","-","-","-","-","0.0478589%","-","-","-"
"Dominican Rep.","Internet service is not available in the area","-","-","-","-","-","-","-","-","0.668464%","-","-","-"
"Dominican Rep.","Internet service is available but it does not correspond to household needs","-","-","-","-","-","-","-","-","-","-","-","-"
"Dominican Rep.","Cultural reasons","-","-","-","-","-","-","-","-","0.0136153%","-","-","-"
"Dominican Rep.","No electricity in the household","-","-","-","-","-","-","-","-","-","-","-","-"
"Dominican Rep.","Other reason","-","-","-","-","-","-","-","-","18.5398%","-","-","-"
"Ecuador","Do not need the Internet","-","-","-","17.7225%","-","-","-","-","-","-","-","-"
"Ecuador","Have access to the Internet elsewhere","-","-","-","-","-","-","-","-","-","-","-","-"
"Ecuador","Cost of the equipment is too high","-","-","-","-","-","-","-","-","-","-","-","-"
"Ecuador","Cost of service is too high","-","-","-","-","-","-","-","-","-","-","-","-"
"Ecuador","Privacy or security concerns","-","-","-","-","-","-","-","-","-","-","-","-"
"Ecuador","Internet service is not available in the area","-","-","-","5.31528%","-","-","-","-","-","-","-","-"
"Ecuador","Internet service is available but it does not correspond to household needs","-","-","-","-","-","-","-","-","-","-","-","-"
"Ecuador","Cultural reasons","-","-","-","-","-","-","-","-","-","-","-","-"
"Ecuador","No electricity in the household","-","-","-","-","-","-","-","-","-","-","-","-"
"Ecuador","Other reason","-","-","-","76.9622%","-","-","-","-","-","-","-","-"
"Egypt","Do not need the Internet","2.36571%","91.0904%","93.992%","91.9825%","96.0267%","93.0105%","93.0105%","-","62.5085%","-","-","-"
"Egypt","Have access to the Internet elsewhere","0.0341515%","0.729244%","0.165275%","0.69189%","2.65356%","1.94938%","1.94938%","-","11.8671%","-","-","-"
"Egypt","Cost of the equipment is too high","3.08391%","11.5934%","16.4019%","19.3359%","23.0244%","15.2213%","15.2213%","-","32.3322%","-","-","-"
"Egypt","Cost of service is too high","2.58724%","12.2135%","15.4747%","17.0639%","22.2856%","17.5247%","17.5247%","-","32.4539%","-","-","-"
"Egypt","Privacy or security concerns","2.10176%","1.47374%","0.990727%","0.32818%","3.86482%","3.72142%","3.72142%","-","2.34952%","-","-","-"
"Egypt","Internet service is not available in the area","92.8503%","1.38881%","1.57474%","0.584906%","1.72531%","1.83919%","1.83919%","-","1.85978%","-","-","-"
"Egypt","Internet service is available but it does not correspond to household needs","0.391291%","1.42054%","1.07327%","0.626614%","1.78608%","2.24121%","2.24121%","-","3.43684%","-","-","-"
"Egypt","Cultural reasons","0.3883%","3.79397%","4.62978%","5.08034%","5.15614%","5.10846%","5.10846%","-","6.97173%","-","-","-"
"Egypt","No electricity in the household","-","0.0471323%","0.227537%","0.0804838%","0.105731%","0.186322%","0.186322%","-","0.0997392%","-","-","-"
"Egypt","Other reason","-","1.00259%","0.15921%","1.0174%","2.12611%","0.254875%","0.254875%","-","0.758324%","-","-","-"
"Estonia","Do not need the Internet","-","-","70.8443%","66.6667%","-","-","-","-","-","-","-","-"
"Estonia","Have access to the Internet elsewhere","-","-","14.7757%","10.6416%","-","-","-","-","-","-","-","-"
"Estonia","Cost of the equipment is too high","-","-","18.3377%","15.0235%","-","-","-","-","-","-","-","-"
"Estonia","Cost of service is too high","-","-","15.3034%","10.0156%","-","-","-","-","-","-","-","-"
"Estonia","Privacy or security concerns","-","-","-","-","-","-","-","-","-","-","-","-"
"Estonia","Internet service is not available in the area","-","-","-","-","-","-","-","-","-","-","-","-"
"Estonia","Internet service is available but it does not correspond to household needs","-","-","-","-","-","-","-","-","-","-","-","-"
"Estonia","Cultural reasons","-","-","-","-","-","-","-","-","-","-","-","-"
"Estonia","No electricity in the household","-","-","-","-","-","-","-","-","-","-","-","-"
"Estonia","Other reason","-","-","36.4116%","22.5352%","-","-","-","-","-","-","-","-"
"France","Do not need the Internet","-","-","-","-","-","16.9439%","-","-","-","-","-","-"
"France","Have access to the Internet elsewhere","-","-","-","-","-","5.91804%","-","-","-","-","-","-"
"France","Cost of the equipment is too high","-","-","-","-","-","31.713%","-","-","-","-","-","-"
"France","Cost of service is too high","-","-","-","-","-","26.0821%","-","-","-","-","-","-"
"France","Privacy or security concerns","-","-","-","-","-","14.0523%","-","-","-","-","-","-"
"France","Internet service is not available in the area","-","-","-","-","-","4.78037%","-","-","-","-","-","-"
"France","Internet service is available but it does not correspond to household needs","-","-","-","-","-","-","-","-","-","-","-","-"
"France","Cultural reasons","-","-","-","-","-","-","-","-","-","-","-","-"
"France","No electricity in the household","-","-","-","-","-","-","-","-","-","-","-","-"
"France","Other reason","-","-","-","-","-","64.0868%","-","-","-","-","-","-"
"Georgia","Do not need the Internet","-","-","0.772667%","1.16638%","0.886251%","0.836128%","1.16885%","-","-","0.702704%","-","-"
"Georgia","Have access to the Internet elsewhere","-","-","5.99202%","3.43372%","2.4816%","6.16389%","3.50511%","-","-","6.36147%","-","-"
"Georgia","Cost of the equipment is too high","-","-","6.25157%","3.33935%","2.89959%","5.72487%","3.72003%","-","-","2.18102%","-","-"
"Georgia","Cost of service is too high","-","-","5.90666%","4.55512%","2.16343%","5.828%","4.29432%","-","-","2.52837%","-","-"
"Georgia","Privacy or security concerns","-","-","-","0.242839%","0.195115%","-","-","-","-","-","-","-"
"Georgia","Internet service is not available in the area","-","-","0.156549%","-","0.422161%","1.10907%","2.4527%","-","-","0.931347%","-","-"
"Georgia","Internet service is available but it does not correspond to household needs","-","-","-","-","-","-","-","-","-","-","-","-"
"Georgia","Cultural reasons","-","-","-","-","-","-","-","-","-","-","-","-"
"Georgia","No electricity in the household","-","-","-","-","-","-","-","-","-","-","-","-"
"Georgia","Other reason","-","-","0.707779%","0.67347%","0.605476%","0.466997%","0.252798%","-","-","1.12215%","-","-"
"Hong Kong, China","Do not need the Internet","1.01474%","-","0.602996%","-","-","-","-","-","-","-","-","-"
"Hong Kong, China","Have access to the Internet elsewhere","4.34616%","-","1.2838%","-","-","-","-","-","-","-","-","-"
"Hong Kong, China","Cost of the equipment is too high","-","-","-","-","-","-","-","-","-","-","-","-"
"Hong Kong, China","Cost of service is too high","1.72315%","-","0.992025%","-","-","-","-","-","-","-","-","-"
"Hong Kong, China","Privacy or security concerns","-","-","-","-","-","-","-","-","-","-","-","-"
"Hong Kong, China","Internet service is not available in the area","-","-","-","-","-","-","-","-","-","-","-","-"
"Hong Kong, China","Internet service is available but it does not correspond to household needs","-","-","-","-","-","-","-","-","-","-","-","-"
"Hong Kong, China","Cultural reasons","-","-","-","-","-","-","-","-","-","-","-","-"
"Hong Kong, China","No electricity in the household","-","-","-","-","-","-","-","-","-","-","-","-"
"Hong Kong, China","Other reason","-","-","-","-","-","-","-","-","-","-","-","-"
"Hungary","Do not need the Internet","-","-","-","69.586%","-","67.7282%","-","-","-","-","-","-"
"Hungary","Have access to the Internet elsewhere","-","-","-","16.566%","-","11.944%","-","-","-","-","-","-"
"Hungary","Cost of the equipment is too high","-","-","-","55.7834%","-","47.6672%","-","-","-","-","-","-"
"Hungary","Cost of service is too high","-","-","-","49.2649%","-","42.5133%","-","-","-","-","-","-"
"Hungary","Privacy or security concerns","-","-","-","24.5604%","-","23.523%","-","-","-","-","-","-"
"Hungary","Internet service is not available in the area","-","-","-","4.79455%","-","6.63761%","-","-","-","-","-","-"
"Hungary","Internet service is available but it does not correspond to household needs","-","-","-","-","-","-","-","-","-","-","-","-"
"Hungary","Cultural reasons","-","-","-","-","-","-","-","-","-","-","-","-"
"Hungary","No electricity in the household","-","-","-","-","-","-","-","-","-","-","-","-"
"Hungary","Other reason","-","-","-","17.0505%","-","-","-","-","-","-","-","-"
"India","Do not need the Internet","-","-","-","-","-","-","-","-","-","-","-","21.3%"
"India","Have access to the Internet elsewhere","-","-","-","-","-","-","-","-","-","-","-","-"
"India","Cost of the equipment is too high","-","-","-","-","-","-","-","-","-","-","-","-"
"India","Cost of service is too high","-","-","-","-","-","-","-","-","-","-","-","-"
"India","Privacy or security concerns","-","-","-","-","-","-","-","-","-","-","-","-"
"India","Internet service is not available in the area","-","-","-","-","-","-","-","-","-","-","-","-"
"India","Internet service is available but it does not correspond to household needs","-","-","-","-","-","-","-","-","-","-","-","11.4%"
"India","Cultural reasons","-","-","-","-","-","-","-","-","-","-","-","-"
"India","No electricity in the household","-","-","-","-","-","-","-","-","-","-","-","-"
"India","Other reason","-","-","-","-","-","-","-","-","-","-","-","21.8%"
"Iran (Islamic Republic of)","Do not need the Internet","-","64.1505%","-","83.2042%","-","-","-","65.9579%","-","-","-","-"
"Iran (Islamic Republic of)","Have access to the Internet elsewhere","-","4.94533%","-","1.62521%","-","-","-","0.657772%","-","-","-","-"
"Iran (Islamic Republic of)","Cost of the equipment is too high","-","13.5887%","-","13.2263%","-","-","-","13.4129%","-","-","-","-"
"Iran (Islamic Republic of)","Cost of service is too high","-","12.0367%","-","14.045%","-","-","-","10.8859%","-","-","-","-"
"Iran (Islamic Republic of)","Privacy or security concerns","-","4.20133%","-","5.9477%","-","-","-","1.97636%","-","-","-","-"
"Iran (Islamic Republic of)","Internet service is not available in the area","-","5.98511%","-","6.74357%","-","-","-","3.74871%","-","-","-","-"
"Iran (Islamic Republic of)","Internet service is available but it does not correspond to household needs","-","1.2471%","-","1.95346%","-","-","-","1.02651%","-","-","-","-"
"Iran (Islamic Republic of)","Cultural reasons","-","3.86977%","-","5.45738%","-","-","-","1.11812%","-","-","-","-"
"Iran (Islamic Republic of)","No electricity in the household","-","-","-","-","-","-","-","-","-","-","-","-"
"Iran (Islamic Republic of)","Other reason","-","8.73234%","-","18.092%","-","-","-","32.4067%","-","-","-","-"
"Iraq","Do not need the Internet","-","-","-","-","-","-","-","-","43.136%","-","-","-"
"Iraq","Have access to the Internet elsewhere","-","-","-","-","-","-","-","-","22.1972%","-","-","-"
"Iraq","Cost of the equipment is too high","-","-","-","-","-","-","-","-","60.2313%","-","-","-"
"Iraq","Cost of service is too high","-","-","-","-","-","-","-","-","62.2974%","-","-","-"
"Iraq","Privacy or security concerns","-","-","-","-","-","-","-","-","13.3757%","-","-","-"
"Iraq","Internet service is not available in the area","-","-","-","-","-","-","-","-","5.68131%","-","-","-"
"Iraq","Internet service is available but it does not correspond to household needs","-","-","-","-","-","-","-","-","10.5368%","-","-","-"
"Iraq","Cultural reasons","-","-","-","-","-","-","-","-","21.8326%","-","-","-"
"Iraq","No electricity in the household","-","-","-","-","-","-","-","-","16.664%","-","-","-"
"Iraq","Other reason","-","-","-","-","-","-","-","-","2.00813%","-","-","-"
"Italy","Do not need the Internet","-","-","-","25.0374%","-","-","25.3409%","-","-","-","-","-"
"Italy","Have access to the Internet elsewhere","-","-","-","8.5457%","-","-","7.56251%","-","-","-","-","-"
"Italy","Cost of the equipment is too high","-","-","-","9.73609%","-","-","6.45526%","-","-","-","-","-"
"Italy","Cost of service is too high","-","-","-","10.2571%","-","-","8.04296%","-","-","-","-","-"
"Italy","Privacy or security concerns","-","-","-","2.39675%","-","-","2.34436%","-","-","-","-","-"
"Italy","Internet service is not available in the area","-","-","-","2.91266%","-","-","1.65333%","-","-","-","-","-"
"Italy","Internet service is available but it does not correspond to household needs","-","-","-","-","-","-","-","-","-","-","-","-"
"Italy","Cultural reasons","-","-","-","-","-","-","-","-","-","-","-","-"
"Italy","No electricity in the household","-","-","-","-","-","-","-","-","-","-","-","-"
"Italy","Other reason","-","-","-","59.9651%","-","-","64.1039%","-","-","-","-","-"
"Jamaica","Do not need the Internet","-","57.8578%","44.767%","42.0394%","-","-","-","37.9446%","-","46.7044%","-","-"
"Jamaica","Have access to the Internet elsewhere","-","13.4734%","9.52207%","15.2607%","-","-","-","9.05964%","-","-","-","-"
"Jamaica","Cost of the equipment is too high","-","30.651%","36.4412%","24.8945%","-","-","-","15.8185%","-","20.7646%","-","-"
"Jamaica","Cost of service is too high","-","-","-","41.0366%","-","-","-","48.3809%","-","46.3144%","-","-"
"Jamaica","Privacy or security concerns","-","1.53047%","-","4.07153%","-","-","-","-","-","-","-","-"
"Jamaica","Internet service is not available in the area","-","10.7992%","9.66515%","10.9788%","-","-","-","-","-","-","-","-"
"Jamaica","Internet service is available but it does not correspond to household needs","-","-","-","3.76901%","-","-","-","-","-","-","-","-"
"Jamaica","Cultural reasons","-","-","-","-","-","-","-","-","-","-","-","-"
"Jamaica","No electricity in the household","-","-","-","-","-","-","-","-","-","-","-","-"
"Jamaica","Other reason","-","-","-","3.0865%","-","-","-","-","-","-","-","-"
"Jordan","Do not need the Internet","-","-","-","-","-","-","-","-","-","76.0731%","-","-"
"Jordan","Have access to the Internet elsewhere","-","-","-","-","-","-","-","-","-","-","-","-"
"Jordan","Cost of the equipment is too high","-","-","-","-","-","-","-","-","-","-","-","-"
"Jordan","Cost of service is too high","-","-","-","-","-","-","-","-","-","-","-","-"
"Jordan","Privacy or security concerns","-","-","-","-","-","-","-","-","-","-","-","-"
"Jordan","Internet service is not available in the area","-","-","-","-","-","-","-","-","-","-","-","-"
"Jordan","Internet service is available but it does not correspond to household needs","-","-","-","-","-","-","-","-","-","-","-","-"
"Jordan","Cultural reasons","-","-","-","-","-","-","-","-","-","-","-","-"
"Jordan","No electricity in the household","-","-","-","-","-","-","-","-","-","-","-","-"
"Jordan","Other reason","-","-","-","-","-","-","-","-","-","-","-","-"
"Kazakhstan","Do not need the Internet","-","4.41178%","80.8268%","73.3437%","71.7027%","72.2459%","79.4252%","73.7125%","60.5293%","71.9134%","-","-"
"Kazakhstan","Have access to the Internet elsewhere","-","1.97131%","-","-","2.95127%","2.12449%","0.754548%","1.16298%","5.7027%","1.4951%","-","-"
"Kazakhstan","Cost of the equipment is too high","-","7.12454%","3.07805%","4.07221%","3.75085%","3.33212%","2.05471%","3.03999%","4.98086%","0.597599%","-","-"
"Kazakhstan","Cost of service is too high","-","0.0540572%","8.35158%","12.493%","13.7801%","14.9947%","12.3781%","15.0747%","22.1006%","22.3814%","-","-"
"Kazakhstan","Privacy or security concerns","-","3.48658%","0.11227%","0.0292242%","0.149103%","-","-","-","-","-","-","-"
"Kazakhstan","Internet service is not available in the area","-","-","5.22714%","5.45157%","4.55951%","4.21754%","3.58921%","3.03089%","1.37957%","2.2399%","-","-"
"Kazakhstan","Internet service is available but it does not correspond to household needs","-","-","-","-","-","-","-","-","-","-","-","-"
"Kazakhstan","Cultural reasons","-","-","-","-","-","-","-","-","-","-","-","-"
"Kazakhstan","No electricity in the household","-","-","-","-","-","-","-","-","-","-","-","-"
"Kazakhstan","Other reason","-","-","0.847995%","2.07307%","3.10819%","3.08487%","1.79946%","3.58123%","5.19175%","1.9411%","-","-"
"Kenya","Do not need the Internet","-","50.4486%","-","-","-","-","-","-","-","-","-","-"
"Kenya","Have access to the Internet elsewhere","-","2.3254%","-","-","-","-","-","-","-","-","-","-"
"Kenya","Cost of the equipment is too high","-","3.72412%","-","-","-","-","-","-","-","-","-","-"
"Kenya","Cost of service is too high","-","8.23837%","-","-","-","-","-","-","-","-","-","-"
"Kenya","Privacy or security concerns","-","-","-","-","-","-","-","-","-","-","-","-"
"Kenya","Internet service is not available in the area","-","3.21347%","-","-","-","-","-","-","-","-","-","-"
"Kenya","Internet service is available but it does not correspond to household needs","-","0.228278%","-","-","-","-","-","-","-","-","-","-"
"Kenya","Cultural reasons","-","0.149251%","-","-","-","-","-","-","-","-","-","-"
"Kenya","No electricity in the household","-","-","-","-","-","-","-","-","-","-","-","-"
"Kenya","Other reason","-","30.5518%","-","-","-","-","-","-","-","-","-","-"
"Korea (Rep. of)","Do not need the Internet","89.0008%","89.465%","91.8979%","80.4498%","77.0348%","77.9704%","89.0921%","92.6645%","80.7457%","86.5737%","-","-"
"Korea (Rep. of)","Have access to the Internet elsewhere","0.456156%","-","1.11048%","-","1.16136%","-","-","-","-","-","-","-"
"Korea (Rep. of)","Cost of the equipment is too high","-","-","-","-","-","-","-","-","-","-","-","-"
"Korea (Rep. of)","Cost of service is too high","22.9861%","19.9853%","19.703%","21.7795%","41.5314%","30.2693%","33.2706%","11.335%","20.734%","-","-","-"
"Korea (Rep. of)","Privacy or security concerns","1.34418%","1.2045%","0.179088%","0.373281%","4.84821%","-","-","-","-","-","-","-"
"Korea (Rep. of)","Internet service is not available in the area","-","-","-","-","-","-","-","-","-","-","-","-"
"Korea (Rep. of)","Internet service is available but it does not correspond to household needs","-","-","-","-","-","-","-","-","-","-","-","-"
"Korea (Rep. of)","Cultural reasons","-","-","-","0.742426%","5.59334%","-","-","-","-","-","-","-"
"Korea (Rep. of)","No electricity in the household","-","-","-","-","-","-","-","-","-","-","-","-"
"Korea (Rep. of)","Other reason","-","0.145478%","-","-","-","-","-","-","-","-","-","-"
"Latvia","Do not need the Internet","-","-","50.3634%","48.4553%","-","61.3491%","-","-","-","-","-","-"
"Latvia","Have access to the Internet elsewhere","-","-","11.8599%","12.56%","-","13.1409%","-","-","-","-","-","-"
"Latvia","Cost of the equipment is too high","-","-","23.5733%","27.5448%","-","24.2866%","-","-","-","-","-","-"
"Latvia","Cost of service is too high","-","-","15.6007%","18.044%","-","18.7549%","-","-","-","-","-","-"
"Latvia","Privacy or security concerns","-","-","0.855991%","1.83171%","-","3.13539%","-","-","-","-","-","-"
"Latvia","Internet service is not available in the area","-","-","-","1.32945%","-","1.63001%","-","-","-","-","-","-"
"Latvia","Internet service is available but it does not correspond to household needs","-","-","-","-","-","-","-","-","-","-","-","-"
"Latvia","Cultural reasons","-","-","-","-","-","-","-","-","-","-","-","-"
"Latvia","No electricity in the household","-","-","-","-","-","-","-","-","-","-","-","-"
"Latvia","Other reason","-","-","-","-","-","4.04498%","-","-","-","-","-","-"
"Lesotho","Do not need the Internet","-","-","13.4488%","-","-","-","-","-","-","-","-","-"
"Lesotho","Have access to the Internet elsewhere","-","-","14.9048%","-","-","-","-","-","-","-","-","-"
"Lesotho","Cost of the equipment is too high","-","-","19.1221%","-","-","-","-","-","-","-","-","-"
"Lesotho","Cost of service is too high","-","-","5.18739%","-","-","-","-","-","-","-","-","-"
"Lesotho","Privacy or security concerns","-","-","-","-","-","-","-","-","-","-","-","-"
"Lesotho","Internet service is not available in the area","-","-","5.87859%","-","-","-","-","-","-","-","-","-"
"Lesotho","Internet service is available but it does not correspond to household needs","-","-","-","-","-","-","-","-","-","-","-","-"
"Lesotho","Cultural reasons","-","-","-","-","-","-","-","-","-","-","-","-"
"Lesotho","No electricity in the household","-","-","-","-","-","-","-","-","-","-","-","-"
"Lesotho","Other reason","-","-","30.9901%","-","-","-","-","-","-","-","-","-"
"Lithuania","Do not need the Internet","-","-","59.7972%","62.2154%","-","66.3096%","-","-","-","-","-","-"
"Lithuania","Have access to the Internet elsewhere","-","-","7.99568%","7.36394%","-","4.72356%","-","-","-","-","-","-"
"Lithuania","Cost of the equipment is too high","-","-","27.9867%","23.7508%","-","17.7114%","-","-","-","-","-","-"
"Lithuania","Cost of service is too high","-","-","27.4023%","21.0726%","-","16.8697%","-","-","-","-","-","-"
"Lithuania","Privacy or security concerns","-","-","2.59702%","1.4993%","-","1.94329%","-","-","-","-","-","-"
"Lithuania","Internet service is not available in the area","-","-","0.808473%","1.03399%","-","1.29864%","-","-","-","-","-","-"
"Lithuania","Internet service is available but it does not correspond to household needs","-","-","-","-","-","-","-","-","-","-","-","-"
"Lithuania","Cultural reasons","-","-","-","-","-","-","-","-","-","-","-","-"
"Lithuania","No electricity in the household","-","-","-","-","-","-","-","-","-","-","-","-"
"Lithuania","Other reason","-","-","45.2046%","44.9755%","-","44.9646%","-","-","-","-","-","-"
"Luxembourg","Do not need the Internet","-","-","39.1442%","69.4306%","-","-","-","-","-","-","-","-"
"Luxembourg","Have access to the Internet elsewhere","-","-","19.4972%","18.1673%","-","-","-","-","-","-","-","-"
"Luxembourg","Cost of the equipment is too high","-","-","-","4.48399%","-","-","-","-","-","-","-","-"
"Luxembourg","Cost of service is too high","-","-","5.64436%","7.68683%","-","-","-","-","-","-","-","-"
"Luxembourg","Privacy or security concerns","-","-","5.14486%","13.452%","-","-","-","-","-","-","-","-"
"Luxembourg","Internet service is not available in the area","-","-","-","7.68683%","-","-","-","-","-","-","-","-"
"Luxembourg","Internet service is available but it does not correspond to household needs","-","-","-","-","-","-","-","-","-","-","-","-"
"Luxembourg","Cultural reasons","-","-","-","-","-","-","-","-","-","-","-","-"
"Luxembourg","No electricity in the household","-","-","-","-","-","-","-","-","-","-","-","-"
"Luxembourg","Other reason","-","-","16.7%","26.4769%","-","-","-","-","-","-","-","-"
"Macao, China","Do not need the Internet","32.9966%","39.3939%","39.8148%","28.6344%","21.5789%","-","-","16.1765%","-","-","-","-"
"Macao, China","Have access to the Internet elsewhere","-","-","-","-","-","-","-","-","-","-","-","-"
"Macao, China","Cost of the equipment is too high","32.6599%","24.2424%","31.4815%","22.9075%","32.6316%","-","-","15.1961%","-","-","-","-"
"Macao, China","Cost of service is too high","4.7138%","4.16667%","4.62963%","3.52423%","2.10526%","-","-","0.490196%","-","-","-","-"
"Macao, China","Privacy or security concerns","-","-","-","-","-","-","-","-","-","-","-","-"
"Macao, China","Internet service is not available in the area","-","-","-","-","-","-","-","-","-","-","-","-"
"Macao, China","Internet service is available but it does not correspond to household needs","-","-","-","-","-","-","-","-","-","-","-","-"
"Macao, China","Cultural reasons","-","-","-","-","-","-","-","-","-","-","-","-"
"Macao, China","No electricity in the household","-","-","-","-","-","-","-","-","-","-","-","-"
"Macao, China","Other reason","-","53.0303%","55.0926%","60.3524%","60.5263%","-","-","28.9216%","-","-","-","-"
"Malawi","Do not need the Internet","-","-","-","-","-","-","-","-","-","3.76685%","-","-"
"Malawi","Have access to the Internet elsewhere","-","-","-","-","-","-","-","-","-","-","-","-"
"Malawi","Cost of the equipment is too high","-","-","-","-","-","-","-","-","-","93.8806%","-","-"
"Malawi","Cost of service is too high","-","-","-","-","-","-","-","-","-","-","-","-"
"Malawi","Privacy or security concerns","-","-","-","-","-","-","-","-","-","-","-","-"
"Malawi","Internet service is not available in the area","-","-","-","-","-","-","-","-","-","-","-","-"
"Malawi","Internet service is available but it does not correspond to household needs","-","-","-","-","-","-","-","-","-","-","-","-"
"Malawi","Cultural reasons","-","-","-","-","-","-","-","-","-","0.0323109%","-","-"
"Malawi","No electricity in the household","-","-","-","-","-","-","-","-","-","-","-","-"
"Malawi","Other reason","-","-","-","-","-","-","-","-","-","2.32022%","-","-"
"Malaysia","Do not need the Internet","-","-","-","-","-","77.3122%","65.806%","66.8465%","50.5271%","47.5087%","52.8909%","-"
"Malaysia","Have access to the Internet elsewhere","-","-","-","-","-","10.7311%","24.383%","19.935%","8.14097%","19.876%","18.5102%","-"
"Malaysia","Cost of the equipment is too high","-","-","-","-","-","59.4343%","47.6948%","39.4703%","30.0158%","34.4531%","37.0727%","-"
"Malaysia","Cost of service is too high","-","-","-","-","-","58.0437%","46.1054%","39.7326%","29.4146%","34.7655%","36.9594%","-"
"Malaysia","Privacy or security concerns","-","-","-","-","-","30.2462%","22.9189%","23.6328%","20.3122%","22.6163%","24.2043%","-"
"Malaysia","Internet service is not available in the area","-","-","-","-","-","17.0944%","17.2728%","11.6924%","10.7684%","12.7178%","11.4573%","-"
"Malaysia","Internet service is available but it does not correspond to household needs","-","-","-","-","-","18.9781%","20.4786%","16.4061%","11.5446%","16.1263%","15.7656%","-"
"Malaysia","Cultural reasons","-","-","-","-","-","15.8466%","16.646%","14.515%","13.1412%","13.2546%","15.8203%","-"
"Malaysia","No electricity in the household","-","-","-","-","-","-","-","-","-","-","-","-"
"Malaysia","Other reason","-","-","-","-","-","71.0205%","55.4077%","62.4424%","47.2985%","39.2477%","43.7694%","-"
"Malta","Do not need the Internet","-","-","50.6856%","52.0584%","-","45.338%","-","-","-","-","-","-"
"Malta","Have access to the Internet elsewhere","-","-","6.36219%","5.04117%","-","16.3416%","-","-","-","-","-","-"
"Malta","Cost of the equipment is too high","-","-","11.8235%","9.01429%","-","20.9678%","-","-","-","-","-","-"
"Malta","Cost of service is too high","-","-","15.6389%","13.2865%","-","21.4689%","-","-","-","-","-","-"
"Malta","Privacy or security concerns","-","-","4.24256%","9.18518%","-","15.5675%","-","-","-","-","-","-"
"Malta","Internet service is not available in the area","-","-","0.904153%","2.37688%","-","-","-","-","-","-","-","-"
"Malta","Internet service is available but it does not correspond to household needs","-","-","-","-","-","-","-","-","-","-","-","-"
"Malta","Cultural reasons","-","-","-","-","-","-","-","-","-","-","-","-"
"Malta","No electricity in the household","-","-","-","-","-","-","-","-","-","-","-","-"
"Malta","Other reason","-","-","8.22018%","10.3387%","-","11.3197%","-","-","-","-","-","-"
"Mauritius","Do not need the Internet","-","-","-","-","-","-","72.1176%","-","-","-","-","-"
"Mauritius","Have access to the Internet elsewhere","8.74913%","-","-","-","4.53986%","-","3.55046%","-","-","-","-","-"
"Mauritius","Cost of the equipment is too high","-","-","-","-","-","-","-","-","-","-","-","-"
"Mauritius","Cost of service is too high","39.4388%","-","-","-","22.1201%","-","27.1506%","-","-","-","-","-"
"Mauritius","Privacy or security concerns","2.68258%","-","-","-","0.422591%","-","0.803213%","-","-","-","-","-"
"Mauritius","Internet service is not available in the area","-","-","-","-","-","-","-","-","-","-","-","-"
"Mauritius","Internet service is available but it does not correspond to household needs","-","-","-","-","-","-","-","-","-","-","-","-"
"Mauritius","Cultural reasons","3.27179%","-","-","-","0.93757%","-","0.668726%","-","-","-","-","-"
"Mauritius","No electricity in the household","-","-","-","-","-","-","-","-","-","-","-","-"
"Mauritius","Other reason","-","-","-","-","-","-","-","-","-","-","-","-"
"Mexico","Do not need the Internet","25.7573%","24.6726%","19.2857%","21.3705%","21.1718%","20.4976%","19.3557%","21.8645%","25.1635%","24.6505%","-","-"
"Mexico","Have access to the Internet elsewhere","-","-","-","-","-","-","-","-","-","-","-","-"
"Mexico","Cost of the equipment is too high","-","-","-","-","-","-","-","-","-","-","-","-"
"Mexico","Cost of service is too high","58.0296%","58.0614%","53.8657%","55.6141%","57.2254%","56.6624%","63.6881%","59.7022%","57.2495%","58.1123%","-","-"
"Mexico","Privacy or security concerns","-","-","-","-","-","-","0.166776%","0.209792%","0.117009%","0.270049%","-","-"
"Mexico","Internet service is not available in the area","-","8.73084%","8.13041%","7.61085%","7.22975%","8.21403%","4.34545%","4.86511%","3.87699%","4.44921%","-","-"
"Mexico","Internet service is available but it does not correspond to household needs","-","1.39755%","0.586602%","0.769122%","0.998893%","0.892761%","0.435062%","0.55808%","0.680242%","0.486827%","-","-"
"Mexico","Cultural reasons","-","-","-","-","-","-","-","-","-","-","-","-"
"Mexico","No electricity in the household","-","-","-","-","-","-","-","-","-","-","-","-"
"Mexico","Other reason","-","7.13759%","4.4971%","-","-","2.40881%","1.99477%","1.12552%","1.25558%","1.07471%","-","-"
"Montenegro","Do not need the Internet","-","43.4858%","53.1697%","52.1944%","-","-","-","-","-","-","-","-"
"Montenegro","Have access to the Internet elsewhere","-","7.30257%","18.5324%","18.1777%","-","-","-","-","-","-","-","-"
"Montenegro","Cost of the equipment is too high","-","26.1947%","31.1041%","38.7751%","-","-","-","-","-","-","-","-"
"Montenegro","Cost of service is too high","-","23.7198%","30.953%","40.8528%","-","-","-","-","-","-","-","-"
"Montenegro","Privacy or security concerns","-","1.03774%","18.5707%","19.3302%","-","-","-","-","-","-","-","-"
"Montenegro","Internet service is not available in the area","-","5.548%","7.18685%","5.65198%","-","-","-","-","-","-","-","-"
"Montenegro","Internet service is available but it does not correspond to household needs","-","-","-","-","-","-","-","-","-","-","-","-"
"Montenegro","Cultural reasons","-","-","-","-","-","-","-","-","-","-","-","-"
"Montenegro","No electricity in the household","-","-","-","-","-","-","-","-","-","-","-","-"
"Montenegro","Other reason","-","14.0959%","18.0618%","8.15475%","-","-","-","-","-","-","-","-"
"Morocco","Do not need the Internet","46.2434%","28.4%","67.7024%","70.0024%","51.6%","-","-","69.7204%","-","-","-","-"
"Morocco","Have access to the Internet elsewhere","17.3304%","7.1%","8.07151%","24.0801%","15.1%","-","-","24.4837%","-","-","-","-"
"Morocco","Cost of the equipment is too high","46.7403%","33.9%","23.72%","34.3478%","30.4%","-","-","37.8883%","-","-","-","-"
"Morocco","Cost of service is too high","35.8969%","30.1%","26.2469%","34.6756%","30%","-","-","43.0997%","-","-","-","-"
"Morocco","Privacy or security concerns","8.27992%","3.29998%","2.79998%","6.38621%","5.49997%","-","-","7.62851%","-","-","-","-"
"Morocco","Internet service is not available in the area","3.17329%","4.49999%","6.75295%","7.07438%","-","-","-","-","-","-","-","-"
"Morocco","Internet service is available but it does not correspond to household needs","3.70861%","0.499998%","0.774866%","14.3171%","4.70001%","-","-","2.61503%","-","-","-","-"
"Morocco","Cultural reasons","5.57856%","0.999997%","2.60255%","5.59356%","4.89999%","-","-","5.32266%","-","-","-","-"
"Morocco","No electricity in the household","-","-","-","1.41876%","1.39999%","-","-","-","-","-","-","-"
"Morocco","Other reason","-","56.4%","7.69387%","-","-","-","-","-","-","-","-","-"
"Niger","Do not need the Internet","-","-","-","-","47.2504%","-","-","-","-","-","-","-"
"Niger","Have access to the Internet elsewhere","-","-","-","-","8.04792%","-","-","-","-","-","-","-"
"Niger","Cost of the equipment is too high","-","-","-","-","37.3189%","-","-","-","-","-","-","-"
"Niger","Cost of service is too high","-","-","-","-","46.7489%","-","-","-","-","-","-","-"
"Niger","Privacy or security concerns","-","-","-","-","18.9917%","-","-","-","-","-","-","-"
"Niger","Internet service is not available in the area","-","-","-","-","45.3638%","-","-","-","-","-","-","-"
"Niger","Internet service is available but it does not correspond to household needs","-","-","-","-","24.7416%","-","-","-","-","-","-","-"
"Niger","Cultural reasons","-","-","-","-","28.6154%","-","-","-","-","-","-","-"
"Niger","No electricity in the household","-","-","-","-","19.0183%","-","-","-","-","-","-","-"
"Niger","Other reason","-","-","-","-","40.9388%","-","-","-","-","-","-","-"
"North Macedonia","Do not need the Internet","-","-","-","40.0499%","-","-","-","-","-","-","-","-"
"North Macedonia","Have access to the Internet elsewhere","-","-","-","2.76309%","-","-","-","-","-","-","-","-"
"North Macedonia","Cost of the equipment is too high","-","-","-","22.911%","-","-","-","-","-","-","-","-"
"North Macedonia","Cost of service is too high","-","-","-","23.784%","-","-","-","-","-","-","-","-"
"North Macedonia","Privacy or security concerns","-","-","-","32.8456%","-","-","-","-","-","-","-","-"
"North Macedonia","Internet service is not available in the area","-","-","-","-","-","-","-","-","-","-","-","-"
"North Macedonia","Internet service is available but it does not correspond to household needs","-","-","-","-","-","-","-","-","-","-","-","-"
"North Macedonia","Cultural reasons","-","-","-","-","-","-","-","-","-","-","-","-"
"North Macedonia","No electricity in the household","-","-","-","-","-","-","-","-","-","-","-","-"
"North Macedonia","Other reason","-","-","-","10.3938%","-","-","-","-","-","-","-","-"
"Norway","Do not need the Internet","-","-","-","52.4053%","-","-","-","-","-","-","-","-"
"Norway","Have access to the Internet elsewhere","-","-","-","22.3004%","-","-","-","-","-","-","-","-"
"Norway","Cost of the equipment is too high","-","-","-","20.071%","-","-","-","-","-","-","-","-"
"Norway","Cost of service is too high","-","-","-","20.0694%","-","-","-","-","-","-","-","-"
"Norway","Privacy or security concerns","-","-","-","-","-","-","-","-","-","-","-","-"
"Norway","Internet service is not available in the area","-","-","-","10.0355%","-","-","-","-","-","-","-","-"
"Norway","Internet service is available but it does not correspond to household needs","-","-","-","-","-","-","-","-","-","-","-","-"
"Norway","Cultural reasons","-","-","-","-","-","-","-","-","-","-","-","-"
"Norway","No electricity in the household","-","-","-","-","-","-","-","-","-","-","-","-"
"Norway","Other reason","-","-","-","-","-","-","-","-","-","-","-","-"
"Oman","Do not need the Internet","-","-","0.709335%","-","-","-","-","-","-","-","-","-"
"Oman","Have access to the Internet elsewhere","-","-","1.29031%","-","-","-","-","-","-","-","-","-"
"Oman","Cost of the equipment is too high","-","-","3.00623%","-","-","-","-","-","-","-","-","-"
"Oman","Cost of service is too high","-","-","14.4866%","-","-","-","-","-","-","-","-","-"
"Oman","Privacy or security concerns","-","-","0.586383%","-","-","-","-","-","-","-","-","-"
"Oman","Internet service is not available in the area","-","-","10.2509%","-","-","-","-","-","-","-","-","-"
"Oman","Internet service is available but it does not correspond to household needs","-","-","11.5899%","-","-","-","-","-","-","-","-","-"
"Oman","Cultural reasons","-","-","2.44957%","-","-","-","-","-","-","-","-","-"
"Oman","No electricity in the household","-","-","0.452623%","-","-","-","-","-","-","-","-","-"
"Oman","Other reason","-","-","57.3116%","-","-","-","-","-","-","-","-","-"
"Panama","Do not need the Internet","-","57.0197%","-","-","-","-","-","-","-","-","-","-"
"Panama","Have access to the Internet elsewhere","-","11.9549%","-","-","-","-","-","-","-","-","-","-"
"Panama","Cost of the equipment is too high","-","17.0384%","-","-","-","-","-","-","-","-","-","-"
"Panama","Cost of service is too high","-","17.0384%","-","-","-","-","-","-","-","-","-","-"
"Panama","Privacy or security concerns","-","0.237026%","-","-","-","-","-","-","-","-","-","-"
"Panama","Internet service is not available in the area","-","12.3886%","-","-","-","-","-","-","-","-","-","-"
"Panama","Internet service is available but it does not correspond to household needs","-","-","-","-","-","-","-","-","-","-","-","-"
"Panama","Cultural reasons","-","-","-","-","-","-","-","-","-","-","-","-"
"Panama","No electricity in the household","-","-","-","-","-","-","-","-","-","-","-","-"
"Panama","Other reason","-","-","-","-","-","-","-","-","-","-","-","-"
"Philippines","Do not need the Internet","-","-","-","-","-","-","-","-","42.1236%","-","-","-"
"Philippines","Have access to the Internet elsewhere","-","-","-","-","-","-","-","-","12.3452%","-","-","-"
"Philippines","Cost of the equipment is too high","-","-","-","-","-","-","-","-","-","-","-","-"
"Philippines","Cost of service is too high","-","-","-","-","-","-","-","-","48.0888%","-","-","-"
"Philippines","Privacy or security concerns","-","-","-","-","-","-","-","-","2.28914%","-","-","-"
"Philippines","Internet service is not available in the area","-","-","-","-","-","-","-","-","15.6555%","-","-","-"
"Philippines","Internet service is available but it does not correspond to household needs","-","-","-","-","-","-","-","-","11.247%","-","-","-"
"Philippines","Cultural reasons","-","-","-","-","-","-","-","-","-","-","-","-"
"Philippines","No electricity in the household","-","-","-","-","-","-","-","-","-","-","-","-"
"Philippines","Other reason","-","-","-","-","-","-","-","-","-","-","-","-"
"Poland","Do not need the Internet","-","-","70.1399%","67.4847%","65.3158%","67.2918%","-","-","-","-","-","-"
"Poland","Have access to the Internet elsewhere","-","-","3.54667%","2.7022%","2.79004%","2.68303%","-","-","-","-","-","-"
"Poland","Cost of the equipment is too high","-","-","27.8637%","26.8201%","22.4708%","21.5372%","-","-","-","-","-","-"
"Poland","Cost of service is too high","-","-","21.1354%","18.6658%","17.3111%","14.6273%","-","-","-","-","-","-"
"Poland","Privacy or security concerns","-","-","3.89369%","3.61269%","4.05702%","4.29111%","-","-","-","-","-","-"
"Poland","Internet service is not available in the area","-","-","0.769486%","0.708065%","1.54216%","1.0079%","-","-","-","-","-","-"
"Poland","Internet service is available but it does not correspond to household needs","-","-","-","1.83932%","-","-","-","-","-","-","-","-"
"Poland","Cultural reasons","-","-","-","-","-","-","-","-","-","-","-","-"
"Poland","No electricity in the household","-","-","-","-","-","-","-","-","-","-","-","-"
"Poland","Other reason","-","-","-","-","-","-","-","-","-","-","-","-"
"Portugal","Do not need the Internet","-","-","-","46.2665%","-","47.8345%","-","-","41.0505%","41.0472%","38.6871%","-"
"Portugal","Have access to the Internet elsewhere","-","-","-","9.24651%","-","10.1847%","-","-","9.29132%","7.27174%","10.691%","-"
"Portugal","Cost of the equipment is too high","-","-","-","34.8124%","-","50.9102%","-","-","49.6214%","44.3308%","41.6975%","-"
"Portugal","Cost of service is too high","-","-","-","32.9602%","-","50.8796%","-","-","50.9094%","46.1305%","45.1971%","-"
"Portugal","Privacy or security concerns","-","-","-","16.5401%","-","21.4733%","-","-","22.4724%","22.3037%","18.8287%","-"
"Portugal","Internet service is not available in the area","-","-","-","4.22398%","-","5.12527%","-","-","6.1086%","6.6317%","-","-"
"Portugal","Internet service is available but it does not correspond to household needs","-","-","-","-","-","-","-","-","-","-","-","-"
"Portugal","Cultural reasons","-","-","-","-","-","-","-","-","-","-","-","-"
"Portugal","No electricity in the household","-","-","-","-","-","-","-","-","-","-","-","-"
"Portugal","Other reason","-","-","-","75.1251%","-","-","-","-","74.5236%","70.0464%","71.5506%","-"
"Qatar","Do not need the Internet","-","43.1303%","29.1867%","18.3744%","9.75229%","3.04655%","-","-","-","-","-","-"
"Qatar","Have access to the Internet elsewhere","-","36.8009%","30.6864%","25.9453%","22.1693%","16.7098%","20.3884%","-","-","-","-","-"
"Qatar","Cost of the equipment is too high","-","9.73756%","19.5732%","27.1945%","33.2812%","35.5597%","55.399%","-","-","-","-","-"
"Qatar","Cost of service is too high","-","13.4663%","26.8025%","37.1286%","45.3778%","52.1776%","81.7945%","-","-","-","-","-"
"Qatar","Privacy or security concerns","-","-","0.49029%","0.877785%","1.17996%","0.77383%","1.29762%","-","-","-","-","-"
"Qatar","Internet service is not available in the area","-","-","1.20169%","2.13538%","2.88349%","2.32149%","3.89286%","-","-","-","-","-"
"Qatar","Internet service is available but it does not correspond to household needs","-","10.3313%","7.47933%","5.27515%","3.50082%","-","-","-","-","-","-","-"
"Qatar","Cultural reasons","-","1.30626%","1.73044%","2.06786%","2.32867%","1.89722%","3.01723%","-","-","-","-","-"
"Qatar","No electricity in the household","-","-","-","-","-","-","-","-","-","-","-","-"
"Qatar","Other reason","-","-","5.49894%","9.74848%","13.1515%","44.3854%","76.2202%","-","-","-","-","-"
"Romania","Do not need the Internet","-","-","-","-","-","39.5232%","-","-","-","-","-","-"
"Romania","Have access to the Internet elsewhere","-","-","-","-","-","7.01686%","-","-","-","-","-","-"
"Romania","Cost of the equipment is too high","-","-","-","-","-","17.3304%","-","-","-","-","-","-"
"Romania","Cost of service is too high","-","-","-","-","-","17.8416%","-","-","-","-","-","-"
"Romania","Privacy or security concerns","-","-","-","-","-","1.32284%","-","-","-","-","-","-"
"Romania","Internet service is not available in the area","-","-","-","-","-","1.17258%","-","-","-","-","-","-"
"Romania","Internet service is available but it does not correspond to household needs","-","-","-","-","-","-","-","-","-","-","-","-"
"Romania","Cultural reasons","-","-","-","-","-","-","-","-","-","-","-","-"
"Romania","No electricity in the household","-","-","-","-","-","-","-","-","-","-","-","-"
"Romania","Other reason","-","-","-","-","-","11.3644%","-","-","-","-","-","-"
"Russian Federation","Do not need the Internet","68.1568%","66.2563%","69.649%","70.261%","69.7823%","70.707%","70.8905%","71.6452%","77.0661%","78.518%","80.7532%","-"
"Russian Federation","Have access to the Internet elsewhere","7.86291%","8.18183%","7.74278%","7.26167%","6.18886%","6.82537%","5.42924%","3.93711%","3.13711%","4.72532%","5.04398%","-"
"Russian Federation","Cost of the equipment is too high","14.7731%","-","-","-","-","-","-","11.1055%","9.8045%","10.3808%","11.6297%","-"
"Russian Federation","Cost of service is too high","-","18.587%","17.0505%","18.0786%","19.9107%","20.8472%","21.0211%","12.086%","10.3274%","10.7513%","11.1694%","-"
"Russian Federation","Privacy or security concerns","0.579805%","0.628705%","0.543765%","0.759585%","0.704232%","0.866123%","1.24253%","1.11877%","1.24966%","1.86973%","2.41601%","-"
"Russian Federation","Internet service is not available in the area","7.59545%","7.71623%","6.69458%","6.18759%","7.15273%","7.31918%","6.98986%","4.74431%","4.89333%","2.5769%","1.17947%","-"
"Russian Federation","Internet service is available but it does not correspond to household needs","-","-","-","-","-","-","-","0.454262%","0.28013%","1.47893%","1.03073%","-"
"Russian Federation","Cultural reasons","-","-","-","-","-","-","-","-","-","-","-","-"
"Russian Federation","No electricity in the household","-","-","-","-","-","-","-","-","-","-","-","-"
"Russian Federation","Other reason","-","9.45677%","8.66926%","10.4375%","8.02269%","-","7.51348%","7.98954%","7.3263%","14.6224%","13.4977%","-"
"Saudi Arabia","Do not need the Internet","-","-","-","84.188%","51.8717%","42.8556%","-","-","-","-","-","-"
"Saudi Arabia","Have access to the Internet elsewhere","-","-","-","138.889%","80.4014%","19.3875%","-","-","-","-","-","-"
"Saudi Arabia","Cost of the equipment is too high","-","-","-","15.3845%","20.7487%","35.2033%","-","-","-","-","-","-"
"Saudi Arabia","Cost of service is too high","-","-","9.47444%","30.3419%","42.016%","2.04033%","-","-","-","-","-","-"
"Saudi Arabia","Privacy or security concerns","-","-","-","6.41027%","22.3047%","14.2845%","-","-","-","-","-","-"
"Saudi Arabia","Internet service is not available in the area","-","-","8.42182%","2.99142%","7.78058%","11.224%","-","-","-","-","-","-"
"Saudi Arabia","Internet service is available but it does not correspond to household needs","-","-","-","4.27341%","17.6363%","5.61199%","-","-","-","-","-","-"
"Saudi Arabia","Cultural reasons","-","-","-","4.70084%","9.85535%","8.1613%","-","-","-","-","-","-"
"Saudi Arabia","No electricity in the household","-","-","-","-","-","-","-","-","-","-","-","-"
"Saudi Arabia","Other reason","-","-","13.6854%","-","-","-","-","-","-","-","-","-"
"Serbia","Do not need the Internet","-","-","59.0591%","68.4683%","52.2675%","-","76.6001%","-","-","-","-","-"
"Serbia","Have access to the Internet elsewhere","-","-","3.3248%","7.00762%","6.62647%","-","5.36483%","-","-","-","-","-"
"Serbia","Cost of the equipment is too high","-","-","28.4763%","23.8711%","12.6859%","-","18.5102%","-","-","-","-","-"
"Serbia","Cost of service is too high","-","-","26.8758%","21.4964%","10.9599%","-","10.1952%","-","-","-","-","-"
"Serbia","Privacy or security concerns","-","-","1.67992%","0.659271%","0.142915%","-","-","-","-","-","-","-"
"Serbia","Internet service is not available in the area","-","-","5.49614%","1.52662%","2.47484%","-","4.73773%","-","-","-","-","-"
"Serbia","Internet service is available but it does not correspond to household needs","-","-","-","-","-","-","-","-","-","-","-","-"
"Serbia","Cultural reasons","-","-","-","-","-","-","-","-","-","-","-","-"
"Serbia","No electricity in the household","-","-","-","-","-","-","-","-","-","-","-","-"
"Serbia","Other reason","-","-","2.2134%","3.11688%","2.9757%","-","2.06144%","-","-","-","-","-"
"Singapore","Do not need the Internet","44.9755%","64.6104%","-","63.7551%","-","-","-","36.5798%","39.4624%","46.8766%","48.6805%","-"
"Singapore","Have access to the Internet elsewhere","6.92402%","5.45455%","-","8.65306%","-","-","-","-","5.87801%","8.68152%","2.37632%","-"
"Singapore","Cost of the equipment is too high","2.75735%","4.93506%","-","5.22449%","-","-","-","14.5626%","5.1047%","11.1512%","4.29392%","-"
"Singapore","Cost of service is too high","1.22549%","1.2987%","-","2.77551%","-","-","-","-","7.95144%","10.6458%","21.3417%","-"
"Singapore","Privacy or security concerns","-","0.194805%","-","0.244898%","-","-","-","-","-","-","-","-"
"Singapore","Internet service is not available in the area","-","-","-","-","-","-","-","-","-","-","-","-"
"Singapore","Internet service is available but it does not correspond to household needs","-","-","-","-","-","-","-","-","-","-","-","-"
"Singapore","Cultural reasons","-","-","-","-","-","-","-","-","-","-","-","-"
"Singapore","No electricity in the household","-","-","-","-","-","-","-","-","-","-","-","-"
"Singapore","Other reason","-","23.5065%","-","19.3469%","-","-","-","-","41.6899%","22.6449%","23.3076%","-"
"Slovakia","Do not need the Internet","-","-","-","-","-","54.5426%","-","-","-","-","-","-"
"Slovakia","Have access to the Internet elsewhere","-","-","-","-","-","8.89679%","-","-","-","-","-","-"
"Slovakia","Cost of the equipment is too high","-","-","-","-","-","15.1211%","-","-","-","-","-","-"
"Slovakia","Cost of service is too high","-","-","-","-","-","16.9457%","-","-","-","-","-","-"
"Slovakia","Privacy or security concerns","-","-","-","-","-","10.0232%","-","-","-","-","-","-"
"Slovakia","Internet service is not available in the area","-","-","-","-","-","1.04127%","-","-","-","-","-","-"
"Slovakia","Internet service is available but it does not correspond to household needs","-","-","-","-","-","-","-","-","-","-","-","-"
"Slovakia","Cultural reasons","-","-","-","-","-","-","-","-","-","-","-","-"
"Slovakia","No electricity in the household","-","-","-","-","-","-","-","-","-","-","-","-"
"Slovakia","Other reason","-","-","-","-","-","5.0037%","-","-","-","-","-","-"
"Slovenia","Do not need the Internet","-","-","65.4362%","64.7607%","100%","51.8149%","59.5739%","-","-","-","-","-"
"Slovenia","Have access to the Internet elsewhere","-","-","6.59045%","4.42831%","6.00382%","4.88752%","7.51578%","-","-","-","-","-"
"Slovenia","Cost of the equipment is too high","-","-","18.9688%","10.7673%","9.74637%","14.8419%","15.7216%","-","-","-","-","-"
"Slovenia","Cost of service is too high","-","-","18.0033%","14.0759%","7.66195%","18.8254%","11.8514%","-","-","-","-","-"
"Slovenia","Privacy or security concerns","-","-","6.10225%","3.00514%","3.15781%","5.52938%","4.4533%","-","-","-","-","-"
"Slovenia","Internet service is not available in the area","-","-","-","-","-","-","3.63887%","-","-","-","-","-"
"Slovenia","Internet service is available but it does not correspond to household needs","-","-","4.10131%","3.94969%","-","-","-","-","-","-","-","-"
"Slovenia","Cultural reasons","-","-","-","-","-","-","-","-","-","-","-","-"
"Slovenia","No electricity in the household","-","-","-","-","-","-","-","-","-","-","-","-"
"Slovenia","Other reason","-","-","13.0866%","20.0072%","32.3663%","31.3583%","17.293%","-","-","-","-","-"
"South Africa","Do not need the Internet","33.2605%","22.0087%","42.1827%","-","-","-","-","-","-","-","-","-"
"South Africa","Have access to the Internet elsewhere","2.73899%","-","3.06347%","-","-","-","-","-","-","-","-","-"
"South Africa","Cost of the equipment is too high","20.3825%","-","26.8845%","-","-","-","-","-","-","-","-","-"
"South Africa","Cost of service is too high","-","-","-","-","-","-","-","-","-","-","-","-"
"South Africa","Privacy or security concerns","-","-","-","-","-","-","-","-","-","-","-","-"
"South Africa","Internet service is not available in the area","-","0.349318%","-","-","-","-","-","-","-","-","-","-"
"South Africa","Internet service is available but it does not correspond to household needs","-","-","-","-","-","-","-","-","-","-","-","-"
"South Africa","Cultural reasons","0.322809%","-","0.307997%","-","-","-","-","-","-","-","-","-"
"South Africa","No electricity in the household","-","-","-","-","-","-","-","-","-","-","-","-"
"South Africa","Other reason","-","-","-","-","-","-","-","-","-","-","-","-"
"Spain","Do not need the Internet","-","-","67.3681%","67.1233%","-","74.1176%","-","75.0133%","-","-","-","-"
"Spain","Have access to the Internet elsewhere","-","-","10.3754%","13.405%","-","10.7762%","-","3.44303%","-","-","-","-"
"Spain","Cost of the equipment is too high","-","-","25.5522%","30.2618%","-","27.4685%","-","25.655%","-","-","-","-"
"Spain","Cost of service is too high","-","-","20.7267%","29.639%","-","25.6609%","-","-","-","-","-","-"
"Spain","Privacy or security concerns","-","-","3.25743%","7.393%","-","10.2404%","-","-","-","-","-","-"
"Spain","Internet service is not available in the area","-","-","2.27234%","4.13933%","-","5.09822%","-","4.44764%","-","-","-","-"
"Spain","Internet service is available but it does not correspond to household needs","-","-","-","-","-","-","-","-","-","-","-","-"
"Spain","Cultural reasons","-","-","-","-","-","-","-","-","-","-","-","-"
"Spain","No electricity in the household","-","-","-","-","-","-","-","-","-","-","-","-"
"Spain","Other reason","-","-","50.0957%","51.5007%","-","59.2128%","-","-","-","-","-","-"
"State of Palestine","Do not need the Internet","25.2904%","-","-","-","-","62.5794%","-","-","-","-","-","-"
"State of Palestine","Have access to the Internet elsewhere","19.3201%","-","-","-","-","6.28406%","-","-","-","-","-","-"
"State of Palestine","Cost of the equipment is too high","43.7543%","-","-","-","-","57.9494%","-","-","-","-","-","-"
"State of Palestine","Cost of service is too high","11.6003%","-","-","-","-","59.0719%","-","-","-","-","-","-"
"State of Palestine","Privacy or security concerns","3.40727%","-","-","-","-","12.9825%","-","-","-","-","-","-"
"State of Palestine","Internet service is not available in the area","4.5415%","-","-","-","-","2.07549%","-","-","-","-","-","-"
"State of Palestine","Internet service is available but it does not correspond to household needs","13.2416%","-","-","-","-","9.98119%","-","-","-","-","-","-"
"State of Palestine","Cultural reasons","-","-","-","-","-","12.4605%","-","-","-","-","-","-"
"State of Palestine","No electricity in the household","-","-","-","-","-","0.880694%","-","-","-","-","-","-"
"State of Palestine","Other reason","-","-","-","-","-","32.797%","-","-","-","-","-","-"
"Switzerland","Do not need the Internet","82.952%","-","-","74.3217%","-","72.4092%","-","57.5616%","-","65.7499%","-","-"
"Switzerland","Have access to the Internet elsewhere","9.72687%","-","-","24.9626%","-","24.6762%","-","-","-","-","-","-"
"Switzerland","Cost of the equipment is too high","17.8672%","-","-","31.4821%","-","30.33%","-","-","-","-","-","-"
"Switzerland","Cost of service is too high","17.8672%","-","-","28.0509%","-","30.0907%","-","-","-","-","-","-"
"Switzerland","Privacy or security concerns","29.1694%","-","-","32.7312%","-","37.376%","-","-","-","-","-","-"
"Switzerland","Internet service is not available in the area","-","-","-","14.4276%","-","11.8628%","-","-","-","-","-","-"
"Switzerland","Internet service is available but it does not correspond to household needs","-","-","-","-","-","-","-","-","-","-","-","-"
"Switzerland","Cultural reasons","-","-","-","-","-","-","-","-","-","-","-","-"
"Switzerland","No electricity in the household","-","-","-","-","-","-","-","-","-","-","-","-"
"Switzerland","Other reason","-","-","-","-","-","-","-","-","-","-","-","-"
"Thailand","Do not need the Internet","-","62.282%","61.8732%","59.3268%","60.8527%","58.635%","54.3737%","90.2045%","-","93.0314%","94.4985%","-"
"Thailand","Have access to the Internet elsewhere","-","7.57327%","5.72962%","4.26281%","3.07772%","2.82219%","1.6504%","2.66023%","-","1.84108%","1.58319%","-"
"Thailand","Cost of the equipment is too high","-","5.77277%","5.47452%","5.82475%","5.58229%","2.36898%","2.67256%","1.5573%","-","1.80715%","1.41392%","-"
"Thailand","Cost of service is too high","-","5.77277%","-","-","-","6.21777%","4.92971%","1.83157%","-","0.760589%","-","-"
"Thailand","Privacy or security concerns","-","0.323579%","0.494302%","0.548524%","0.569042%","0.288309%","0.125044%","-","-","-","-","-"
"Thailand","Internet service is not available in the area","-","0.819794%","0.545164%","0.506282%","0.305197%","8.90092%","6.50745%","2.08709%","-","1.05554%","-","-"
"Thailand","Internet service is available but it does not correspond to household needs","-","-","0.10395%","0.129595%","0.118461%","0.106162%","0.0320937%","-","-","-","-","-"
"Thailand","Cultural reasons","-","-","-","-","-","-","-","-","-","-","-","-"
"Thailand","No electricity in the household","-","-","-","-","-","-","-","-","-","-","-","-"
"Thailand","Other reason","-","-","-","33.3161%","-","-","-","1.65928%","-","1.50471%","2.50494%","-"
"Türkiye","Do not need the Internet","-","-","58.2398%","58.4375%","-","-","-","-","-","-","-","-"
"Türkiye","Have access to the Internet elsewhere","-","-","29.0645%","8.41757%","-","-","-","-","-","-","-","-"
"Türkiye","Cost of the equipment is too high","-","-","27.4277%","24.3155%","-","-","-","-","-","-","-","-"
"Türkiye","Cost of service is too high","-","-","28.2277%","25.9669%","-","-","-","-","-","-","-","-"
"Türkiye","Privacy or security concerns","-","-","4.18937%","7.73134%","-","-","-","-","-","-","-","-"
"Türkiye","Internet service is not available in the area","-","-","4.21914%","5.5164%","-","-","-","-","-","-","-","-"
"Türkiye","Internet service is available but it does not correspond to household needs","-","-","-","-","-","-","-","-","-","-","-","-"
"Türkiye","Cultural reasons","-","-","-","-","-","-","-","-","-","-","-","-"
"Türkiye","No electricity in the household","-","-","-","-","-","-","-","-","-","-","-","-"
"Türkiye","Other reason","-","-","0.676195%","0.852769%","-","-","-","-","-","-","-","-"
"Ukraine","Do not need the Internet","-","-","-","-","-","-","81.1744%","78.4977%","-","-","-","-"
"Ukraine","Have access to the Internet elsewhere","-","-","-","-","-","-","1.47134%","0.588143%","-","-","-","-"
"Ukraine","Cost of the equipment is too high","-","-","-","-","-","-","25.9538%","25.9712%","-","-","-","-"
"Ukraine","Cost of service is too high","-","-","-","-","-","-","20.068%","25.4979%","-","-","-","-"
"Ukraine","Privacy or security concerns","-","-","-","-","-","-","0.665847%","0.806632%","-","-","-","-"
"Ukraine","Internet service is not available in the area","-","-","-","-","-","-","-","-","-","-","-","-"
"Ukraine","Internet service is available but it does not correspond to household needs","-","-","-","-","-","-","0.0670509%","0.147272%","-","-","-","-"
"Ukraine","Cultural reasons","-","-","-","-","-","-","1.47056%","0.761881%","-","-","-","-"
"Ukraine","No electricity in the household","-","-","-","-","-","-","-","-","-","-","-","-"
"Ukraine","Other reason","-","-","-","-","-","-","-","-","-","-","-","-"
"United Arab Emirates","Do not need the Internet","-","-","797.41%","-","4.8%","4.752%","33.295%","29.9696%","-","-","-","-"
"United Arab Emirates","Have access to the Internet elsewhere","-","-","708.073%","-","19%","18.81%","71.3894%","74.969%","-","-","-","-"
"United Arab Emirates","Cost of the equipment is too high","-","-","239.885%","-","81%","80.19%","9.49859%","9.40487%","-","-","-","-"
"United Arab Emirates","Cost of service is too high","-","-","334.185%","-","76.2%","75.438%","18.9972%","18.8097%","-","-","-","-"
"United Arab Emirates","Privacy or security concerns","-","-","71.1385%","-","47.6%","47.124%","4.79929%","4.75194%","-","-","-","-"
"United Arab Emirates","Internet service is not available in the area","-","-","47.9777%","-","-","-","-","-","-","-","-","-"
"United Arab Emirates","Internet service is available but it does not correspond to household needs","-","-","41.3587%","-","-","-","-","-","-","-","-","-"
"United Arab Emirates","Cultural reasons","-","-","16.5435%","-","38.1%","37.719%","-","-","-","-","-","-"
"United Arab Emirates","No electricity in the household","-","-","-","-","-","-","-","-","-","-","-","-"
"United Arab Emirates","Other reason","-","-","62.8668%","-","4.2%","4.158%","9.49859%","9.40487%","-","-","-","-"
"Uzbekistan","Do not need the Internet","-","-","-","-","74.4789%","-","63.1257%","42.8283%","47.4276%","-","-","-"
"Uzbekistan","Have access to the Internet elsewhere","-","-","-","-","4.50954%","-","3.41218%","3.63649%","4.02672%","-","-","-"
"Uzbekistan","Cost of the equipment is too high","-","-","-","-","20.7059%","-","32.2609%","16.1616%","17.8971%","-","-","-"
"Uzbekistan","Cost of service is too high","-","-","-","-","5.97423%","-","9.61625%","9.29296%","10.2909%","-","-","-"
"Uzbekistan","Privacy or security concerns","-","-","-","-","0.194422%","-","0.15513%","3.03041%","3.35581%","-","-","-"
"Uzbekistan","Internet service is not available in the area","-","-","-","-","-","-","3.41218%","2.62635%","2.90833%","-","-","-"
"Uzbekistan","Internet service is available but it does not correspond to household needs","-","-","-","-","1.00917%","-","0.15513%","4.84836%","5.36917%","-","-","-"
"Uzbekistan","Cultural reasons","-","-","-","-","0.510221%","-","0.15513%","2.2223%","2.46084%","-","-","-"
"Uzbekistan","No electricity in the household","-","-","-","-","-","-","-","-","-","-","-","-"
"Uzbekistan","Other reason","-","-","-","-","2.24486%","-","6.97949%","3.83851%","7.15879%","-","-","-"
"Zimbabwe","Do not need the Internet","24.9905%","-","-","-","-","-","22.4577%","-","-","-","-","-"
"Zimbabwe","Have access to the Internet elsewhere","2.38016%","-","-","-","-","-","2.49531%","-","-","-","-","-"
"Zimbabwe","Cost of the equipment is too high","73.397%","-","-","-","-","-","69.1452%","-","-","-","-","-"
"Zimbabwe","Cost of service is too high","45.4069%","-","-","-","-","-","43.9896%","-","-","-","-","-"
"Zimbabwe","Privacy or security concerns","3.74196%","-","-","-","-","-","0.798747%","-","-","-","-","-"
"Zimbabwe","Internet service is not available in the area","9.74315%","-","-","-","-","-","9.68674%","-","-","-","-","-"
"Zimbabwe","Internet service is available but it does not correspond to household needs","3.40076%","-","-","-","-","-","1.7192%","-","-","-","-","-"
"Zimbabwe","Cultural reasons","3.14927%","-","-","-","-","-","2.39364%","-","-","-","-","-"
"Zimbabwe","No electricity in the household","-","-","-","-","-","-","5.90886%","-","-","-","-","-"
"Zimbabwe","Other reason","-","-","-","-","-","-","8.82926%","-","-","-","-","-"