"Economy","Indicator","2014","2015","2016","2017","2018","2019","2020","2021","2022","2023","2024","2025"
"Afghanistan","ICT Regulator responsible for e-Applications","No","-","-","-","No","No","No","-","-","-","-","-"
"Afghanistan","Regulatory framework for e-Applications","Yes","-","-","-","Yes","Yes","Yes","Yes","No","-","-","-"
"Afghanistan","Other entity responsible for e-Applications","Sector Ministry","-","-","-","-","-","Sector Ministry","-","-","-","-","-"
"Albania","ICT Regulator responsible for e-Applications","Yes","Yes","Yes","No","No","No","No","-","-","-","-","-"
"Albania","Regulatory framework for e-Applications","Yes","Yes","Yes","Yes","Yes","Yes","Yes","Yes","Yes","-","Yes","-"
"Albania","Other entity responsible for e-Applications","-","-","-","-","-","-","Specialized agency","-","-","-","-","-"
"Algeria","ICT Regulator responsible for e-Applications","-","No","No","No","No","No","No","-","-","-","-","-"
"Algeria","Regulatory framework for e-Applications","-","No","No","No","No","No","No","No","No","-","-","-"
"Algeria","Other entity responsible for e-Applications","-","-","-","-","-","-","-","-","-","-","-","-"
"Andorra","ICT Regulator responsible for e-Applications","-","-","No","-","-","-","-","-","-","-","-","-"
"Andorra","Regulatory framework for e-Applications","-","-","No","-","-","-","-","-","-","-","-","-"
"Andorra","Other entity responsible for e-Applications","-","-","-","-","-","-","-","-","-","-","-","-"
"Angola","ICT Regulator responsible for e-Applications","-","-","-","-","-","-","Yes","-","-","-","-","-"
"Angola","Regulatory framework for e-Applications","-","-","-","-","-","-","Yes","Yes","-","-","-","-"
"Angola","Other entity responsible for e-Applications","-","-","-","-","-","-","-","-","-","-","-","-"
"Argentina","ICT Regulator responsible for e-Applications","-","-","-","-","-","-","No","-","-","-","-","-"
"Argentina","Regulatory framework for e-Applications","-","-","-","-","-","-","Yes","Yes","Yes","-","-","-"
"Argentina","Other entity responsible for e-Applications","-","-","-","-","-","-","Specialized agency, Other","-","-","-","-","-"
"Armenia","ICT Regulator responsible for e-Applications","No","No","No","-","No","No","No","-","-","-","-","-"
"Armenia","Regulatory framework for e-Applications","Yes","Yes","Yes","-","Yes","Yes","Yes","Yes","No","-","-","-"
"Armenia","Other entity responsible for e-Applications","Other Ministry, Sector Ministry, Specialized agency","Specialized agency, Sector Ministry, Other Ministry","Specialized agency, Other Ministry, Sector Ministry","-","Other Ministry, Specialized agency, Sector Ministry","Specialized agency, Sector Ministry, Other Ministry","Other Ministry, Specialized agency, Sector Ministry","-","-","-","-","-"
"Australia","ICT Regulator responsible for e-Applications","Yes","No","-","No","No","No","No","-","-","-","-","-"
"Australia","Regulatory framework for e-Applications","Yes","No","-","Yes","Yes","Yes","Yes","Yes","-","-","-","-"
"Australia","Other entity responsible for e-Applications","-","-","-","-","-","-","-","-","-","-","-","-"
"Austria","ICT Regulator responsible for e-Applications","No","No","No","No","No","No","-","-","-","-","-","-"
"Austria","Regulatory framework for e-Applications","Yes","Yes","Yes","Yes","Yes","Yes","-","-","Yes","-","-","-"
"Austria","Other entity responsible for e-Applications","Sector Ministry, Other Ministry","Other Ministry, Sector Ministry","Sector Ministry, Other Ministry","Other Ministry, Sector Ministry","Sector Ministry, Other Ministry","-","-","-","-","-","-","-"
"Azerbaijan","ICT Regulator responsible for e-Applications","-","No","No","No","No","No","Yes","-","-","-","-","-"
"Azerbaijan","Regulatory framework for e-Applications","-","Yes","Yes","Yes","Yes","Yes","Yes","Yes","Yes","-","-","-"
"Azerbaijan","Other entity responsible for e-Applications","-","Specialized agency","Specialized agency","Specialized agency","Specialized agency","Specialized agency","Specialized agency","-","-","-","-","-"
"Bahamas","ICT Regulator responsible for e-Applications","No","-","No","No","No","No","No","-","-","-","-","-"
"Bahamas","Regulatory framework for e-Applications","No","-","Yes","Yes","Yes","Yes","Yes","Yes","No","-","No","-"
"Bahamas","Other entity responsible for e-Applications","-","-","Sector Ministry","Sector Ministry","Sector Ministry","-","-","-","-","-","-","-"
"Bahrain","ICT Regulator responsible for e-Applications","No","No","-","-","-","-","-","-","-","-","-","-"
"Bahrain","Regulatory framework for e-Applications","Yes","Yes","-","-","-","-","-","-","-","-","-","-"
"Bahrain","Other entity responsible for e-Applications","Specialized agency","Specialized agency","-","-","-","-","-","-","-","-","-","-"
"Bangladesh","ICT Regulator responsible for e-Applications","-","No","-","-","Yes","-","Yes","-","-","-","-","-"
"Bangladesh","Regulatory framework for e-Applications","-","No","-","-","Yes","-","Yes","Yes","Yes","-","-","-"
"Bangladesh","Other entity responsible for e-Applications","-","Other Ministry","-","-","-","-","-","-","-","-","-","-"
"Barbados","ICT Regulator responsible for e-Applications","No","-","-","-","-","-","-","-","-","-","-","-"
"Barbados","Regulatory framework for e-Applications","-","-","-","-","-","-","-","-","-","-","-","-"
"Barbados","Other entity responsible for e-Applications","-","-","-","-","-","-","-","-","-","-","-","-"
"Belarus","ICT Regulator responsible for e-Applications","-","-","-","-","No","-","-","-","-","-","-","-"
"Belarus","Regulatory framework for e-Applications","-","-","-","-","Yes","-","-","-","No","-","-","-"
"Belarus","Other entity responsible for e-Applications","-","-","-","-","-","-","-","-","-","-","-","-"
"Belgium","ICT Regulator responsible for e-Applications","-","No","No","No","No","No","No","-","-","-","-","-"
"Belgium","Regulatory framework for e-Applications","-","No","No","No","No","No","Yes","Yes","Yes","-","Yes","-"
"Belgium","Other entity responsible for e-Applications","-","Sector Ministry","Sector Ministry","Sector Ministry","-","-","-","-","-","-","-","-"
"Belize","ICT Regulator responsible for e-Applications","No","-","-","-","-","-","-","-","-","-","-","-"
"Belize","Regulatory framework for e-Applications","No","-","-","-","-","-","-","-","-","-","-","-"
"Belize","Other entity responsible for e-Applications","Other Ministry","-","-","-","-","-","-","-","-","-","-","-"
"Benin","ICT Regulator responsible for e-Applications","No","No","No","No","No","No","No","-","-","-","-","-"
"Benin","Regulatory framework for e-Applications","No","-","No","-","-","No","No","No","No","-","-","-"
"Benin","Other entity responsible for e-Applications","Sector Ministry","Sector Ministry, Specialized agency","Sector Ministry, Specialized agency","Specialized agency, Sector Ministry","Specialized agency","Specialized agency","Specialized agency","-","-","-","-","-"
"Bhutan","ICT Regulator responsible for e-Applications","-","-","No","-","-","-","-","-","-","-","-","-"
"Bhutan","Regulatory framework for e-Applications","-","-","Yes","-","-","-","-","-","-","-","-","-"
"Bhutan","Other entity responsible for e-Applications","-","-","Sector Ministry","-","-","-","-","-","-","-","-","-"
"Bolivia (Plurinational State of)","ICT Regulator responsible for e-Applications","-","-","-","-","-","No","-","-","-","-","-","-"
"Bolivia (Plurinational State of)","Regulatory framework for e-Applications","-","-","-","-","-","No","-","-","No","-","-","-"
"Bolivia (Plurinational State of)","Other entity responsible for e-Applications","-","-","-","-","-","-","-","-","-","-","-","-"
"Bosnia and Herzegovina","ICT Regulator responsible for e-Applications","No","-","-","-","No","No","No","-","-","-","-","-"
"Bosnia and Herzegovina","Regulatory framework for e-Applications","No","-","-","-","No","No","No","No","No","-","No","-"
"Bosnia and Herzegovina","Other entity responsible for e-Applications","Other","-","-","-","-","-","-","-","-","-","-","-"
"Botswana","ICT Regulator responsible for e-Applications","-","-","-","-","-","No","No","-","-","-","-","-"
"Botswana","Regulatory framework for e-Applications","-","-","-","-","-","Yes","Yes","Yes","Yes","-","Yes","-"
"Botswana","Other entity responsible for e-Applications","-","-","-","-","-","-","-","-","-","-","-","-"
"Brazil","ICT Regulator responsible for e-Applications","No","No","No","No","No","No","No","-","-","-","-","-"
"Brazil","Regulatory framework for e-Applications","Yes","Yes","Yes","Yes","Yes","Yes","Yes","Yes","Yes","-","Yes","-"
"Brazil","Other entity responsible for e-Applications","Other, Other Ministry","Other Ministry, Other","Other Ministry, Other","Other Ministry, Other","Other Ministry, Other","Other Ministry, Other","Other Ministry, Other","-","-","-","-","-"
"Brunei Darussalam","ICT Regulator responsible for e-Applications","No","-","-","-","No","No","-","-","-","-","-","-"
"Brunei Darussalam","Regulatory framework for e-Applications","Yes","-","-","-","No","No","-","-","No","-","-","-"
"Brunei Darussalam","Other entity responsible for e-Applications","Other Ministry","-","-","-","-","-","-","-","-","-","-","-"
"Bulgaria","ICT Regulator responsible for e-Applications","No","No","No","No","No","No","No","-","-","-","-","-"
"Bulgaria","Regulatory framework for e-Applications","Yes","Yes","No","-","-","-","No","No","No","-","-","-"
"Bulgaria","Other entity responsible for e-Applications","Other Ministry","-","Sector Ministry","Other","Other","Other","Other","-","-","-","-","-"
"Burkina Faso","ICT Regulator responsible for e-Applications","-","No","-","Yes","Yes","Yes","-","-","-","-","-","-"
"Burkina Faso","Regulatory framework for e-Applications","Yes","No","-","Yes","Yes","Yes","-","-","-","-","-","-"
"Burkina Faso","Other entity responsible for e-Applications","-","-","-","-","-","-","-","-","-","-","-","-"
"Burundi","ICT Regulator responsible for e-Applications","-","-","Yes","-","No","No","No","-","-","-","-","-"
"Burundi","Regulatory framework for e-Applications","-","-","No","-","No","No","No","No","No","-","-","-"
"Burundi","Other entity responsible for e-Applications","-","-","-","-","-","-","-","-","-","-","-","-"
"Cabo Verde","ICT Regulator responsible for e-Applications","Yes","Yes","No","-","-","No","No","-","-","-","-","-"
"Cabo Verde","Regulatory framework for e-Applications","-","-","No","-","-","-","No","No","No","-","-","-"
"Cabo Verde","Other entity responsible for e-Applications","-","-","-","-","-","-","-","-","-","-","-","-"
"Cambodia","ICT Regulator responsible for e-Applications","Yes","Yes","-","No","No","No","No","-","-","-","-","-"
"Cambodia","Regulatory framework for e-Applications","No","Yes","Yes","Yes","Yes","Yes","Yes","Yes","Yes","-","-","-"
"Cambodia","Other entity responsible for e-Applications","-","-","-","-","-","-","-","-","-","-","-","-"
"Cameroon","ICT Regulator responsible for e-Applications","-","No","-","-","-","No","No","-","-","-","-","-"
"Cameroon","Regulatory framework for e-Applications","-","No","-","-","-","Yes","Yes","Yes","-","-","No","-"
"Cameroon","Other entity responsible for e-Applications","-","Specialized agency, Other","-","-","-","Specialized agency","Specialized agency","-","-","-","-","-"
"Canada","ICT Regulator responsible for e-Applications","No","No","No","-","-","-","-","-","-","-","-","-"
"Canada","Regulatory framework for e-Applications","-","No","No","-","-","-","-","-","-","-","-","-"
"Canada","Other entity responsible for e-Applications","Sector Ministry","Sector Ministry","Sector Ministry","-","-","-","-","-","-","-","-","-"
"Central African Rep.","ICT Regulator responsible for e-Applications","-","-","-","-","-","No","No","-","-","-","-","-"
"Central African Rep.","Regulatory framework for e-Applications","No","-","-","-","-","No","No","No","-","-","-","-"
"Central African Rep.","Other entity responsible for e-Applications","-","-","-","-","-","-","-","-","-","-","-","-"
"Chad","ICT Regulator responsible for e-Applications","-","-","Yes","-","-","-","-","-","-","-","-","-"
"Chad","Regulatory framework for e-Applications","-","-","Yes","-","-","-","-","-","-","-","-","-"
"Chad","Other entity responsible for e-Applications","-","-","Specialized agency, Other Ministry","-","-","-","-","-","-","-","-","-"
"Chile","ICT Regulator responsible for e-Applications","No","No","-","-","No","No","No","-","-","-","-","-"
"Chile","Regulatory framework for e-Applications","No","No","-","-","No","No","No","No","No","-","-","-"
"Chile","Other entity responsible for e-Applications","Other","Other","-","-","-","-","-","-","-","-","-","-"
"China","ICT Regulator responsible for e-Applications","Yes","-","-","-","No","No","Yes","-","-","-","-","-"
"China","Regulatory framework for e-Applications","-","-","-","-","Yes","Yes","Yes","Yes","Yes","-","Yes","-"
"China","Other entity responsible for e-Applications","-","-","-","-","-","-","-","-","-","-","-","-"
"Colombia","ICT Regulator responsible for e-Applications","No","-","-","-","Yes","Yes","Yes","-","-","-","-","-"
"Colombia","Regulatory framework for e-Applications","Yes","-","-","-","Yes","Yes","Yes","Yes","Yes","-","Yes","-"
"Colombia","Other entity responsible for e-Applications","Sector Ministry","-","-","-","Sector Ministry","Sector Ministry","-","-","-","-","-","-"
"Comoros","ICT Regulator responsible for e-Applications","-","-","No","-","No","No","-","-","-","-","-","-"
"Comoros","Regulatory framework for e-Applications","-","-","No","-","No","No","-","-","-","-","-","-"
"Comoros","Other entity responsible for e-Applications","-","-","Other","-","-","-","-","-","-","-","-","-"
"Congo (Rep. of the)","ICT Regulator responsible for e-Applications","-","-","-","No","No","No","No","-","-","-","-","-"
"Congo (Rep. of the)","Regulatory framework for e-Applications","-","-","-","No","No","No","No","No","No","-","Yes","-"
"Congo (Rep. of the)","Other entity responsible for e-Applications","-","-","-","-","-","-","-","-","-","-","-","-"
"Costa Rica","ICT Regulator responsible for e-Applications","No","No","No","No","No","No","No","-","-","-","-","-"
"Costa Rica","Regulatory framework for e-Applications","No","No","No","No","No","No","No","No","No","-","Yes","-"
"Costa Rica","Other entity responsible for e-Applications","Other","Sector Ministry","Sector Ministry","Sector Ministry","Sector Ministry","Sector Ministry","Sector Ministry","-","-","-","-","-"
"Croatia","ICT Regulator responsible for e-Applications","No","No","No","No","No","No","No","-","-","-","-","-"
"Croatia","Regulatory framework for e-Applications","Yes","Yes","Yes","Yes","Yes","Yes","Yes","Yes","Yes","-","-","-"
"Croatia","Other entity responsible for e-Applications","Other Ministry","Other Ministry","Other Ministry","Other Ministry","Other Ministry","Other Ministry","Other Ministry","-","-","-","-","-"
"Cuba","ICT Regulator responsible for e-Applications","-","-","-","-","Yes","Yes","Yes","-","-","-","-","-"
"Cuba","Regulatory framework for e-Applications","-","-","-","-","Yes","Yes","Yes","Yes","Yes","-","-","-"
"Cuba","Other entity responsible for e-Applications","-","-","-","-","Sector Ministry","Sector Ministry","Sector Ministry","-","-","-","-","-"
"Cyprus","ICT Regulator responsible for e-Applications","-","-","-","No","No","No","No","-","-","-","-","-"
"Cyprus","Regulatory framework for e-Applications","-","-","-","-","-","-","-","-","-","-","Yes","-"
"Cyprus","Other entity responsible for e-Applications","-","-","-","-","-","-","-","-","-","-","-","-"
"Czech Republic","ICT Regulator responsible for e-Applications","No","No","-","-","No","No","No","-","-","-","-","-"
"Czech Republic","Regulatory framework for e-Applications","No","No","-","-","No","No","No","No","No","-","No","-"
"Czech Republic","Other entity responsible for e-Applications","-","Other Ministry","-","-","-","-","-","-","-","-","-","-"
"Dem. Rep. of the Congo","ICT Regulator responsible for e-Applications","-","Yes","-","-","-","-","-","-","-","-","-","-"
"Dem. Rep. of the Congo","Regulatory framework for e-Applications","-","No","-","-","-","-","-","-","-","-","-","-"
"Dem. Rep. of the Congo","Other entity responsible for e-Applications","-","-","-","-","-","-","-","-","-","-","-","-"
"Denmark","ICT Regulator responsible for e-Applications","-","-","-","-","-","No","-","-","-","-","-","-"
"Denmark","Regulatory framework for e-Applications","-","-","-","-","-","No","-","-","-","-","-","-"
"Denmark","Other entity responsible for e-Applications","-","-","-","-","-","-","-","-","-","-","-","-"
"Dominica","ICT Regulator responsible for e-Applications","No","-","No","-","-","-","-","-","-","-","-","-"
"Dominica","Regulatory framework for e-Applications","No","-","No","-","-","-","-","-","-","-","-","-"
"Dominica","Other entity responsible for e-Applications","Sector Ministry","-","Other Ministry","-","-","-","-","-","-","-","-","-"
"Dominican Rep.","ICT Regulator responsible for e-Applications","No","No","No","No","No","No","No","-","-","-","-","-"
"Dominican Rep.","Regulatory framework for e-Applications","No","No","No","No","No","No","No","No","No","-","Yes","-"
"Dominican Rep.","Other entity responsible for e-Applications","Other","Other","Other","Other","-","-","-","-","-","-","-","-"
"Ecuador","ICT Regulator responsible for e-Applications","-","-","-","-","No","No","No","-","-","-","-","-"
"Ecuador","Regulatory framework for e-Applications","-","-","-","-","No","-","-","-","-","-","-","-"
"Ecuador","Other entity responsible for e-Applications","-","-","-","-","Sector Ministry","Sector Ministry","Sector Ministry","-","-","-","-","-"
"Egypt","ICT Regulator responsible for e-Applications","Yes","Yes","Yes","-","-","-","No","-","-","-","-","-"
"Egypt","Regulatory framework for e-Applications","Yes","Yes","Yes","-","-","-","Yes","Yes","Yes","-","Yes","-"
"Egypt","Other entity responsible for e-Applications","-","-","-","-","-","-","-","-","-","-","-","-"
"El Salvador","ICT Regulator responsible for e-Applications","-","No","-","-","-","-","-","-","-","-","-","-"
"El Salvador","Regulatory framework for e-Applications","-","No","-","-","-","-","-","-","-","-","-","-"
"El Salvador","Other entity responsible for e-Applications","-","-","-","-","-","-","-","-","-","-","-","-"
"Equatorial Guinea","ICT Regulator responsible for e-Applications","Yes","-","Yes","-","Yes","Yes","Yes","-","-","-","-","-"
"Equatorial Guinea","Regulatory framework for e-Applications","Yes","-","No","-","Yes","Yes","Yes","Yes","No","-","-","-"
"Equatorial Guinea","Other entity responsible for e-Applications","-","-","Sector Ministry","-","Sector Ministry","Sector Ministry","-","-","-","-","-","-"
"Estonia","ICT Regulator responsible for e-Applications","-","No","No","No","No","No","Yes","-","-","-","-","-"
"Estonia","Regulatory framework for e-Applications","-","No","Yes","Yes","Yes","No","Yes","Yes","Yes","-","-","-"
"Estonia","Other entity responsible for e-Applications","-","Sector Ministry","Sector Ministry","Sector Ministry","-","-","-","-","-","-","-","-"
"Eswatini","ICT Regulator responsible for e-Applications","-","-","-","-","Yes","Yes","-","-","-","-","-","-"
"Eswatini","Regulatory framework for e-Applications","-","-","-","-","No","Yes","-","-","-","-","-","-"
"Eswatini","Other entity responsible for e-Applications","-","-","-","-","-","-","-","-","-","-","-","-"
"Ethiopia","ICT Regulator responsible for e-Applications","Yes","-","Yes","-","Yes","-","-","-","-","-","-","-"
"Ethiopia","Regulatory framework for e-Applications","Yes","-","-","-","Yes","-","-","-","-","-","-","-"
"Ethiopia","Other entity responsible for e-Applications","-","-","-","-","Sector Ministry","-","-","-","-","-","-","-"
"Finland","ICT Regulator responsible for e-Applications","Yes","Yes","Yes","Yes","Yes","Yes","Yes","-","-","-","-","-"
"Finland","Regulatory framework for e-Applications","Yes","Yes","Yes","Yes","Yes","Yes","Yes","Yes","Yes","-","Yes","-"
"Finland","Other entity responsible for e-Applications","-","-","-","-","-","-","Sector Ministry","-","-","-","-","-"
"France","ICT Regulator responsible for e-Applications","No","No","No","No","No","No","No","-","-","-","-","-"
"France","Regulatory framework for e-Applications","No","-","Yes","Yes","Yes","Yes","Yes","Yes","Yes","-","Yes","-"
"France","Other entity responsible for e-Applications","-","-","Sector Ministry","-","-","-","-","-","-","-","-","-"
"Gabon","ICT Regulator responsible for e-Applications","-","Yes","-","No","No","No","No","-","-","-","-","-"
"Gabon","Regulatory framework for e-Applications","-","No","-","No","No","No","No","No","No","-","-","-"
"Gabon","Other entity responsible for e-Applications","-","-","-","-","-","-","-","-","-","-","-","-"
"Gambia","ICT Regulator responsible for e-Applications","-","-","-","-","-","-","-","-","-","-","-","-"
"Gambia","Regulatory framework for e-Applications","-","-","-","-","-","-","-","-","-","-","Yes","-"
"Gambia","Other entity responsible for e-Applications","-","-","-","-","-","-","-","-","-","-","-","-"
"Georgia","ICT Regulator responsible for e-Applications","-","-","No","No","No","No","No","-","-","-","-","-"
"Georgia","Regulatory framework for e-Applications","-","-","No","No","No","No","No","No","No","-","No","-"
"Georgia","Other entity responsible for e-Applications","-","-","-","Other","Other","-","-","-","-","-","-","-"
"Germany","ICT Regulator responsible for e-Applications","No","No","No","-","No","Yes","Yes","-","-","-","-","-"
"Germany","Regulatory framework for e-Applications","No","-","No","-","Yes","Yes","Yes","Yes","Yes","-","Yes","-"
"Germany","Other entity responsible for e-Applications","-","-","-","-","-","Other","Other","-","-","-","-","-"
"Ghana","ICT Regulator responsible for e-Applications","No","-","-","-","No","No","No","-","-","-","-","-"
"Ghana","Regulatory framework for e-Applications","Yes","-","-","-","Yes","Yes","Yes","Yes","Yes","-","Yes","-"
"Ghana","Other entity responsible for e-Applications","Sector Ministry","-","-","-","-","-","-","-","-","-","-","-"
"Greece","ICT Regulator responsible for e-Applications","No","Yes","Yes","Yes","Yes","Yes","Yes","-","-","-","-","-"
"Greece","Regulatory framework for e-Applications","-","-","-","-","-","No","No","No","No","-","-","-"
"Greece","Other entity responsible for e-Applications","-","-","-","-","-","-","-","-","-","-","-","-"
"Grenada","ICT Regulator responsible for e-Applications","-","-","-","-","-","-","No","-","-","-","-","-"
"Grenada","Regulatory framework for e-Applications","-","-","-","-","-","-","Yes","Yes","Yes","-","-","-"
"Grenada","Other entity responsible for e-Applications","-","-","-","-","-","-","-","-","-","-","-","-"
"Guatemala","ICT Regulator responsible for e-Applications","-","-","No","No","No","No","No","-","-","-","-","-"
"Guatemala","Regulatory framework for e-Applications","-","-","No","No","No","No","No","No","No","-","No","-"
"Guatemala","Other entity responsible for e-Applications","-","-","-","-","-","-","-","-","-","-","-","-"
"Guinea","ICT Regulator responsible for e-Applications","No","Yes","Yes","Yes","Yes","-","-","-","-","-","-","-"
"Guinea","Regulatory framework for e-Applications","No","No","No","No","No","-","-","-","-","-","-","-"
"Guinea","Other entity responsible for e-Applications","Sector Ministry","Sector Ministry","Sector Ministry","Sector Ministry","Sector Ministry","-","-","-","-","-","-","-"
"Guyana","ICT Regulator responsible for e-Applications","-","-","-","-","No","No","No","-","-","-","-","-"
"Guyana","Regulatory framework for e-Applications","-","-","-","-","No","No","No","No","-","-","-","-"
"Guyana","Other entity responsible for e-Applications","-","-","-","-","-","-","-","-","-","-","-","-"
"Haiti","ICT Regulator responsible for e-Applications","-","-","-","-","-","No","-","-","-","-","-","-"
"Haiti","Regulatory framework for e-Applications","-","-","-","-","-","-","-","-","-","-","-","-"
"Haiti","Other entity responsible for e-Applications","-","-","-","-","-","-","-","-","-","-","-","-"
"Honduras","ICT Regulator responsible for e-Applications","-","-","-","-","No","No","No","-","-","-","-","-"
"Honduras","Regulatory framework for e-Applications","-","-","-","-","-","No","No","No","-","-","-","-"
"Honduras","Other entity responsible for e-Applications","Other","-","-","-","-","-","-","-","-","-","-","-"
"Hong Kong, China","ICT Regulator responsible for e-Applications","No","-","No","No","No","No","No","-","-","-","-","-"
"Hong Kong, China","Regulatory framework for e-Applications","Yes","-","Yes","Yes","Yes","Yes","Yes","Yes","Yes","-","Yes","-"
"Hong Kong, China","Other entity responsible for e-Applications","Other","-","Other","Other","Other","Other","Other","-","-","-","-","-"
"Hungary","ICT Regulator responsible for e-Applications","No","-","-","-","Yes","Yes","Yes","-","-","-","-","-"
"Hungary","Regulatory framework for e-Applications","Yes","-","-","-","No","No","No","No","No","-","-","-"
"Hungary","Other entity responsible for e-Applications","Other Ministry, Sector Ministry","-","-","-","Sector Ministry","Sector Ministry","Sector Ministry","-","-","-","-","-"
"Iceland","ICT Regulator responsible for e-Applications","No","No","No","No","No","No","No","-","-","-","-","-"
"Iceland","Regulatory framework for e-Applications","No","No","No","No","-","-","-","-","No","-","-","-"
"Iceland","Other entity responsible for e-Applications","Other Ministry","Other Ministry","Other Ministry","Other Ministry","-","-","-","-","-","-","-","-"
"India","ICT Regulator responsible for e-Applications","No","-","-","-","-","No","Yes","-","-","-","-","-"
"India","Regulatory framework for e-Applications","-","-","-","-","-","Yes","Yes","Yes","Yes","-","Yes","-"
"India","Other entity responsible for e-Applications","Sector Ministry","-","-","-","-","-","Sector Ministry","-","-","-","-","-"
"Indonesia","ICT Regulator responsible for e-Applications","-","Yes","Yes","Yes","Yes","-","Yes","-","-","-","-","-"
"Indonesia","Regulatory framework for e-Applications","-","Yes","Yes","Yes","Yes","-","Yes","Yes","Yes","-","Yes","-"
"Indonesia","Other entity responsible for e-Applications","-","-","-","-","-","-","-","-","-","-","-","-"
"Iran (Islamic Republic of)","ICT Regulator responsible for e-Applications","Yes","Yes","Yes","Yes","No","No","No","-","-","-","-","-"
"Iran (Islamic Republic of)","Regulatory framework for e-Applications","Yes","Yes","Yes","Yes","Yes","Yes","Yes","Yes","Yes","-","-","-"
"Iran (Islamic Republic of)","Other entity responsible for e-Applications","-","-","-","-","-","-","Sector Ministry","-","-","-","-","-"
"Iraq","ICT Regulator responsible for e-Applications","-","-","-","-","No","No","No","-","-","-","-","-"
"Iraq","Regulatory framework for e-Applications","-","-","-","-","Yes","Yes","Yes","Yes","Yes","-","Yes","-"
"Iraq","Other entity responsible for e-Applications","-","-","-","-","-","-","-","-","-","-","-","-"
"Ireland","ICT Regulator responsible for e-Applications","No","No","No","-","-","-","No","-","-","-","-","-"
"Ireland","Regulatory framework for e-Applications","No","No","No","-","-","-","-","-","-","-","-","-"
"Ireland","Other entity responsible for e-Applications","-","-","Other","-","-","-","-","-","-","-","-","-"
"Israel","ICT Regulator responsible for e-Applications","-","No","-","-","No","No","No","-","-","-","-","-"
"Israel","Regulatory framework for e-Applications","-","Yes","-","-","Yes","Yes","Yes","Yes","No","-","Yes","-"
"Israel","Other entity responsible for e-Applications","-","Specialized agency","-","-","-","-","-","-","-","-","-","-"
"Italy","ICT Regulator responsible for e-Applications","No","-","-","No","-","-","-","-","-","-","-","-"
"Italy","Regulatory framework for e-Applications","No","-","-","-","-","-","-","-","-","-","-","-"
"Italy","Other entity responsible for e-Applications","Other","-","-","-","-","-","-","-","-","-","-","-"
"Jamaica","ICT Regulator responsible for e-Applications","No","-","No","No","-","-","-","-","-","-","-","-"
"Jamaica","Regulatory framework for e-Applications","-","-","No","No","-","-","-","-","-","-","-","-"
"Jamaica","Other entity responsible for e-Applications","-","-","-","-","-","-","-","-","-","-","-","-"
"Japan","ICT Regulator responsible for e-Applications","-","-","-","-","-","-","-","-","-","-","-","-"
"Japan","Regulatory framework for e-Applications","-","-","-","-","-","-","-","-","-","-","Yes","-"
"Japan","Other entity responsible for e-Applications","-","-","-","-","-","-","-","-","-","-","-","-"
"Jordan","ICT Regulator responsible for e-Applications","-","-","-","-","Yes","-","No","-","-","-","-","-"
"Jordan","Regulatory framework for e-Applications","-","-","-","-","Yes","-","Yes","Yes","-","-","-","-"
"Jordan","Other entity responsible for e-Applications","-","-","-","-","-","-","-","-","-","-","-","-"
"Kenya","ICT Regulator responsible for e-Applications","-","Yes","-","-","-","Yes","Yes","-","-","-","-","-"
"Kenya","Regulatory framework for e-Applications","-","Yes","-","-","-","No","Yes","Yes","Yes","-","-","-"
"Kenya","Other entity responsible for e-Applications","-","-","-","-","-","-","-","-","-","-","-","-"
"Korea (Rep. of)","ICT Regulator responsible for e-Applications","-","-","-","-","-","-","Yes","-","-","-","-","-"
"Korea (Rep. of)","Regulatory framework for e-Applications","-","-","-","-","-","-","Yes","Yes","-","-","-","-"
"Korea (Rep. of)","Other entity responsible for e-Applications","-","-","-","-","-","-","-","-","-","-","-","-"
"Kuwait","ICT Regulator responsible for e-Applications","-","-","No","Yes","Yes","Yes","Yes","-","-","-","-","-"
"Kuwait","Regulatory framework for e-Applications","-","-","Yes","Yes","Yes","Yes","Yes","Yes","Yes","-","Yes","-"
"Kuwait","Other entity responsible for e-Applications","-","-","Sector Ministry","-","-","-","-","-","-","-","-","-"
"Kyrgyzstan","ICT Regulator responsible for e-Applications","-","No","No","-","-","-","Yes","-","-","-","-","-"
"Kyrgyzstan","Regulatory framework for e-Applications","-","No","No","-","-","-","Yes","Yes","-","-","-","-"
"Kyrgyzstan","Other entity responsible for e-Applications","-","-","-","-","-","-","Other","-","-","-","-","-"
"Lao P.D.R.","ICT Regulator responsible for e-Applications","Yes","-","-","-","-","-","-","-","-","-","-","-"
"Lao P.D.R.","Regulatory framework for e-Applications","No","-","-","-","-","-","-","-","-","-","-","-"
"Lao P.D.R.","Other entity responsible for e-Applications","-","-","-","-","-","-","-","-","-","-","-","-"
"Latvia","ICT Regulator responsible for e-Applications","No","-","No","No","No","No","No","-","-","-","-","-"
"Latvia","Regulatory framework for e-Applications","No","No","No","No","No","No","No","No","No","-","-","-"
"Latvia","Other entity responsible for e-Applications","Specialized agency","Specialized agency","Specialized agency","-","-","-","-","-","-","-","-","-"
"Lebanon","ICT Regulator responsible for e-Applications","-","-","-","-","-","-","-","-","-","-","-","-"
"Lebanon","Regulatory framework for e-Applications","No","-","-","-","-","-","-","-","-","-","-","-"
"Lebanon","Other entity responsible for e-Applications","Other","-","-","-","-","-","-","-","-","-","-","-"
"Lesotho","ICT Regulator responsible for e-Applications","-","Yes","-","-","No","-","-","-","-","-","-","-"
"Lesotho","Regulatory framework for e-Applications","-","Yes","-","-","No","-","-","-","-","-","No","-"
"Lesotho","Other entity responsible for e-Applications","-","-","-","-","-","-","-","-","-","-","-","-"
"Liberia","ICT Regulator responsible for e-Applications","-","-","-","-","No","No","No","-","-","-","-","-"
"Liberia","Regulatory framework for e-Applications","-","-","-","-","Yes","Yes","Yes","Yes","-","-","Yes","-"
"Liberia","Other entity responsible for e-Applications","-","-","-","-","-","-","-","-","-","-","-","-"
"Libya","ICT Regulator responsible for e-Applications","-","-","-","-","-","-","No","-","-","-","-","-"
"Libya","Regulatory framework for e-Applications","-","-","-","-","-","-","No","No","-","-","-","-"
"Libya","Other entity responsible for e-Applications","-","-","-","-","-","-","-","-","-","-","-","-"
"Liechtenstein","ICT Regulator responsible for e-Applications","No","No","No","No","No","No","No","-","-","-","-","-"
"Liechtenstein","Regulatory framework for e-Applications","Yes","Yes","Yes","Yes","Yes","Yes","Yes","Yes","Yes","-","Yes","-"
"Liechtenstein","Other entity responsible for e-Applications","Sector Ministry","Sector Ministry","Sector Ministry","Sector Ministry","-","-","-","-","-","-","-","-"
"Lithuania","ICT Regulator responsible for e-Applications","No","-","-","-","-","No","No","-","-","-","-","-"
"Lithuania","Regulatory framework for e-Applications","No","-","-","-","-","-","-","-","-","-","Yes","-"
"Lithuania","Other entity responsible for e-Applications","Specialized agency","-","-","-","-","-","-","-","-","-","-","-"
"Luxembourg","ICT Regulator responsible for e-Applications","No","-","-","-","-","No","No","-","-","-","-","-"
"Luxembourg","Regulatory framework for e-Applications","-","-","-","-","-","Yes","Yes","Yes","Yes","-","-","-"
"Luxembourg","Other entity responsible for e-Applications","Specialized agency","-","-","-","-","-","-","-","-","-","-","-"
"Madagascar","ICT Regulator responsible for e-Applications","-","-","-","-","No","No","No","-","-","-","-","-"
"Madagascar","Regulatory framework for e-Applications","-","-","-","-","No","No","No","No","-","-","-","-"
"Madagascar","Other entity responsible for e-Applications","-","-","-","-","-","-","-","-","-","-","-","-"
"Malawi","ICT Regulator responsible for e-Applications","-","Yes","Yes","-","Yes","Yes","Yes","-","-","-","-","-"
"Malawi","Regulatory framework for e-Applications","-","No","Yes","-","No","No","No","No","No","-","-","-"
"Malawi","Other entity responsible for e-Applications","-","-","-","-","-","-","Sector Ministry","-","-","-","-","-"
"Malaysia","ICT Regulator responsible for e-Applications","-","-","No","-","-","No","Yes","-","-","-","-","-"
"Malaysia","Regulatory framework for e-Applications","-","-","-","-","-","Yes","Yes","Yes","-","-","-","-"
"Malaysia","Other entity responsible for e-Applications","-","-","Specialized agency","-","-","-","-","-","-","-","-","-"
"Mali","ICT Regulator responsible for e-Applications","-","-","-","-","Yes","Yes","Yes","-","-","-","-","-"
"Mali","Regulatory framework for e-Applications","-","-","-","-","No","No","No","No","-","-","-","-"
"Mali","Other entity responsible for e-Applications","-","-","-","-","-","-","-","-","-","-","-","-"
"Malta","ICT Regulator responsible for e-Applications","-","-","No","No","No","No","No","-","-","-","-","-"
"Malta","Regulatory framework for e-Applications","-","-","No","-","-","-","-","-","-","-","-","-"
"Malta","Other entity responsible for e-Applications","-","-","-","-","-","-","Other","-","-","-","-","-"
"Marshall Islands","ICT Regulator responsible for e-Applications","No","No","No","-","-","-","-","-","-","-","-","-"
"Marshall Islands","Regulatory framework for e-Applications","No","No","No","-","-","-","-","-","-","-","No","-"
"Marshall Islands","Other entity responsible for e-Applications","-","-","-","-","-","-","-","-","-","-","-","-"
"Mauritania","ICT Regulator responsible for e-Applications","-","-","-","-","No","-","-","-","-","-","-","-"
"Mauritania","Regulatory framework for e-Applications","-","-","-","-","-","-","-","-","-","-","-","-"
"Mauritania","Other entity responsible for e-Applications","-","-","-","-","-","-","-","-","-","-","-","-"
"Mauritius","ICT Regulator responsible for e-Applications","Yes","-","-","-","Yes","Yes","Yes","-","-","-","-","-"
"Mauritius","Regulatory framework for e-Applications","-","-","-","-","-","-","-","-","-","-","No","-"
"Mauritius","Other entity responsible for e-Applications","-","-","-","-","Sector Ministry","Sector Ministry","Sector Ministry","-","-","-","-","-"
"Mexico","ICT Regulator responsible for e-Applications","No","Yes","Yes","Yes","No","No","No","-","-","-","-","-"
"Mexico","Regulatory framework for e-Applications","No","Yes","Yes","Yes","Yes","Yes","Yes","Yes","No","-","No","-"
"Mexico","Other entity responsible for e-Applications","-","-","-","-","-","-","-","-","-","-","-","-"
"Micronesia","ICT Regulator responsible for e-Applications","-","-","No","-","-","No","No","-","-","-","-","-"
"Micronesia","Regulatory framework for e-Applications","-","-","No","-","-","Yes","Yes","Yes","-","-","-","-"
"Micronesia","Other entity responsible for e-Applications","-","-","-","-","-","-","-","-","-","-","-","-"
"Moldova","ICT Regulator responsible for e-Applications","No","No","No","No","No","No","No","-","-","-","-","-"
"Moldova","Regulatory framework for e-Applications","-","Yes","Yes","Yes","Yes","Yes","Yes","Yes","Yes","-","-","-"
"Moldova","Other entity responsible for e-Applications","Sector Ministry, Specialized agency","Sector Ministry, Specialized agency","Sector Ministry, Specialized agency","Sector Ministry, Specialized agency","Specialized agency, Sector Ministry","Sector Ministry, Specialized agency","Specialized agency, Sector Ministry","-","-","-","-","-"
"Mongolia","ICT Regulator responsible for e-Applications","-","-","-","-","No","No","No","-","-","-","-","-"
"Mongolia","Regulatory framework for e-Applications","-","-","-","-","No","Yes","Yes","Yes","Yes","-","-","-"
"Mongolia","Other entity responsible for e-Applications","-","-","-","-","-","Specialized agency","Specialized agency","-","-","-","-","-"
"Montenegro","ICT Regulator responsible for e-Applications","No","No","No","No","No","No","No","-","-","-","-","-"
"Montenegro","Regulatory framework for e-Applications","Yes","Yes","Yes","Yes","Yes","Yes","Yes","Yes","Yes","-","-","-"
"Montenegro","Other entity responsible for e-Applications","-","Sector Ministry","Sector Ministry","Other Ministry","-","-","-","-","-","-","-","-"
"Morocco","ICT Regulator responsible for e-Applications","-","No","No","No","No","No","No","-","-","-","-","-"
"Morocco","Regulatory framework for e-Applications","Yes","Yes","Yes","Yes","Yes","Yes","Yes","Yes","Yes","-","Yes","-"
"Morocco","Other entity responsible for e-Applications","Sector Ministry","Sector Ministry","Sector Ministry","Sector Ministry","Sector Ministry","Sector Ministry","Sector Ministry","-","-","-","-","-"
"Mozambique","ICT Regulator responsible for e-Applications","-","-","-","-","-","-","No","-","-","-","-","-"
"Mozambique","Regulatory framework for e-Applications","-","-","-","-","-","-","-","-","-","-","-","-"
"Mozambique","Other entity responsible for e-Applications","-","-","-","-","-","-","-","-","-","-","-","-"
"Myanmar","ICT Regulator responsible for e-Applications","-","Yes","-","Yes","No","No","No","-","-","-","-","-"
"Myanmar","Regulatory framework for e-Applications","-","Yes","-","No","No","No","No","No","No","-","-","-"
"Myanmar","Other entity responsible for e-Applications","-","-","-","-","-","-","-","-","-","-","-","-"
"Namibia","ICT Regulator responsible for e-Applications","No","No","No","-","No","No","No","-","-","-","-","-"
"Namibia","Regulatory framework for e-Applications","No","No","No","-","No","No","No","No","-","-","No","-"
"Namibia","Other entity responsible for e-Applications","Sector Ministry","Sector Ministry","Sector Ministry","-","-","-","-","-","-","-","-","-"
"Nauru","ICT Regulator responsible for e-Applications","-","-","-","-","-","-","-","-","-","-","-","-"
"Nauru","Regulatory framework for e-Applications","-","No","-","-","-","-","-","-","-","-","-","-"
"Nauru","Other entity responsible for e-Applications","-","-","-","-","-","-","-","-","-","-","-","-"
"Nepal (Republic of)","ICT Regulator responsible for e-Applications","No","-","-","-","-","-","-","-","-","-","-","-"
"Nepal (Republic of)","Regulatory framework for e-Applications","No","-","-","-","-","-","-","-","-","-","-","-"
"Nepal (Republic of)","Other entity responsible for e-Applications","Sector Ministry","-","-","-","-","-","-","-","-","-","-","-"
"Netherlands","ICT Regulator responsible for e-Applications","-","-","-","-","No","No","-","-","-","-","-","-"
"Netherlands","Regulatory framework for e-Applications","-","-","-","-","Yes","Yes","-","-","-","-","-","-"
"Netherlands","Other entity responsible for e-Applications","-","-","-","-","-","-","-","-","-","-","-","-"
"New Zealand","ICT Regulator responsible for e-Applications","-","-","-","-","No","No","No","-","-","-","-","-"
"New Zealand","Regulatory framework for e-Applications","-","-","-","-","-","No","No","No","No","-","No","-"
"New Zealand","Other entity responsible for e-Applications","-","-","-","-","-","-","-","-","-","-","-","-"
"Nicaragua","ICT Regulator responsible for e-Applications","No","No","-","-","-","-","No","-","-","-","-","-"
"Nicaragua","Regulatory framework for e-Applications","No","No","-","-","-","No","No","No","No","-","No","-"
"Nicaragua","Other entity responsible for e-Applications","-","-","-","-","-","-","-","-","-","-","-","-"
"Niger","ICT Regulator responsible for e-Applications","-","-","-","-","No","No","No","-","-","-","-","-"
"Niger","Regulatory framework for e-Applications","-","-","-","-","No","No","Yes","Yes","-","-","-","-"
"Niger","Other entity responsible for e-Applications","-","-","-","-","-","-","-","-","-","-","-","-"
"Nigeria","ICT Regulator responsible for e-Applications","-","-","-","-","-","Yes","Yes","-","-","-","-","-"
"Nigeria","Regulatory framework for e-Applications","-","-","-","-","-","Yes","Yes","Yes","-","-","-","-"
"Nigeria","Other entity responsible for e-Applications","-","-","-","-","-","Specialized agency","-","-","-","-","-","-"
"North Macedonia","ICT Regulator responsible for e-Applications","-","No","No","No","No","No","No","-","-","-","-","-"
"North Macedonia","Regulatory framework for e-Applications","-","No","No","No","No","No","No","No","No","-","-","-"
"North Macedonia","Other entity responsible for e-Applications","-","Sector Ministry","Sector Ministry","-","-","-","-","-","-","-","-","-"
"Norway","ICT Regulator responsible for e-Applications","No","No","-","-","No","No","-","-","-","-","-","-"
"Norway","Regulatory framework for e-Applications","Yes","Yes","-","-","Yes","Yes","-","-","-","-","-","-"
"Norway","Other entity responsible for e-Applications","Sector Ministry, Other Ministry","Sector Ministry, Other Ministry","-","-","-","-","-","-","-","-","-","-"
"Oman","ICT Regulator responsible for e-Applications","No","No","-","No","No","No","No","-","-","-","-","-"
"Oman","Regulatory framework for e-Applications","Yes","Yes","-","Yes","Yes","Yes","Yes","Yes","Yes","-","Yes","-"
"Oman","Other entity responsible for e-Applications","Specialized agency","Specialized agency","-","Specialized agency","-","-","-","-","-","-","-","-"
"Pakistan","ICT Regulator responsible for e-Applications","No","No","No","No","No","No","No","-","-","-","-","-"
"Pakistan","Regulatory framework for e-Applications","Yes","Yes","Yes","Yes","Yes","Yes","Yes","Yes","Yes","-","Yes","-"
"Pakistan","Other entity responsible for e-Applications","Specialized agency, Sector Ministry","Sector Ministry, Specialized agency","Sector Ministry, Specialized agency, Other","Sector Ministry, Specialized agency, Other","-","-","Specialized agency, Sector Ministry, Other","-","-","-","-","-"
"Panama","ICT Regulator responsible for e-Applications","No","-","No","No","-","-","No","-","-","-","-","-"
"Panama","Regulatory framework for e-Applications","-","-","No","No","-","-","No","No","No","-","Yes","-"
"Panama","Other entity responsible for e-Applications","-","-","Other","-","-","-","-","-","-","-","-","-"
"Papua New Guinea","ICT Regulator responsible for e-Applications","-","-","-","-","No","Yes","-","-","-","-","-","-"
"Papua New Guinea","Regulatory framework for e-Applications","-","-","-","-","No","No","-","-","-","-","-","-"
"Papua New Guinea","Other entity responsible for e-Applications","-","-","-","-","-","-","-","-","-","-","-","-"
"Paraguay","ICT Regulator responsible for e-Applications","-","-","-","-","No","No","No","-","-","-","-","-"
"Paraguay","Regulatory framework for e-Applications","-","-","-","-","Yes","Yes","Yes","Yes","-","-","-","-"
"Paraguay","Other entity responsible for e-Applications","-","-","-","-","-","-","-","-","-","-","-","-"
"Peru","ICT Regulator responsible for e-Applications","No","-","-","-","-","No","No","-","-","-","-","-"
"Peru","Regulatory framework for e-Applications","-","-","-","-","-","Yes","Yes","Yes","Yes","-","Yes","-"
"Peru","Other entity responsible for e-Applications","-","-","-","-","-","-","-","-","-","-","-","-"
"Philippines","ICT Regulator responsible for e-Applications","-","-","-","-","No","No","No","-","-","-","-","-"
"Philippines","Regulatory framework for e-Applications","-","-","-","-","-","-","-","-","-","-","-","-"
"Philippines","Other entity responsible for e-Applications","-","-","-","-","-","-","-","-","-","-","-","-"
"Poland","ICT Regulator responsible for e-Applications","-","No","-","No","No","No","No","-","-","-","-","-"
"Poland","Regulatory framework for e-Applications","-","No","-","-","-","-","-","-","-","-","No","-"
"Poland","Other entity responsible for e-Applications","-","Sector Ministry","-","-","-","-","-","-","-","-","-","-"
"Portugal","ICT Regulator responsible for e-Applications","-","-","Yes","Yes","Yes","Yes","Yes","-","-","-","-","-"
"Portugal","Regulatory framework for e-Applications","-","-","-","-","-","-","-","-","-","-","-","-"
"Portugal","Other entity responsible for e-Applications","-","-","-","-","-","-","-","-","-","-","-","-"
"Qatar","ICT Regulator responsible for e-Applications","No","No","-","-","No","No","No","-","-","-","-","-"
"Qatar","Regulatory framework for e-Applications","Yes","Yes","-","-","Yes","Yes","Yes","Yes","Yes","-","Yes","-"
"Qatar","Other entity responsible for e-Applications","-","-","-","-","-","-","-","-","-","-","-","-"
"Romania","ICT Regulator responsible for e-Applications","-","-","No","-","-","-","No","-","-","-","-","-"
"Romania","Regulatory framework for e-Applications","-","-","Yes","-","-","-","-","-","-","-","Yes","-"
"Romania","Other entity responsible for e-Applications","-","-","Sector Ministry","-","-","-","-","-","-","-","-","-"
"Russian Federation","ICT Regulator responsible for e-Applications","-","-","-","Yes","Yes","Yes","Yes","-","-","-","-","-"
"Russian Federation","Regulatory framework for e-Applications","-","-","-","Yes","Yes","Yes","Yes","Yes","Yes","-","Yes","-"
"Russian Federation","Other entity responsible for e-Applications","-","-","-","-","-","-","-","-","-","-","-","-"
"Rwanda","ICT Regulator responsible for e-Applications","-","-","Yes","Yes","-","Yes","Yes","-","-","-","-","-"
"Rwanda","Regulatory framework for e-Applications","-","-","No","Yes","-","Yes","Yes","Yes","Yes","-","Yes","-"
"Rwanda","Other entity responsible for e-Applications","-","-","-","-","-","-","-","-","-","-","-","-"
"Saint Lucia","ICT Regulator responsible for e-Applications","No","-","No","-","-","-","-","-","-","-","-","-"
"Saint Lucia","Regulatory framework for e-Applications","No","-","Yes","-","-","-","-","-","-","-","-","-"
"Saint Lucia","Other entity responsible for e-Applications","Other","-","Sector Ministry","-","-","-","-","-","-","-","-","-"
"Saint Vincent and the Grenadines","ICT Regulator responsible for e-Applications","No","No","No","-","-","-","No","-","-","-","-","-"
"Saint Vincent and the Grenadines","Regulatory framework for e-Applications","No","No","No","-","-","-","-","-","-","-","No","-"
"Saint Vincent and the Grenadines","Other entity responsible for e-Applications","Sector Ministry","Sector Ministry","Sector Ministry","-","-","-","-","-","-","-","-","-"
"Samoa","ICT Regulator responsible for e-Applications","-","-","-","-","No","Yes","Yes","-","-","-","-","-"
"Samoa","Regulatory framework for e-Applications","-","-","-","-","Yes","Yes","Yes","Yes","Yes","-","-","-"
"Samoa","Other entity responsible for e-Applications","-","-","-","-","-","Sector Ministry","-","-","-","-","-","-"
"Sao Tome and Principe","ICT Regulator responsible for e-Applications","-","-","-","-","No","No","No","-","-","-","-","-"
"Sao Tome and Principe","Regulatory framework for e-Applications","-","-","-","-","No","No","No","No","No","-","-","-"
"Sao Tome and Principe","Other entity responsible for e-Applications","-","-","-","-","-","-","-","-","-","-","-","-"
"Saudi Arabia","ICT Regulator responsible for e-Applications","Yes","Yes","Yes","Yes","Yes","Yes","Yes","-","-","-","-","-"
"Saudi Arabia","Regulatory framework for e-Applications","Yes","Yes","Yes","Yes","Yes","Yes","Yes","Yes","Yes","-","Yes","-"
"Saudi Arabia","Other entity responsible for e-Applications","Other Ministry","Other Ministry","Other Ministry","-","-","-","-","-","-","-","-","-"
"Senegal","ICT Regulator responsible for e-Applications","No","No","-","-","-","-","No","-","-","-","-","-"
"Senegal","Regulatory framework for e-Applications","No","No","-","-","-","-","-","-","-","-","-","-"
"Senegal","Other entity responsible for e-Applications","Sector Ministry","Sector Ministry","-","-","-","-","-","-","-","-","-","-"
"Serbia","ICT Regulator responsible for e-Applications","No","No","No","No","No","No","No","-","-","-","-","-"
"Serbia","Regulatory framework for e-Applications","Yes","Yes","Yes","Yes","Yes","Yes","Yes","Yes","-","-","-","-"
"Serbia","Other entity responsible for e-Applications","Sector Ministry","Sector Ministry","Sector Ministry","Sector Ministry","Sector Ministry","-","-","-","-","-","-","-"
"Seychelles","ICT Regulator responsible for e-Applications","-","-","-","-","-","-","-","-","-","-","-","-"
"Seychelles","Regulatory framework for e-Applications","-","-","-","-","-","-","-","-","-","-","No","-"
"Seychelles","Other entity responsible for e-Applications","-","-","-","-","-","-","-","-","-","-","-","-"
"Sierra Leone","ICT Regulator responsible for e-Applications","-","-","-","-","No","No","-","-","-","-","-","-"
"Sierra Leone","Regulatory framework for e-Applications","-","-","-","-","No","No","-","-","No","-","-","-"
"Sierra Leone","Other entity responsible for e-Applications","-","-","-","-","Sector Ministry","Sector Ministry","-","-","-","-","-","-"
"Singapore","ICT Regulator responsible for e-Applications","Yes","Yes","Yes","-","Yes","Yes","Yes","-","-","-","-","-"
"Singapore","Regulatory framework for e-Applications","No","No","Yes","-","Yes","Yes","Yes","Yes","Yes","-","-","-"
"Singapore","Other entity responsible for e-Applications","-","-","-","-","-","-","-","-","-","-","-","-"
"Slovakia","ICT Regulator responsible for e-Applications","No","No","No","No","No","No","No","-","-","-","-","-"
"Slovakia","Regulatory framework for e-Applications","No","No","Yes","Yes","Yes","Yes","Yes","Yes","Yes","-","-","-"
"Slovakia","Other entity responsible for e-Applications","Other","Other","Other","Other","Other","Other","Other","-","-","-","-","-"
"Slovenia","ICT Regulator responsible for e-Applications","No","No","No","No","No","Yes","Yes","-","-","-","-","-"
"Slovenia","Regulatory framework for e-Applications","Yes","Yes","Yes","Yes","Yes","Yes","Yes","Yes","Yes","-","Yes","-"
"Slovenia","Other entity responsible for e-Applications","Other","Other","Other","Other","Other","Other","Other","-","-","-","-","-"
"Solomon Islands","ICT Regulator responsible for e-Applications","-","-","-","-","-","Yes","-","-","-","-","-","-"
"Solomon Islands","Regulatory framework for e-Applications","-","-","-","-","-","Yes","-","-","-","-","-","-"
"Solomon Islands","Other entity responsible for e-Applications","-","-","-","-","-","-","-","-","-","-","-","-"
"Somalia","ICT Regulator responsible for e-Applications","-","Yes","-","-","Yes","Yes","-","-","-","-","-","-"
"Somalia","Regulatory framework for e-Applications","-","No","-","-","Yes","Yes","-","-","-","-","-","-"
"Somalia","Other entity responsible for e-Applications","-","-","-","-","-","-","-","-","-","-","-","-"
"South Africa","ICT Regulator responsible for e-Applications","-","No","No","No","No","No","No","-","-","-","-","-"
"South Africa","Regulatory framework for e-Applications","-","-","-","-","No","No","No","No","Yes","-","Yes","-"
"South Africa","Other entity responsible for e-Applications","-","Sector Ministry, Other Ministry","Sector Ministry, Other Ministry","Sector Ministry, Other Ministry","-","-","-","-","-","-","-","-"
"South Sudan","ICT Regulator responsible for e-Applications","-","-","-","-","Yes","Yes","-","-","-","-","-","-"
"South Sudan","Regulatory framework for e-Applications","-","-","-","-","Yes","Yes","-","-","-","-","-","-"
"South Sudan","Other entity responsible for e-Applications","-","-","-","-","-","-","-","-","-","-","-","-"
"Spain","ICT Regulator responsible for e-Applications","No","No","No","No","No","No","No","-","-","-","-","-"
"Spain","Regulatory framework for e-Applications","Yes","Yes","Yes","Yes","Yes","Yes","Yes","Yes","Yes","-","-","-"
"Spain","Other entity responsible for e-Applications","Sector Ministry","Sector Ministry","Sector Ministry","Sector Ministry","Sector Ministry","Sector Ministry","Sector Ministry","-","-","-","-","-"
"Sri Lanka","ICT Regulator responsible for e-Applications","-","-","-","-","-","Yes","Yes","-","-","-","-","-"
"Sri Lanka","Regulatory framework for e-Applications","-","-","-","-","-","Yes","Yes","Yes","Yes","-","-","-"
"Sri Lanka","Other entity responsible for e-Applications","-","-","-","-","-","Specialized agency, Sector Ministry","-","-","-","-","-","-"
"State of Palestine","ICT Regulator responsible for e-Applications","-","-","-","-","Yes","Yes","Yes","-","-","-","-","-"
"State of Palestine","Regulatory framework for e-Applications","-","-","-","-","Yes","Yes","Yes","Yes","-","-","-","-"
"State of Palestine","Other entity responsible for e-Applications","-","-","-","-","-","-","-","-","-","-","-","-"
"Sudan","ICT Regulator responsible for e-Applications","-","Yes","Yes","Yes","Yes","Yes","-","-","-","-","-","-"
"Sudan","Regulatory framework for e-Applications","Yes","Yes","Yes","Yes","Yes","Yes","-","-","Yes","-","Yes","-"
"Sudan","Other entity responsible for e-Applications","-","-","-","-","-","-","-","-","-","-","-","-"
"Suriname","ICT Regulator responsible for e-Applications","No","No","-","No","No","No","No","-","-","-","-","-"
"Suriname","Regulatory framework for e-Applications","No","No","-","No","No","No","No","No","No","-","No","-"
"Suriname","Other entity responsible for e-Applications","-","-","-","-","-","-","-","-","-","-","-","-"
"Sweden","ICT Regulator responsible for e-Applications","Yes","-","No","-","-","No","No","-","-","-","-","-"
"Sweden","Regulatory framework for e-Applications","Yes","-","-","-","-","-","-","-","-","-","-","-"
"Sweden","Other entity responsible for e-Applications","-","-","-","-","-","-","-","-","-","-","-","-"
"Switzerland","ICT Regulator responsible for e-Applications","Yes","Yes","Yes","Yes","Yes","Yes","Yes","-","-","-","-","-"
"Switzerland","Regulatory framework for e-Applications","-","Yes","Yes","Yes","Yes","Yes","Yes","Yes","Yes","-","Yes","-"
"Switzerland","Other entity responsible for e-Applications","-","-","-","-","-","-","-","-","-","-","-","-"
"Syrian Arab Republic","ICT Regulator responsible for e-Applications","No","No","-","-","No","No","No","-","-","-","-","-"
"Syrian Arab Republic","Regulatory framework for e-Applications","No","Yes","-","-","No","No","No","No","Yes","-","-","-"
"Syrian Arab Republic","Other entity responsible for e-Applications","Sector Ministry","Sector Ministry","-","-","-","-","-","-","-","-","-","-"
"Tanzania","ICT Regulator responsible for e-Applications","Yes","Yes","-","-","-","No","No","-","-","-","-","-"
"Tanzania","Regulatory framework for e-Applications","Yes","Yes","-","-","-","-","-","-","-","-","Yes","-"
"Tanzania","Other entity responsible for e-Applications","-","-","-","-","-","-","-","-","-","-","-","-"
"Thailand","ICT Regulator responsible for e-Applications","-","-","-","-","-","No","No","-","-","-","-","-"
"Thailand","Regulatory framework for e-Applications","-","-","-","-","-","No","No","No","No","-","Yes","-"
"Thailand","Other entity responsible for e-Applications","-","-","-","-","-","-","-","-","-","-","-","-"
"Timor-Leste","ICT Regulator responsible for e-Applications","-","-","-","-","-","-","Yes","-","-","-","-","-"
"Timor-Leste","Regulatory framework for e-Applications","-","-","-","-","-","-","-","-","-","-","-","-"
"Timor-Leste","Other entity responsible for e-Applications","-","-","-","-","-","-","-","-","-","-","-","-"
"Togo","ICT Regulator responsible for e-Applications","-","-","Yes","Yes","Yes","Yes","Yes","-","-","-","-","-"
"Togo","Regulatory framework for e-Applications","-","-","Yes","Yes","Yes","Yes","Yes","Yes","-","-","-","-"
"Togo","Other entity responsible for e-Applications","-","-","-","-","-","Sector Ministry, Other Ministry","Sector Ministry, Other Ministry","-","-","-","-","-"
"Tonga","ICT Regulator responsible for e-Applications","-","-","-","-","Yes","-","-","-","-","-","-","-"
"Tonga","Regulatory framework for e-Applications","-","-","-","-","No","-","-","-","-","-","No","-"
"Tonga","Other entity responsible for e-Applications","-","-","-","-","Sector Ministry","-","-","-","-","-","-","-"
"Trinidad and Tobago","ICT Regulator responsible for e-Applications","No","No","No","No","-","-","-","-","-","-","-","-"
"Trinidad and Tobago","Regulatory framework for e-Applications","Yes","Yes","No","No","-","-","-","-","No","-","No","-"
"Trinidad and Tobago","Other entity responsible for e-Applications","Sector Ministry","Sector Ministry","Other","Other","-","-","-","-","-","-","-","-"
"Tunisia","ICT Regulator responsible for e-Applications","-","-","No","No","No","No","No","-","-","-","-","-"
"Tunisia","Regulatory framework for e-Applications","-","-","-","-","-","Yes","Yes","Yes","Yes","-","-","-"
"Tunisia","Other entity responsible for e-Applications","-","-","Specialized agency","Specialized agency","Specialized agency","Specialized agency","Specialized agency","-","-","-","-","-"
"Türkiye","ICT Regulator responsible for e-Applications","-","No","No","No","No","No","No","-","-","-","-","-"
"Türkiye","Regulatory framework for e-Applications","-","-","-","-","-","Yes","Yes","Yes","-","-","No","-"
"Türkiye","Other entity responsible for e-Applications","-","-","-","-","-","-","Other","-","-","-","-","-"
"Ukraine","ICT Regulator responsible for e-Applications","-","-","-","-","No","No","No","-","-","-","-","-"
"Ukraine","Regulatory framework for e-Applications","-","-","-","-","-","Yes","Yes","Yes","-","-","-","-"
"Ukraine","Other entity responsible for e-Applications","-","-","-","-","-","-","-","-","-","-","-","-"
"United Arab Emirates","ICT Regulator responsible for e-Applications","Yes","Yes","Yes","Yes","Yes","Yes","Yes","-","-","-","-","-"
"United Arab Emirates","Regulatory framework for e-Applications","Yes","Yes","Yes","Yes","Yes","Yes","Yes","Yes","Yes","-","Yes","-"
"United Arab Emirates","Other entity responsible for e-Applications","-","-","-","-","-","-","-","-","-","-","-","-"
"United Kingdom","ICT Regulator responsible for e-Applications","No","-","-","-","-","No","-","-","-","-","-","-"
"United Kingdom","Regulatory framework for e-Applications","-","-","-","-","-","-","-","-","-","-","Yes","-"
"United Kingdom","Other entity responsible for e-Applications","-","-","-","-","-","-","-","-","-","-","-","-"
"United States","ICT Regulator responsible for e-Applications","Yes","Yes","Yes","Yes","Yes","Yes","Yes","-","-","-","-","-"
"United States","Regulatory framework for e-Applications","-","-","-","-","-","-","-","-","-","-","-","-"
"United States","Other entity responsible for e-Applications","-","-","-","-","-","-","-","-","-","-","-","-"
"Uruguay","ICT Regulator responsible for e-Applications","-","No","-","-","-","-","No","-","-","-","-","-"
"Uruguay","Regulatory framework for e-Applications","-","No","-","-","-","-","-","-","No","-","Yes","-"
"Uruguay","Other entity responsible for e-Applications","-","-","-","-","-","-","-","-","-","-","-","-"
"Uzbekistan","ICT Regulator responsible for e-Applications","-","-","-","-","-","-","-","-","-","-","-","-"
"Uzbekistan","Regulatory framework for e-Applications","-","-","-","-","-","-","-","-","No","-","Yes","-"
"Uzbekistan","Other entity responsible for e-Applications","-","-","-","-","-","-","-","-","-","-","-","-"
"Vanuatu","ICT Regulator responsible for e-Applications","No","No","-","-","No","No","No","-","-","-","-","-"
"Vanuatu","Regulatory framework for e-Applications","Yes","Yes","-","-","No","No","No","No","No","-","-","-"
"Vanuatu","Other entity responsible for e-Applications","Sector Ministry","Sector Ministry","-","-","-","-","-","-","-","-","-","-"
"Vatican","ICT Regulator responsible for e-Applications","Yes","-","-","-","-","-","-","-","-","-","-","-"
"Vatican","Regulatory framework for e-Applications","No","-","-","-","-","-","-","-","-","-","-","-"
"Vatican","Other entity responsible for e-Applications","-","-","-","-","-","-","-","-","-","-","-","-"
"Venezuela","ICT Regulator responsible for e-Applications","-","No","-","-","-","-","-","-","-","-","-","-"
"Venezuela","Regulatory framework for e-Applications","-","No","-","-","-","-","-","-","No","-","-","-"
"Venezuela","Other entity responsible for e-Applications","-","Other Ministry","-","-","-","-","-","-","-","-","-","-"
"Viet Nam","ICT Regulator responsible for e-Applications","-","Yes","-","-","Yes","Yes","Yes","-","-","-","-","-"
"Viet Nam","Regulatory framework for e-Applications","-","No","-","-","Yes","Yes","Yes","Yes","-","-","-","-"
"Viet Nam","Other entity responsible for e-Applications","-","-","-","-","-","-","-","-","-","-","-","-"
"Zambia","ICT Regulator responsible for e-Applications","-","Yes","Yes","Yes","Yes","Yes","Yes","-","-","-","-","-"
"Zambia","Regulatory framework for e-Applications","-","No","No","No","No","Yes","Yes","Yes","Yes","-","Yes","-"
"Zambia","Other entity responsible for e-Applications","-","-","-","-","-","-","-","-","-","-","-","-"
"Zimbabwe","ICT Regulator responsible for e-Applications","Yes","-","-","-","-","Yes","Yes","-","-","-","-","-"
"Zimbabwe","Regulatory framework for e-Applications","No","-","-","-","-","No","No","No","No","-","-","-"
"Zimbabwe","Other entity responsible for e-Applications","-","-","-","-","-","-","-","-","-","-","-","-"